title,time_per_workout,week,day,number_of_exercises,exercise_name,sets,reps_display
"6.0 weeks for ['Bodybuilding', 'Powerbuilding', 'Muscle & Sculpting']",100,1,1,6,Incline Bench Press (Barbell),2,6
"6.0 weeks for ['Bodybuilding', 'Powerbuilding', 'Muscle & Sculpting']",100,1,1,6,Pec Deck (Machine),2,6
"6.0 weeks for ['Bodybuilding', 'Powerbuilding', 'Muscle & Sculpting']",100,1,1,6,Dip (Bodyweight),2,6
"6.0 weeks for ['Bodybuilding', 'Powerbuilding', 'Muscle & Sculpting']",100,1,1,6,Push Up,2,6
"6.0 weeks for ['Bodybuilding', 'Powerbuilding', 'Muscle & Sculpting']",100,1,1,6,Lateral Raise (Dumbbell),2,6
"6.0 weeks for ['Bodybuilding', 'Powerbuilding', 'Muscle & Sculpting']",100,1,1,6,Bicep Curl (Cable),2,6
"6.0 weeks for ['Bodybuilding', 'Powerbuilding', 'Muscle & Sculpting']",100,1,2,4,Leg Press,2,6
"6.0 weeks for ['Bodybuilding', 'Powerbuilding', 'Muscle & Sculpting']",100,1,2,4,Bulgarian Split Squat (Dumbbell),2,6
"6.0 weeks for ['Bodybuilding', 'Powerbuilding', 'Muscle & Sculpting']",100,1,2,4,Hamstring Curl,3,6
"6.0 weeks for ['Bodybuilding', 'Powerbuilding', 'Muscle & Sculpting']",100,1,2,4,Hip Adductor (Machine),2,6
"6.0 weeks for ['Bodybuilding', 'Powerbuilding', 'Muscle & Sculpting']",100,1,3,6,Chest Supported Row (Machine),2,6
"6.0 weeks for ['Bodybuilding', 'Powerbuilding', 'Muscle & Sculpting']",100,1,3,6,Single Arm Row (Cable),2,6
"6.0 weeks for ['Bodybuilding', 'Powerbuilding', 'Muscle & Sculpting']",100,1,3,6,Lat Pulldown,2,6
"6.0 weeks for ['Bodybuilding', 'Powerbuilding', 'Muscle & Sculpting']",100,1,3,6,Shrug (Barbell),2,6
"6.0 weeks for ['Bodybuilding', 'Powerbuilding', 'Muscle & Sculpting']",100,1,3,6,Hammer Curl (Dumbbell),3,6
"6.0 weeks for ['Bodybuilding', 'Powerbuilding', 'Muscle & Sculpting']",100,1,3,6,Lateral Raise (Dumbbell),2,6
"6.0 weeks for ['Bodybuilding', 'Powerbuilding', 'Muscle & Sculpting']",100,1,4,6,Seated Shoulder Press (Dumbbell),2,6
"6.0 weeks for ['Bodybuilding', 'Powerbuilding', 'Muscle & Sculpting']",100,1,4,6,Tempo Bench Press,2,6
"6.0 weeks for ['Bodybuilding', 'Powerbuilding', 'Muscle & Sculpting']",100,1,4,6,Overhead Tricep Extension (Cable),2,6
"6.0 weeks for ['Bodybuilding', 'Powerbuilding', 'Muscle & Sculpting']",100,1,4,6,Lateral Raise (Dumbbell),2,6
"6.0 weeks for ['Bodybuilding', 'Powerbuilding', 'Muscle & Sculpting']",100,1,4,6,Front Raise,1,6
"6.0 weeks for ['Bodybuilding', 'Powerbuilding', 'Muscle & Sculpting']",100,1,4,6,Bicep Curl (Cable),2,6
"6.0 weeks for ['Bodybuilding', 'Powerbuilding', 'Muscle & Sculpting']",100,1,5,4,Squat (Barbell),2,6
"6.0 weeks for ['Bodybuilding', 'Powerbuilding', 'Muscle & Sculpting']",100,1,5,4,Single Leg Press,2,6
"6.0 weeks for ['Bodybuilding', 'Powerbuilding', 'Muscle & Sculpting']",100,1,5,4,Romanian Deadlift (Barbell),2,6
"6.0 weeks for ['Bodybuilding', 'Powerbuilding', 'Muscle & Sculpting']",100,1,5,4,Sumo Deadlift (Paused),2,6
"6.0 weeks for ['Bodybuilding', 'Powerbuilding', 'Muscle & Sculpting']",100,1,6,5,Lat Pulldown,2,6
"6.0 weeks for ['Bodybuilding', 'Powerbuilding', 'Muscle & Sculpting']",100,1,6,5,Underhand Lat Pulldown,2,6
"6.0 weeks for ['Bodybuilding', 'Powerbuilding', 'Muscle & Sculpting']",100,1,6,5,Easy Curl Bent-Over Row,3,6
"6.0 weeks for ['Bodybuilding', 'Powerbuilding', 'Muscle & Sculpting']",100,1,6,5,Hammer Curl (Dumbbell),3,6
"6.0 weeks for ['Bodybuilding', 'Powerbuilding', 'Muscle & Sculpting']",100,1,6,5,Lateral Raise (Dumbbell),2,6
"6.0 weeks for ['Bodybuilding', 'Powerbuilding', 'Muscle & Sculpting']",100,2,1,6,Incline Bench Press (Barbell),2,6
"6.0 weeks for ['Bodybuilding', 'Powerbuilding', 'Muscle & Sculpting']",100,2,1,6,Pec Deck (Machine),2,6
"6.0 weeks for ['Bodybuilding', 'Powerbuilding', 'Muscle & Sculpting']",100,2,1,6,Dip (Bodyweight),2,6
"6.0 weeks for ['Bodybuilding', 'Powerbuilding', 'Muscle & Sculpting']",100,2,1,6,Push Up,2,10
"6.0 weeks for ['Bodybuilding', 'Powerbuilding', 'Muscle & Sculpting']",100,2,1,6,Lateral Raise (Dumbbell),2,10
"6.0 weeks for ['Bodybuilding', 'Powerbuilding', 'Muscle & Sculpting']",100,2,1,6,Bicep Curl (Cable),2,10
"6.0 weeks for ['Bodybuilding', 'Powerbuilding', 'Muscle & Sculpting']",100,2,2,4,Leg Press,2,10
"6.0 weeks for ['Bodybuilding', 'Powerbuilding', 'Muscle & Sculpting']",100,2,2,4,Bulgarian Split Squat (Dumbbell),2,10
"6.0 weeks for ['Bodybuilding', 'Powerbuilding', 'Muscle & Sculpting']",100,2,2,4,Hamstring Curl,3,10
"6.0 weeks for ['Bodybuilding', 'Powerbuilding', 'Muscle & Sculpting']",100,2,2,4,Hip Adductor (Machine),2,10
"6.0 weeks for ['Bodybuilding', 'Powerbuilding', 'Muscle & Sculpting']",100,2,3,6,Chest Supported Row (Machine),2,10
"6.0 weeks for ['Bodybuilding', 'Powerbuilding', 'Muscle & Sculpting']",100,2,3,6,Single Arm Row (Cable),2,10
"6.0 weeks for ['Bodybuilding', 'Powerbuilding', 'Muscle & Sculpting']",100,2,3,6,Lat Pulldown,2,10
"6.0 weeks for ['Bodybuilding', 'Powerbuilding', 'Muscle & Sculpting']",100,2,3,6,Shrug (Barbell),2,12
"6.0 weeks for ['Bodybuilding', 'Powerbuilding', 'Muscle & Sculpting']",100,2,3,6,Hammer Curl (Dumbbell),3,10
"6.0 weeks for ['Bodybuilding', 'Powerbuilding', 'Muscle & Sculpting']",100,2,3,6,Lateral Raise (Dumbbell),2,10
"6.0 weeks for ['Bodybuilding', 'Powerbuilding', 'Muscle & Sculpting']",100,2,4,6,Seated Shoulder Press (Dumbbell),2,10
"6.0 weeks for ['Bodybuilding', 'Powerbuilding', 'Muscle & Sculpting']",100,2,4,6,Tempo Bench Press,2,10
"6.0 weeks for ['Bodybuilding', 'Powerbuilding', 'Muscle & Sculpting']",100,2,4,6,Overhead Tricep Extension (Cable),2,10
"6.0 weeks for ['Bodybuilding', 'Powerbuilding', 'Muscle & Sculpting']",100,2,4,6,Lateral Raise (Dumbbell),2,10
"6.0 weeks for ['Bodybuilding', 'Powerbuilding', 'Muscle & Sculpting']",100,2,4,6,Front Raise,1,10
"6.0 weeks for ['Bodybuilding', 'Powerbuilding', 'Muscle & Sculpting']",100,2,4,6,Bicep Curl (Cable),2,10
"6.0 weeks for ['Bodybuilding', 'Powerbuilding', 'Muscle & Sculpting']",100,2,5,4,Squat (Barbell),2,10
"6.0 weeks for ['Bodybuilding', 'Powerbuilding', 'Muscle & Sculpting']",100,2,5,4,Single Leg Press,2,10
"6.0 weeks for ['Bodybuilding', 'Powerbuilding', 'Muscle & Sculpting']",100,2,5,4,Romanian Deadlift (Barbell),2,10
"6.0 weeks for ['Bodybuilding', 'Powerbuilding', 'Muscle & Sculpting']",100,2,5,4,Sumo Deadlift (Paused),2,12
"6.0 weeks for ['Bodybuilding', 'Powerbuilding', 'Muscle & Sculpting']",100,2,6,5,Lat Pulldown,2,10
"6.0 weeks for ['Bodybuilding', 'Powerbuilding', 'Muscle & Sculpting']",100,2,6,5,Underhand Lat Pulldown,2,10
"6.0 weeks for ['Bodybuilding', 'Powerbuilding', 'Muscle & Sculpting']",100,2,6,5,Easy Curl Bent-Over Row,3,10
"6.0 weeks for ['Bodybuilding', 'Powerbuilding', 'Muscle & Sculpting']",100,2,6,5,Hammer Curl (Dumbbell),3,10
"6.0 weeks for ['Bodybuilding', 'Powerbuilding', 'Muscle & Sculpting']",100,2,6,5,Lateral Raise (Dumbbell),2,10
"6.0 weeks for ['Bodybuilding', 'Powerbuilding', 'Muscle & Sculpting']",100,3,1,6,Incline Bench Press (Barbell),2,10
"6.0 weeks for ['Bodybuilding', 'Powerbuilding', 'Muscle & Sculpting']",100,3,1,6,Pec Deck (Machine),2,10
"6.0 weeks for ['Bodybuilding', 'Powerbuilding', 'Muscle & Sculpting']",100,3,1,6,Dip (Bodyweight),2,10
"6.0 weeks for ['Bodybuilding', 'Powerbuilding', 'Muscle & Sculpting']",100,3,1,6,Push Up,2,10
"6.0 weeks for ['Bodybuilding', 'Powerbuilding', 'Muscle & Sculpting']",100,3,1,6,Lateral Raise (Dumbbell),2,10
"6.0 weeks for ['Bodybuilding', 'Powerbuilding', 'Muscle & Sculpting']",100,3,1,6,Bicep Curl (Cable),2,10
"6.0 weeks for ['Bodybuilding', 'Powerbuilding', 'Muscle & Sculpting']",100,3,2,4,Leg Press,2,12
"6.0 weeks for ['Bodybuilding', 'Powerbuilding', 'Muscle & Sculpting']",100,3,2,4,Bulgarian Split Squat (Dumbbell),2,10
"6.0 weeks for ['Bodybuilding', 'Powerbuilding', 'Muscle & Sculpting']",100,3,2,4,Hamstring Curl,3,10
"6.0 weeks for ['Bodybuilding', 'Powerbuilding', 'Muscle & Sculpting']",100,3,2,4,Hip Adductor (Machine),2,10
"6.0 weeks for ['Bodybuilding', 'Powerbuilding', 'Muscle & Sculpting']",100,3,3,6,Chest Supported Row (Machine),2,10
"6.0 weeks for ['Bodybuilding', 'Powerbuilding', 'Muscle & Sculpting']",100,3,3,6,Single Arm Row (Cable),2,10
"6.0 weeks for ['Bodybuilding', 'Powerbuilding', 'Muscle & Sculpting']",100,3,3,6,Lat Pulldown,2,10
"6.0 weeks for ['Bodybuilding', 'Powerbuilding', 'Muscle & Sculpting']",100,3,3,6,Shrug (Barbell),2,10
"6.0 weeks for ['Bodybuilding', 'Powerbuilding', 'Muscle & Sculpting']",100,3,3,6,Hammer Curl (Dumbbell),3,10
"6.0 weeks for ['Bodybuilding', 'Powerbuilding', 'Muscle & Sculpting']",100,3,3,6,Lateral Raise (Dumbbell),2,10
"6.0 weeks for ['Bodybuilding', 'Powerbuilding', 'Muscle & Sculpting']",100,3,4,6,Seated Shoulder Press (Dumbbell),2,10
"6.0 weeks for ['Bodybuilding', 'Powerbuilding', 'Muscle & Sculpting']",100,3,4,6,Tempo Bench Press,2,10
"6.0 weeks for ['Bodybuilding', 'Powerbuilding', 'Muscle & Sculpting']",100,3,4,6,Overhead Tricep Extension (Cable),2,12
"6.0 weeks for ['Bodybuilding', 'Powerbuilding', 'Muscle & Sculpting']",100,3,4,6,Lateral Raise (Dumbbell),2,10
"6.0 weeks for ['Bodybuilding', 'Powerbuilding', 'Muscle & Sculpting']",100,3,4,6,Front Raise,1,10
"6.0 weeks for ['Bodybuilding', 'Powerbuilding', 'Muscle & Sculpting']",100,3,4,6,Bicep Curl (Cable),2,10
"6.0 weeks for ['Bodybuilding', 'Powerbuilding', 'Muscle & Sculpting']",100,3,5,4,Squat (Barbell),2,10
"6.0 weeks for ['Bodybuilding', 'Powerbuilding', 'Muscle & Sculpting']",100,3,5,4,Single Leg Press,2,10
"6.0 weeks for ['Bodybuilding', 'Powerbuilding', 'Muscle & Sculpting']",100,3,5,4,Romanian Deadlift (Barbell),2,10
"6.0 weeks for ['Bodybuilding', 'Powerbuilding', 'Muscle & Sculpting']",100,3,5,4,Sumo Deadlift (Paused),2,10
"6.0 weeks for ['Bodybuilding', 'Powerbuilding', 'Muscle & Sculpting']",100,3,6,5,Lat Pulldown,2,10
"6.0 weeks for ['Bodybuilding', 'Powerbuilding', 'Muscle & Sculpting']",100,3,6,5,Underhand Lat Pulldown,2,10
"6.0 weeks for ['Bodybuilding', 'Powerbuilding', 'Muscle & Sculpting']",100,3,6,5,Easy Curl Bent-Over Row,3,10
"6.0 weeks for ['Bodybuilding', 'Powerbuilding', 'Muscle & Sculpting']",100,3,6,5,Hammer Curl (Dumbbell),3,10
"6.0 weeks for ['Bodybuilding', 'Powerbuilding', 'Muscle & Sculpting']",100,3,6,5,Lateral Raise (Dumbbell),2,12
"6.0 weeks for ['Bodybuilding', 'Powerbuilding', 'Muscle & Sculpting']",100,4,1,6,Incline Bench Press (Barbell),2,10
"6.0 weeks for ['Bodybuilding', 'Powerbuilding', 'Muscle & Sculpting']",100,4,1,6,Pec Deck (Machine),2,10
"6.0 weeks for ['Bodybuilding', 'Powerbuilding', 'Muscle & Sculpting']",100,4,1,6,Dip (Bodyweight),2,10
"6.0 weeks for ['Bodybuilding', 'Powerbuilding', 'Muscle & Sculpting']",100,4,1,6,Push Up,2,10
"6.0 weeks for ['Bodybuilding', 'Powerbuilding', 'Muscle & Sculpting']",100,4,1,6,Lateral Raise (Dumbbell),2,10
"6.0 weeks for ['Bodybuilding', 'Powerbuilding', 'Muscle & Sculpting']",100,4,1,6,Bicep Curl (Cable),2,10
"6.0 weeks for ['Bodybuilding', 'Powerbuilding', 'Muscle & Sculpting']",100,4,2,4,Leg Press,2,10
"6.0 weeks for ['Bodybuilding', 'Powerbuilding', 'Muscle & Sculpting']",100,4,2,4,Bulgarian Split Squat (Dumbbell),2,10
"6.0 weeks for ['Bodybuilding', 'Powerbuilding', 'Muscle & Sculpting']",100,4,2,4,Hamstring Curl,3,10
"6.0 weeks for ['Bodybuilding', 'Powerbuilding', 'Muscle & Sculpting']",100,4,2,4,Hip Adductor (Machine),2,10
"6.0 weeks for ['Bodybuilding', 'Powerbuilding', 'Muscle & Sculpting']",100,4,3,6,Chest Supported Row (Machine),2,10
"6.0 weeks for ['Bodybuilding', 'Powerbuilding', 'Muscle & Sculpting']",100,4,3,6,Single Arm Row (Cable),2,12
"6.0 weeks for ['Bodybuilding', 'Powerbuilding', 'Muscle & Sculpting']",100,4,3,6,Lat Pulldown,2,10
"6.0 weeks for ['Bodybuilding', 'Powerbuilding', 'Muscle & Sculpting']",100,4,3,6,Shrug (Barbell),2,10
"6.0 weeks for ['Bodybuilding', 'Powerbuilding', 'Muscle & Sculpting']",100,4,3,6,Hammer Curl (Dumbbell),3,10
"6.0 weeks for ['Bodybuilding', 'Powerbuilding', 'Muscle & Sculpting']",100,4,3,6,Lateral Raise (Dumbbell),2,10
"6.0 weeks for ['Bodybuilding', 'Powerbuilding', 'Muscle & Sculpting']",100,4,4,6,Seated Shoulder Press (Dumbbell),2,10
"6.0 weeks for ['Bodybuilding', 'Powerbuilding', 'Muscle & Sculpting']",100,4,4,6,Tempo Bench Press,2,10
"6.0 weeks for ['Bodybuilding', 'Powerbuilding', 'Muscle & Sculpting']",100,4,4,6,Overhead Tricep Extension (Cable),2,10
"6.0 weeks for ['Bodybuilding', 'Powerbuilding', 'Muscle & Sculpting']",100,4,4,6,Lateral Raise (Dumbbell),2,10
"6.0 weeks for ['Bodybuilding', 'Powerbuilding', 'Muscle & Sculpting']",100,4,4,6,Front Raise,1,10
"6.0 weeks for ['Bodybuilding', 'Powerbuilding', 'Muscle & Sculpting']",100,4,4,6,Bicep Curl (Cable),2,10
"6.0 weeks for ['Bodybuilding', 'Powerbuilding', 'Muscle & Sculpting']",100,4,5,4,Squat (Barbell),2,10
"6.0 weeks for ['Bodybuilding', 'Powerbuilding', 'Muscle & Sculpting']",100,4,5,4,Single Leg Press,2,12
"6.0 weeks for ['Bodybuilding', 'Powerbuilding', 'Muscle & Sculpting']",100,4,5,4,Romanian Deadlift (Barbell),2,10
"6.0 weeks for ['Bodybuilding', 'Powerbuilding', 'Muscle & Sculpting']",100,4,5,4,Sumo Deadlift (Paused),2,10
"6.0 weeks for ['Bodybuilding', 'Powerbuilding', 'Muscle & Sculpting']",100,4,6,5,Lat Pulldown,2,10
"6.0 weeks for ['Bodybuilding', 'Powerbuilding', 'Muscle & Sculpting']",100,4,6,5,Underhand Lat Pulldown,2,10
"6.0 weeks for ['Bodybuilding', 'Powerbuilding', 'Muscle & Sculpting']",100,4,6,5,Easy Curl Bent-Over Row,3,10
"6.0 weeks for ['Bodybuilding', 'Powerbuilding', 'Muscle & Sculpting']",100,4,6,5,Hammer Curl (Dumbbell),3,10
"6.0 weeks for ['Bodybuilding', 'Powerbuilding', 'Muscle & Sculpting']",100,4,6,5,Lateral Raise (Dumbbell),2,10
"6.0 weeks for ['Bodybuilding', 'Powerbuilding', 'Muscle & Sculpting']",100,5,1,6,Incline Bench Press (Barbell),2,10
"6.0 weeks for ['Bodybuilding', 'Powerbuilding', 'Muscle & Sculpting']",100,5,1,6,Pec Deck (Machine),2,10
"6.0 weeks for ['Bodybuilding', 'Powerbuilding', 'Muscle & Sculpting']",100,5,1,6,Dip (Bodyweight),2,10
"6.0 weeks for ['Bodybuilding', 'Powerbuilding', 'Muscle & Sculpting']",100,5,1,6,Push Up,2,10
"6.0 weeks for ['Bodybuilding', 'Powerbuilding', 'Muscle & Sculpting']",100,5,1,6,Lateral Raise (Dumbbell),2,12
"6.0 weeks for ['Bodybuilding', 'Powerbuilding', 'Muscle & Sculpting']",100,5,1,6,Bicep Curl (Cable),2,10
"6.0 weeks for ['Bodybuilding', 'Powerbuilding', 'Muscle & Sculpting']",100,5,2,4,Leg Press,2,10
"6.0 weeks for ['Bodybuilding', 'Powerbuilding', 'Muscle & Sculpting']",100,5,2,4,Bulgarian Split Squat (Dumbbell),2,10
"6.0 weeks for ['Bodybuilding', 'Powerbuilding', 'Muscle & Sculpting']",100,5,2,4,Hamstring Curl,3,10
"6.0 weeks for ['Bodybuilding', 'Powerbuilding', 'Muscle & Sculpting']",100,5,2,4,Hip Adductor (Machine),2,10
"6.0 weeks for ['Bodybuilding', 'Powerbuilding', 'Muscle & Sculpting']",100,5,3,6,Chest Supported Row (Machine),2,10
"6.0 weeks for ['Bodybuilding', 'Powerbuilding', 'Muscle & Sculpting']",100,5,3,6,Single Arm Row (Cable),2,10
"6.0 weeks for ['Bodybuilding', 'Powerbuilding', 'Muscle & Sculpting']",100,5,3,6,Lat Pulldown,2,10
"6.0 weeks for ['Bodybuilding', 'Powerbuilding', 'Muscle & Sculpting']",100,5,3,6,Shrug (Barbell),2,10
"6.0 weeks for ['Bodybuilding', 'Powerbuilding', 'Muscle & Sculpting']",100,5,3,6,Hammer Curl (Dumbbell),3,10
"6.0 weeks for ['Bodybuilding', 'Powerbuilding', 'Muscle & Sculpting']",100,5,3,6,Lateral Raise (Dumbbell),2,10
"6.0 weeks for ['Bodybuilding', 'Powerbuilding', 'Muscle & Sculpting']",100,5,4,6,Seated Shoulder Press (Dumbbell),2,12
"6.0 weeks for ['Bodybuilding', 'Powerbuilding', 'Muscle & Sculpting']",100,5,4,6,Tempo Bench Press,2,10
"6.0 weeks for ['Bodybuilding', 'Powerbuilding', 'Muscle & Sculpting']",100,5,4,6,Overhead Tricep Extension (Cable),2,10
"6.0 weeks for ['Bodybuilding', 'Powerbuilding', 'Muscle & Sculpting']",100,5,4,6,Lateral Raise (Dumbbell),2,10
"6.0 weeks for ['Bodybuilding', 'Powerbuilding', 'Muscle & Sculpting']",100,5,4,6,Front Raise,1,10
"6.0 weeks for ['Bodybuilding', 'Powerbuilding', 'Muscle & Sculpting']",100,5,4,6,Bicep Curl (Cable),2,10
"6.0 weeks for ['Bodybuilding', 'Powerbuilding', 'Muscle & Sculpting']",100,5,5,4,Squat (Barbell),2,10
"6.0 weeks for ['Bodybuilding', 'Powerbuilding', 'Muscle & Sculpting']",100,5,5,4,Single Leg Press,2,10
"6.0 weeks for ['Bodybuilding', 'Powerbuilding', 'Muscle & Sculpting']",100,5,5,4,Romanian Deadlift (Barbell),2,10
"6.0 weeks for ['Bodybuilding', 'Powerbuilding', 'Muscle & Sculpting']",100,5,5,4,Sumo Deadlift (Paused),2,10
"6.0 weeks for ['Bodybuilding', 'Powerbuilding', 'Muscle & Sculpting']",100,5,6,5,Lat Pulldown,2,10
"6.0 weeks for ['Bodybuilding', 'Powerbuilding', 'Muscle & Sculpting']",100,5,6,5,Underhand Lat Pulldown,2,10
"6.0 weeks for ['Bodybuilding', 'Powerbuilding', 'Muscle & Sculpting']",100,5,6,5,Easy Curl Bent-Over Row,3,12
"6.0 weeks for ['Bodybuilding', 'Powerbuilding', 'Muscle & Sculpting']",100,5,6,5,Hammer Curl (Dumbbell),3,10
"6.0 weeks for ['Bodybuilding', 'Powerbuilding', 'Muscle & Sculpting']",100,5,6,5,Lateral Raise (Dumbbell),2,5
"6.0 weeks for ['Bodybuilding', 'Powerbuilding', 'Muscle & Sculpting']",100,6,1,6,Incline Bench Press (Barbell),2,15
"6.0 weeks for ['Bodybuilding', 'Powerbuilding', 'Muscle & Sculpting']",100,6,1,6,Pec Deck (Machine),2,12
"6.0 weeks for ['Bodybuilding', 'Powerbuilding', 'Muscle & Sculpting']",100,6,1,6,Dip (Bodyweight),2,15
"6.0 weeks for ['Bodybuilding', 'Powerbuilding', 'Muscle & Sculpting']",100,6,1,6,Push Up,2,15
"6.0 weeks for ['Bodybuilding', 'Powerbuilding', 'Muscle & Sculpting']",100,6,1,6,Lateral Raise (Dumbbell),2,15
"6.0 weeks for ['Bodybuilding', 'Powerbuilding', 'Muscle & Sculpting']",100,6,1,6,Bicep Curl (Cable),2,25
"6.0 weeks for ['Bodybuilding', 'Powerbuilding', 'Muscle & Sculpting']",100,6,2,4,Leg Press,2,5
"6.0 weeks for ['Bodybuilding', 'Powerbuilding', 'Muscle & Sculpting']",100,6,2,4,Bulgarian Split Squat (Dumbbell),2,15
"6.0 weeks for ['Bodybuilding', 'Powerbuilding', 'Muscle & Sculpting']",100,6,2,4,Hamstring Curl,3,10
"6.0 weeks for ['Bodybuilding', 'Powerbuilding', 'Muscle & Sculpting']",100,6,2,4,Hip Adductor (Machine),2,25
"6.0 weeks for ['Bodybuilding', 'Powerbuilding', 'Muscle & Sculpting']",100,6,3,6,Chest Supported Row (Machine),2,15
"6.0 weeks for ['Bodybuilding', 'Powerbuilding', 'Muscle & Sculpting']",100,6,3,6,Single Arm Row (Cable),2,15
"6.0 weeks for ['Bodybuilding', 'Powerbuilding', 'Muscle & Sculpting']",100,6,3,6,Lat Pulldown,2,5
"6.0 weeks for ['Bodybuilding', 'Powerbuilding', 'Muscle & Sculpting']",100,6,3,6,Shrug (Barbell),2,8
"6.0 weeks for ['Bodybuilding', 'Powerbuilding', 'Muscle & Sculpting']",100,6,3,6,Hammer Curl (Dumbbell),3,25
"6.0 weeks for ['Bodybuilding', 'Powerbuilding', 'Muscle & Sculpting']",100,6,3,6,Lateral Raise (Dumbbell),2,12
"6.0 weeks for ['Bodybuilding', 'Powerbuilding', 'Muscle & Sculpting']",100,6,4,6,Seated Shoulder Press (Dumbbell),2,15
"6.0 weeks for ['Bodybuilding', 'Powerbuilding', 'Muscle & Sculpting']",100,6,4,6,Tempo Bench Press,2,20
"6.0 weeks for ['Bodybuilding', 'Powerbuilding', 'Muscle & Sculpting']",100,6,4,6,Overhead Tricep Extension (Cable),2,7
"6.0 weeks for ['Bodybuilding', 'Powerbuilding', 'Muscle & Sculpting']",100,6,4,6,Lateral Raise (Dumbbell),2,15
"6.0 weeks for ['Bodybuilding', 'Powerbuilding', 'Muscle & Sculpting']",100,6,4,6,Front Raise,1,15
"6.0 weeks for ['Bodybuilding', 'Powerbuilding', 'Muscle & Sculpting']",100,6,4,6,Bicep Curl (Cable),2,15
"6.0 weeks for ['Bodybuilding', 'Powerbuilding', 'Muscle & Sculpting']",100,6,5,4,Squat (Barbell),2,20
"6.0 weeks for ['Bodybuilding', 'Powerbuilding', 'Muscle & Sculpting']",100,6,5,4,Single Leg Press,2,5
"6.0 weeks for ['Bodybuilding', 'Powerbuilding', 'Muscle & Sculpting']",100,6,5,4,Romanian Deadlift (Barbell),2,15
"6.0 weeks for ['Bodybuilding', 'Powerbuilding', 'Muscle & Sculpting']",100,6,5,4,Sumo Deadlift (Paused),2,12
"6.0 weeks for ['Bodybuilding', 'Powerbuilding', 'Muscle & Sculpting']",100,6,6,5,Lat Pulldown,2,15
"6.0 weeks for ['Bodybuilding', 'Powerbuilding', 'Muscle & Sculpting']",100,6,6,5,Underhand Lat Pulldown,2,15
"6.0 weeks for ['Bodybuilding', 'Powerbuilding', 'Muscle & Sculpting']",100,6,6,5,Easy Curl Bent-Over Row,3,15
"6.0 weeks for ['Bodybuilding', 'Powerbuilding', 'Muscle & Sculpting']",100,6,6,5,Hammer Curl (Dumbbell),3,25
"6.0 weeks for ['Bodybuilding', 'Powerbuilding', 'Muscle & Sculpting']",100,6,6,5,Lateral Raise (Dumbbell),2,5
Squats & Science Beginner Volume Program,120,1,1,4,Squat (Barbell),4,9
Squats & Science Beginner Volume Program,120,1,1,4,Deadlift (Barbell),4,14
Squats & Science Beginner Volume Program,120,1,1,4,Pull-Up (Bodyweight),3,7
Squats & Science Beginner Volume Program,120,1,1,4,Hammer Curl,4,7
Squats & Science Beginner Volume Program,120,1,2,4,Bench Press (Barbell),4,14
Squats & Science Beginner Volume Program,120,1,2,4,Bench Press (Close Grip),3,14
Squats & Science Beginner Volume Program,120,1,2,4,Skull Crusher,3,9
Squats & Science Beginner Volume Program,120,1,2,4,Hanging Leg Raise,3,14
Squats & Science Beginner Volume Program,120,1,3,4,Squat (Barbell),5,7
Squats & Science Beginner Volume Program,120,1,3,4,Front Squat (Barbell),3,7
Squats & Science Beginner Volume Program,120,1,3,4,Bent Over Row (Dumbbell),5,14
Squats & Science Beginner Volume Program,120,1,3,4,Bicep Curl (Barbell),4,9
Squats & Science Beginner Volume Program,120,1,4,4,Bench Press (Barbell),5,14
Squats & Science Beginner Volume Program,120,1,4,4,Incline Bench Press (Dumbbell),3,7
Squats & Science Beginner Volume Program,120,1,4,4,Tricep Rope Push Down (Cable),4,7
Squats & Science Beginner Volume Program,120,1,4,4,Rear Delt Fly (Machine),3,14
Squats & Science Beginner Volume Program,120,1,5,4,Squat (Barbell),5,9
Squats & Science Beginner Volume Program,120,1,5,4,Deadlift (Barbell),5,14
Squats & Science Beginner Volume Program,120,1,5,4,Standing Calf Raise,4,7
Squats & Science Beginner Volume Program,120,1,5,4,Plank,3,7
Squats & Science Beginner Volume Program,120,1,6,4,Bench Press (Barbell),5,14
Squats & Science Beginner Volume Program,120,1,6,4,Seated Overhead Press (Dumbbell),3,14
Squats & Science Beginner Volume Program,120,1,6,4,Lateral Raise (Dumbbell),4,9
Squats & Science Beginner Volume Program,120,1,6,4,Rear Delt Row,3,14
Squats & Science Beginner Volume Program,120,2,1,4,Squat (Barbell),4,7
Squats & Science Beginner Volume Program,120,2,1,4,Deadlift (Barbell),4,7
Squats & Science Beginner Volume Program,120,2,1,4,Pull-Up (Bodyweight),3,14
Squats & Science Beginner Volume Program,120,2,1,4,Hammer Curl,4,9
Squats & Science Beginner Volume Program,120,2,2,4,Bench Press (Barbell),4,14
Squats & Science Beginner Volume Program,120,2,2,4,Bench Press (Close Grip),3,7
Squats & Science Beginner Volume Program,120,2,2,4,Skull Crusher,3,7
Squats & Science Beginner Volume Program,120,2,2,4,Hanging Leg Raise,3,14
Squats & Science Beginner Volume Program,120,2,3,4,Squat (Barbell),5,9
Squats & Science Beginner Volume Program,120,2,3,4,Front Squat (Barbell),3,14
Squats & Science Beginner Volume Program,120,2,3,4,Bent Over Row (Dumbbell),5,7
Squats & Science Beginner Volume Program,120,2,3,4,Bicep Curl (Barbell),4,7
Squats & Science Beginner Volume Program,120,2,4,4,Bench Press (Barbell),5,14
Squats & Science Beginner Volume Program,120,2,4,4,Incline Bench Press (Dumbbell),3,14
Squats & Science Beginner Volume Program,120,2,4,4,Tricep Rope Push Down (Cable),4,9
Squats & Science Beginner Volume Program,120,2,4,4,Rear Delt Fly (Machine),3,14
Squats & Science Beginner Volume Program,120,2,5,4,Squat (Barbell),5,7
Squats & Science Beginner Volume Program,120,2,5,4,Deadlift (Barbell),5,7
Squats & Science Beginner Volume Program,120,2,5,4,Standing Calf Raise,4,14
Squats & Science Beginner Volume Program,120,2,5,4,Plank,3,9
Squats & Science Beginner Volume Program,120,2,6,4,Bench Press (Barbell),5,14
Squats & Science Beginner Volume Program,120,2,6,4,Seated Overhead Press (Dumbbell),3,8
Squats & Science Beginner Volume Program,120,2,6,4,Lateral Raise (Dumbbell),4,8
Squats & Science Beginner Volume Program,120,2,6,4,Rear Delt Row,3,8
Squats & Science Beginner Volume Program,120,3,1,4,Squat (Barbell),5,12
Squats & Science Beginner Volume Program,120,3,1,4,Deadlift (Barbell),5,10
Squats & Science Beginner Volume Program,120,3,1,4,Pull-Up (Bodyweight),3,12
Squats & Science Beginner Volume Program,120,3,1,4,Hammer Curl,4,7
Squats & Science Beginner Volume Program,120,3,2,4,Bench Press (Barbell),5,8
Squats & Science Beginner Volume Program,120,3,2,4,Bench Press (Close Grip),3,8
Squats & Science Beginner Volume Program,120,3,2,4,Skull Crusher,3,10
Squats & Science Beginner Volume Program,120,3,2,4,Hanging Leg Raise,3,8
Squats & Science Beginner Volume Program,120,3,3,4,Squat (Barbell),8,8
Squats & Science Beginner Volume Program,120,3,3,4,Front Squat (Barbell),3,5
Squats & Science Beginner Volume Program,120,3,3,4,Bent Over Row (Dumbbell),5,8
Squats & Science Beginner Volume Program,120,3,3,4,Bicep Curl (Barbell),4,8
Squats & Science Beginner Volume Program,120,3,4,4,Bench Press (Barbell),8,8
Squats & Science Beginner Volume Program,120,3,4,4,Incline Bench Press (Dumbbell),3,10
Squats & Science Beginner Volume Program,120,3,4,4,Tricep Rope Push Down (Cable),4,10
Squats & Science Beginner Volume Program,120,3,4,4,Rear Delt Fly (Machine),3,6
Squats & Science Beginner Volume Program,120,3,5,4,Squat (Barbell),5,5
Squats & Science Beginner Volume Program,120,3,5,4,Deadlift (Barbell),5,15
Squats & Science Beginner Volume Program,120,3,5,4,Standing Calf Raise,4,10
Squats & Science Beginner Volume Program,120,3,5,4,Plank,3,15
Squats & Science Beginner Volume Program,120,3,6,4,Bench Press (Barbell),5,20
Squats & Science Beginner Volume Program,120,3,6,4,Seated Overhead Press (Dumbbell),3,12
Squats & Science Beginner Volume Program,120,3,6,4,Lateral Raise (Dumbbell),4,15
Squats & Science Beginner Volume Program,120,3,6,4,Rear Delt Row,3,8
Squats & Science Beginner Volume Program,120,4,1,4,Squat (Barbell),4,8
Squats & Science Beginner Volume Program,120,4,1,4,Deadlift (Barbell),4,8
Squats & Science Beginner Volume Program,120,4,1,4,Pull-Up (Bodyweight),3,12
Squats & Science Beginner Volume Program,120,4,1,4,Hammer Curl,4,10
Squats & Science Beginner Volume Program,120,4,2,4,Bench Press (Barbell),4,12
Squats & Science Beginner Volume Program,120,4,2,4,Bench Press (Close Grip),3,7
Squats & Science Beginner Volume Program,120,4,2,4,Skull Crusher,3,8
Squats & Science Beginner Volume Program,120,4,2,4,Hanging Leg Raise,3,8
Squats & Science Beginner Volume Program,120,4,3,4,Squat (Barbell),4,10
Squats & Science Beginner Volume Program,120,4,3,4,Front Squat (Barbell),3,8
Squats & Science Beginner Volume Program,120,4,3,4,Bent Over Row (Dumbbell),5,8
Squats & Science Beginner Volume Program,120,4,3,4,Bicep Curl (Barbell),4,5
Squats & Science Beginner Volume Program,120,4,4,4,Bench Press (Barbell),4,8
Squats & Science Beginner Volume Program,120,4,4,4,Incline Bench Press (Dumbbell),3,8
Squats & Science Beginner Volume Program,120,4,4,4,Tricep Rope Push Down (Cable),4,8
Squats & Science Beginner Volume Program,120,4,4,4,Rear Delt Fly (Machine),3,10
Squats & Science Beginner Volume Program,120,4,5,4,Squat (Barbell),5,10
Squats & Science Beginner Volume Program,120,4,5,4,Deadlift (Barbell),5,6
Squats & Science Beginner Volume Program,120,4,5,4,Standing Calf Raise,4,5
Squats & Science Beginner Volume Program,120,4,5,4,Plank,3,15
Squats & Science Beginner Volume Program,120,4,6,4,Bench Press (Barbell),5,10
Squats & Science Beginner Volume Program,120,4,6,4,Seated Overhead Press (Dumbbell),3,15
Squats & Science Beginner Volume Program,120,4,6,4,Lateral Raise (Dumbbell),4,20
Squats & Science Beginner Volume Program,120,4,6,4,Rear Delt Row,3,12
Squats & Science Beginner Volume Program,120,5,1,4,Squat (Barbell),5,15
Squats & Science Beginner Volume Program,120,5,1,4,Deadlift (Barbell),5,8
Squats & Science Beginner Volume Program,120,5,1,4,Pull-Up (Bodyweight),3,8
Squats & Science Beginner Volume Program,120,5,1,4,Hammer Curl,4,8
Squats & Science Beginner Volume Program,120,5,2,4,Bench Press (Barbell),5,12
Squats & Science Beginner Volume Program,120,5,2,4,Bench Press (Close Grip),3,10
Squats & Science Beginner Volume Program,120,5,2,4,Skull Crusher,3,12
Squats & Science Beginner Volume Program,120,5,2,4,Hanging Leg Raise,3,7
Squats & Science Beginner Volume Program,120,5,3,4,Squat (Barbell),8,8
Squats & Science Beginner Volume Program,120,5,3,4,Front Squat (Barbell),3,8
Squats & Science Beginner Volume Program,120,5,3,4,Bent Over Row (Dumbbell),5,10
Squats & Science Beginner Volume Program,120,5,3,4,Bicep Curl (Barbell),4,8
Squats & Science Beginner Volume Program,120,5,4,4,Bench Press (Barbell),8,8
Squats & Science Beginner Volume Program,120,5,4,4,Incline Bench Press (Dumbbell),3,5
Squats & Science Beginner Volume Program,120,5,4,4,Tricep Rope Push Down (Cable),4,8
Squats & Science Beginner Volume Program,120,5,4,4,Rear Delt Fly (Machine),3,8
Squats & Science Beginner Volume Program,120,5,5,4,Squat (Barbell),5,8
Squats & Science Beginner Volume Program,120,5,5,4,Deadlift (Barbell),5,10
Squats & Science Beginner Volume Program,120,5,5,4,Standing Calf Raise,4,10
Squats & Science Beginner Volume Program,120,5,5,4,Plank,3,6
Squats & Science Beginner Volume Program,120,5,6,4,Bench Press (Barbell),5,5
Squats & Science Beginner Volume Program,120,5,6,4,Seated Overhead Press (Dumbbell),3,15
Squats & Science Beginner Volume Program,120,5,6,4,Lateral Raise (Dumbbell),4,10
Squats & Science Beginner Volume Program,120,5,6,4,Rear Delt Row,3,15
Squats & Science Beginner Volume Program,120,6,1,4,Squat (Barbell),4,20
Squats & Science Beginner Volume Program,120,6,1,4,Deadlift (Barbell),3,12
Squats & Science Beginner Volume Program,120,6,1,4,Pull-Up (Bodyweight),3,15
Squats & Science Beginner Volume Program,120,6,1,4,Hammer Curl,4,8
Squats & Science Beginner Volume Program,120,6,2,4,Bench Press (Barbell),4,8
Squats & Science Beginner Volume Program,120,6,2,4,Bench Press (Close Grip),3,8
Squats & Science Beginner Volume Program,120,6,2,4,Skull Crusher,3,12
Squats & Science Beginner Volume Program,120,6,2,4,Hanging Leg Raise,3,10
Squats & Science Beginner Volume Program,120,6,3,3,Squat (Barbell),5,12
Squats & Science Beginner Volume Program,120,6,3,3,Bent Over Row (Dumbbell),5,7
Squats & Science Beginner Volume Program,120,6,3,3,Bicep Curl (Barbell),4,8
Squats & Science Beginner Volume Program,120,6,4,4,Bench Press (Barbell),5,8
Squats & Science Beginner Volume Program,120,6,4,4,Incline Bench Press (Dumbbell),3,10
Squats & Science Beginner Volume Program,120,6,4,4,Tricep Rope Push Down (Cable),4,8
Squats & Science Beginner Volume Program,120,6,4,4,Rear Delt Fly (Machine),3,8
Squats & Science Beginner Volume Program,120,6,5,4,Squat (Barbell),4,5
Squats & Science Beginner Volume Program,120,6,5,4,Deadlift (Barbell),4,8
Squats & Science Beginner Volume Program,120,6,5,4,Standing Calf Raise,4,8
Squats & Science Beginner Volume Program,120,6,5,4,Plank,3,8
Squats & Science Beginner Volume Program,120,6,6,3,Bench Press (Barbell),4,10
Squats & Science Beginner Volume Program,120,6,6,3,Lateral Raise (Dumbbell),4,10
Squats & Science Beginner Volume Program,120,6,6,3,Rear Delt Row,3,6
"5.0 weeks for ['Bodybuilding', 'Muscle & Sculpting']",40,1,1,3,Standing Shoulder Press (Dumbbell),2,75
"5.0 weeks for ['Bodybuilding', 'Muscle & Sculpting']",40,1,1,3,Plank with Shoulder Taps,1,12
"5.0 weeks for ['Bodybuilding', 'Muscle & Sculpting']",40,1,1,3,Mountain Climber,1,12
"5.0 weeks for ['Bodybuilding', 'Muscle & Sculpting']",40,1,2,3,Dead Bug,2,12
"5.0 weeks for ['Bodybuilding', 'Muscle & Sculpting']",40,1,2,3,Goblet March,2,12
"5.0 weeks for ['Bodybuilding', 'Muscle & Sculpting']",40,1,2,3,Plank,1,12
"5.0 weeks for ['Bodybuilding', 'Muscle & Sculpting']",40,1,3,2,Bent Over Row (Dumbbell),2,12
"5.0 weeks for ['Bodybuilding', 'Muscle & Sculpting']",40,1,3,2,Bicep Curl (Dumbbell),2,12
"5.0 weeks for ['Bodybuilding', 'Muscle & Sculpting']",40,1,4,2,Jump Squat,3,12
"5.0 weeks for ['Bodybuilding', 'Muscle & Sculpting']",40,1,4,2,Lying Leg Raise,2,12
"5.0 weeks for ['Bodybuilding', 'Muscle & Sculpting']",40,2,1,3,Standing Shoulder Press (Dumbbell),2,12
"5.0 weeks for ['Bodybuilding', 'Muscle & Sculpting']",40,2,1,3,Plank with Shoulder Taps,1,15
"5.0 weeks for ['Bodybuilding', 'Muscle & Sculpting']",40,2,1,3,Mountain Climber,1,15
"5.0 weeks for ['Bodybuilding', 'Muscle & Sculpting']",40,2,2,3,Dead Bug,2,12
"5.0 weeks for ['Bodybuilding', 'Muscle & Sculpting']",40,2,2,3,Goblet March,2,10
"5.0 weeks for ['Bodybuilding', 'Muscle & Sculpting']",40,2,2,3,Plank,1,12
"5.0 weeks for ['Bodybuilding', 'Muscle & Sculpting']",40,2,3,2,Bent Over Row (Dumbbell),2,20
"5.0 weeks for ['Bodybuilding', 'Muscle & Sculpting']",40,2,3,2,Bicep Curl (Dumbbell),2,12
"5.0 weeks for ['Bodybuilding', 'Muscle & Sculpting']",40,2,4,3,Glute Kickback,2,10
"5.0 weeks for ['Bodybuilding', 'Muscle & Sculpting']",40,2,4,3,Goblet Squat,2,25
"5.0 weeks for ['Bodybuilding', 'Muscle & Sculpting']",40,2,4,3,Jump Squat,1,50
"5.0 weeks for ['Bodybuilding', 'Muscle & Sculpting']",40,3,1,3,Standing Shoulder Press (Dumbbell),2,20
"5.0 weeks for ['Bodybuilding', 'Muscle & Sculpting']",40,3,1,3,Plank with Shoulder Taps,1,12
"5.0 weeks for ['Bodybuilding', 'Muscle & Sculpting']",40,3,1,3,Mountain Climber,1,12
"5.0 weeks for ['Bodybuilding', 'Muscle & Sculpting']",40,3,2,3,Dead Bug,2,75
"5.0 weeks for ['Bodybuilding', 'Muscle & Sculpting']",40,3,2,3,Goblet March,2,12
"5.0 weeks for ['Bodybuilding', 'Muscle & Sculpting']",40,3,2,3,Plank,1,12
"5.0 weeks for ['Bodybuilding', 'Muscle & Sculpting']",40,3,3,2,Bent Over Row (Dumbbell),2,12
"5.0 weeks for ['Bodybuilding', 'Muscle & Sculpting']",40,3,3,2,Bicep Curl (Dumbbell),2,12
"5.0 weeks for ['Bodybuilding', 'Muscle & Sculpting']",40,3,4,2,Jump Squat,3,12
"5.0 weeks for ['Bodybuilding', 'Muscle & Sculpting']",40,3,4,2,Lying Leg Raise,2,12
"5.0 weeks for ['Bodybuilding', 'Muscle & Sculpting']",40,4,1,3,Standing Shoulder Press (Dumbbell),2,12
"5.0 weeks for ['Bodybuilding', 'Muscle & Sculpting']",40,4,1,3,Plank with Shoulder Taps,1,12
"5.0 weeks for ['Bodybuilding', 'Muscle & Sculpting']",40,4,1,3,Mountain Climber,1,12
"5.0 weeks for ['Bodybuilding', 'Muscle & Sculpting']",40,4,2,3,Dead Bug,2,12
"5.0 weeks for ['Bodybuilding', 'Muscle & Sculpting']",40,4,2,3,Goblet March,2,15
"5.0 weeks for ['Bodybuilding', 'Muscle & Sculpting']",40,4,2,3,Plank,1,15
"5.0 weeks for ['Bodybuilding', 'Muscle & Sculpting']",40,4,3,2,Bent Over Row (Dumbbell),2,12
"5.0 weeks for ['Bodybuilding', 'Muscle & Sculpting']",40,4,3,2,Bicep Curl (Dumbbell),2,10
"5.0 weeks for ['Bodybuilding', 'Muscle & Sculpting']",40,4,4,3,Glute Kickback,2,12
"5.0 weeks for ['Bodybuilding', 'Muscle & Sculpting']",40,4,4,3,Goblet Squat,2,20
"5.0 weeks for ['Bodybuilding', 'Muscle & Sculpting']",40,4,4,3,Jump Squat,1,12
"5.0 weeks for ['Bodybuilding', 'Muscle & Sculpting']",40,5,1,3,Standing Shoulder Press (Dumbbell),2,10
"5.0 weeks for ['Bodybuilding', 'Muscle & Sculpting']",40,5,1,3,Plank with Shoulder Taps,1,25
"5.0 weeks for ['Bodybuilding', 'Muscle & Sculpting']",40,5,1,3,Mountain Climber,1,50
"5.0 weeks for ['Bodybuilding', 'Muscle & Sculpting']",40,5,2,3,Dead Bug,2,20
"5.0 weeks for ['Bodybuilding', 'Muscle & Sculpting']",40,5,2,3,Goblet March,2,12
"5.0 weeks for ['Bodybuilding', 'Muscle & Sculpting']",40,5,2,3,Plank,1,12
"5.0 weeks for ['Bodybuilding', 'Muscle & Sculpting']",40,5,3,2,Bent Over Row (Dumbbell),2,75
"5.0 weeks for ['Bodybuilding', 'Muscle & Sculpting']",40,5,3,2,Bicep Curl (Dumbbell),2,12
"5.0 weeks for ['Bodybuilding', 'Muscle & Sculpting']",40,5,4,2,Jump Squat,3,12
"5.0 weeks for ['Bodybuilding', 'Muscle & Sculpting']",40,5,4,2,Lying Leg Raise,2,12
"6.0 weeks for ['Bodybuilding', 'Powerbuilding', 'Muscle & Sculpting']",60,1,1,4,Incline Bench Press (Dumbbell),4,10
"6.0 weeks for ['Bodybuilding', 'Powerbuilding', 'Muscle & Sculpting']",60,1,1,4,Safety Bar Squat,3,10
"6.0 weeks for ['Bodybuilding', 'Powerbuilding', 'Muscle & Sculpting']",60,1,1,4,Pendlay Row,4,10
"6.0 weeks for ['Bodybuilding', 'Powerbuilding', 'Muscle & Sculpting']",60,1,1,4,Standing Calf Raise,3,10
"6.0 weeks for ['Bodybuilding', 'Powerbuilding', 'Muscle & Sculpting']",60,1,2,1,Sand Bag Conditioning,1,10
"6.0 weeks for ['Bodybuilding', 'Powerbuilding', 'Muscle & Sculpting']",60,1,3,4,Overhead Press (Dumbbell),4,8
"6.0 weeks for ['Bodybuilding', 'Powerbuilding', 'Muscle & Sculpting']",60,1,3,4,Trap Bar Deadlift,4,8
"6.0 weeks for ['Bodybuilding', 'Powerbuilding', 'Muscle & Sculpting']",60,1,3,4,Lat Pulldown,4,10
"6.0 weeks for ['Bodybuilding', 'Powerbuilding', 'Muscle & Sculpting']",60,1,3,4,Standing Calf Raise,4,10
"6.0 weeks for ['Bodybuilding', 'Powerbuilding', 'Muscle & Sculpting']",60,1,4,1,Sand Bag Conditioning,1,10
"6.0 weeks for ['Bodybuilding', 'Powerbuilding', 'Muscle & Sculpting']",60,1,5,4,Incline Bench Press (Dumbbell),5,8
"6.0 weeks for ['Bodybuilding', 'Powerbuilding', 'Muscle & Sculpting']",60,1,5,4,Leg Extension,4,10
"6.0 weeks for ['Bodybuilding', 'Powerbuilding', 'Muscle & Sculpting']",60,1,5,4,T-Bar Row,4,10
"6.0 weeks for ['Bodybuilding', 'Powerbuilding', 'Muscle & Sculpting']",60,1,5,4,Lateral Raise (Cable),4,10
"6.0 weeks for ['Bodybuilding', 'Powerbuilding', 'Muscle & Sculpting']",60,2,1,4,Incline Bench Press (Dumbbell),4,10
"6.0 weeks for ['Bodybuilding', 'Powerbuilding', 'Muscle & Sculpting']",60,2,1,4,Safety Bar Squat,3,10
"6.0 weeks for ['Bodybuilding', 'Powerbuilding', 'Muscle & Sculpting']",60,2,1,4,Pendlay Row,4,10
"6.0 weeks for ['Bodybuilding', 'Powerbuilding', 'Muscle & Sculpting']",60,2,1,4,Standing Calf Raise,3,10
"6.0 weeks for ['Bodybuilding', 'Powerbuilding', 'Muscle & Sculpting']",60,2,2,1,Sand Bag Conditioning,1,8
"6.0 weeks for ['Bodybuilding', 'Powerbuilding', 'Muscle & Sculpting']",60,2,3,4,Overhead Press (Dumbbell),4,10
"6.0 weeks for ['Bodybuilding', 'Powerbuilding', 'Muscle & Sculpting']",60,2,3,4,Trap Bar Deadlift,4,10
"6.0 weeks for ['Bodybuilding', 'Powerbuilding', 'Muscle & Sculpting']",60,2,3,4,Lat Pulldown,4,10
"6.0 weeks for ['Bodybuilding', 'Powerbuilding', 'Muscle & Sculpting']",60,2,3,4,Standing Calf Raise,4,10
"6.0 weeks for ['Bodybuilding', 'Powerbuilding', 'Muscle & Sculpting']",60,2,4,1,Sand Bag Conditioning,1,10
"6.0 weeks for ['Bodybuilding', 'Powerbuilding', 'Muscle & Sculpting']",60,2,5,4,Incline Bench Press (Dumbbell),5,12
"6.0 weeks for ['Bodybuilding', 'Powerbuilding', 'Muscle & Sculpting']",60,2,5,4,Leg Extension,4,12
"6.0 weeks for ['Bodybuilding', 'Powerbuilding', 'Muscle & Sculpting']",60,2,5,4,T-Bar Row,4,12
"6.0 weeks for ['Bodybuilding', 'Powerbuilding', 'Muscle & Sculpting']",60,2,5,4,Lateral Raise (Cable),4,12
"6.0 weeks for ['Bodybuilding', 'Powerbuilding', 'Muscle & Sculpting']",60,3,1,4,Incline Bench Press (Dumbbell),4,12
"6.0 weeks for ['Bodybuilding', 'Powerbuilding', 'Muscle & Sculpting']",60,3,1,4,Safety Bar Squat,3,12
"6.0 weeks for ['Bodybuilding', 'Powerbuilding', 'Muscle & Sculpting']",60,3,1,4,Pendlay Row,4,15
"6.0 weeks for ['Bodybuilding', 'Powerbuilding', 'Muscle & Sculpting']",60,3,1,4,Standing Calf Raise,3,15
"6.0 weeks for ['Bodybuilding', 'Powerbuilding', 'Muscle & Sculpting']",60,3,2,1,Sand Bag Conditioning,1,12
"6.0 weeks for ['Bodybuilding', 'Powerbuilding', 'Muscle & Sculpting']",60,3,3,4,Overhead Press (Dumbbell),4,12
"6.0 weeks for ['Bodybuilding', 'Powerbuilding', 'Muscle & Sculpting']",60,3,3,4,Trap Bar Deadlift,4,15
"6.0 weeks for ['Bodybuilding', 'Powerbuilding', 'Muscle & Sculpting']",60,3,3,4,Lat Pulldown,4,15
"6.0 weeks for ['Bodybuilding', 'Powerbuilding', 'Muscle & Sculpting']",60,3,3,4,Standing Calf Raise,4,10
"6.0 weeks for ['Bodybuilding', 'Powerbuilding', 'Muscle & Sculpting']",60,3,4,1,Sand Bag Conditioning,1,10
"6.0 weeks for ['Bodybuilding', 'Powerbuilding', 'Muscle & Sculpting']",60,3,5,4,Incline Bench Press (Dumbbell),5,10
"6.0 weeks for ['Bodybuilding', 'Powerbuilding', 'Muscle & Sculpting']",60,3,5,4,Leg Extension,4,10
"6.0 weeks for ['Bodybuilding', 'Powerbuilding', 'Muscle & Sculpting']",60,3,5,4,T-Bar Row,4,12
"6.0 weeks for ['Bodybuilding', 'Powerbuilding', 'Muscle & Sculpting']",60,3,5,4,Lateral Raise (Cable),4,12
"6.0 weeks for ['Bodybuilding', 'Powerbuilding', 'Muscle & Sculpting']",60,4,1,4,Incline Bench Press (Dumbbell),4,12
"6.0 weeks for ['Bodybuilding', 'Powerbuilding', 'Muscle & Sculpting']",60,4,1,4,Safety Bar Squat,3,12
"6.0 weeks for ['Bodybuilding', 'Powerbuilding', 'Muscle & Sculpting']",60,4,1,4,Pendlay Row,4,10
"6.0 weeks for ['Bodybuilding', 'Powerbuilding', 'Muscle & Sculpting']",60,4,1,4,Standing Calf Raise,3,12
"6.0 weeks for ['Bodybuilding', 'Powerbuilding', 'Muscle & Sculpting']",60,4,2,1,Sand Bag Conditioning,1,10
"6.0 weeks for ['Bodybuilding', 'Powerbuilding', 'Muscle & Sculpting']",60,4,3,4,Overhead Press (Dumbbell),4,10
"6.0 weeks for ['Bodybuilding', 'Powerbuilding', 'Muscle & Sculpting']",60,4,3,4,Trap Bar Deadlift,4,12
"6.0 weeks for ['Bodybuilding', 'Powerbuilding', 'Muscle & Sculpting']",60,4,3,4,Lat Pulldown,4,12
"6.0 weeks for ['Bodybuilding', 'Powerbuilding', 'Muscle & Sculpting']",60,4,3,4,Standing Calf Raise,4,12
"6.0 weeks for ['Bodybuilding', 'Powerbuilding', 'Muscle & Sculpting']",60,4,4,1,Sand Bag Conditioning,1,12
"6.0 weeks for ['Bodybuilding', 'Powerbuilding', 'Muscle & Sculpting']",60,4,5,4,Incline Bench Press (Dumbbell),5,12
"6.0 weeks for ['Bodybuilding', 'Powerbuilding', 'Muscle & Sculpting']",60,4,5,4,Leg Extension,4,12
"6.0 weeks for ['Bodybuilding', 'Powerbuilding', 'Muscle & Sculpting']",60,4,5,4,T-Bar Row,4,15
"6.0 weeks for ['Bodybuilding', 'Powerbuilding', 'Muscle & Sculpting']",60,4,5,4,Lateral Raise (Cable),4,15
"6.0 weeks for ['Bodybuilding', 'Powerbuilding', 'Muscle & Sculpting']",60,5,1,4,Incline Bench Press (Dumbbell),4,12
"6.0 weeks for ['Bodybuilding', 'Powerbuilding', 'Muscle & Sculpting']",60,5,1,4,Safety Bar Squat,3,12
"6.0 weeks for ['Bodybuilding', 'Powerbuilding', 'Muscle & Sculpting']",60,5,1,4,Pendlay Row,4,15
"6.0 weeks for ['Bodybuilding', 'Powerbuilding', 'Muscle & Sculpting']",60,5,1,4,Standing Calf Raise,3,15
"6.0 weeks for ['Bodybuilding', 'Powerbuilding', 'Muscle & Sculpting']",60,5,2,1,Sand Bag Conditioning,1,10
"6.0 weeks for ['Bodybuilding', 'Powerbuilding', 'Muscle & Sculpting']",60,5,3,4,Overhead Press (Dumbbell),4,10
"6.0 weeks for ['Bodybuilding', 'Powerbuilding', 'Muscle & Sculpting']",60,5,3,4,Trap Bar Deadlift,4,10
"6.0 weeks for ['Bodybuilding', 'Powerbuilding', 'Muscle & Sculpting']",60,5,3,4,Lat Pulldown,4,10
"6.0 weeks for ['Bodybuilding', 'Powerbuilding', 'Muscle & Sculpting']",60,5,3,4,Standing Calf Raise,4,12
"6.0 weeks for ['Bodybuilding', 'Powerbuilding', 'Muscle & Sculpting']",60,5,4,1,Sand Bag Conditioning,1,12
"6.0 weeks for ['Bodybuilding', 'Powerbuilding', 'Muscle & Sculpting']",60,5,5,4,Incline Bench Press (Dumbbell),5,12
"6.0 weeks for ['Bodybuilding', 'Powerbuilding', 'Muscle & Sculpting']",60,5,5,4,Leg Extension,4,12
"6.0 weeks for ['Bodybuilding', 'Powerbuilding', 'Muscle & Sculpting']",60,5,5,4,T-Bar Row,4,10
"6.0 weeks for ['Bodybuilding', 'Powerbuilding', 'Muscle & Sculpting']",60,5,5,4,Lateral Raise (Cable),4,12
"6.0 weeks for ['Bodybuilding', 'Powerbuilding', 'Muscle & Sculpting']",60,6,1,4,Incline Bench Press (Dumbbell),4,10
"6.0 weeks for ['Bodybuilding', 'Powerbuilding', 'Muscle & Sculpting']",60,6,1,4,Safety Bar Squat,3,10
"6.0 weeks for ['Bodybuilding', 'Powerbuilding', 'Muscle & Sculpting']",60,6,1,4,Pendlay Row,4,12
"6.0 weeks for ['Bodybuilding', 'Powerbuilding', 'Muscle & Sculpting']",60,6,1,4,Standing Calf Raise,3,12
"6.0 weeks for ['Bodybuilding', 'Powerbuilding', 'Muscle & Sculpting']",60,6,2,1,Sand Bag Conditioning,1,12
"6.0 weeks for ['Bodybuilding', 'Powerbuilding', 'Muscle & Sculpting']",60,6,3,4,Overhead Press (Dumbbell),4,12
"6.0 weeks for ['Bodybuilding', 'Powerbuilding', 'Muscle & Sculpting']",60,6,3,4,Trap Bar Deadlift,4,12
"6.0 weeks for ['Bodybuilding', 'Powerbuilding', 'Muscle & Sculpting']",60,6,3,4,Lat Pulldown,4,12
"6.0 weeks for ['Bodybuilding', 'Powerbuilding', 'Muscle & Sculpting']",60,6,3,4,Standing Calf Raise,4,15
"6.0 weeks for ['Bodybuilding', 'Powerbuilding', 'Muscle & Sculpting']",60,6,4,1,Sand Bag Conditioning,1,15
"6.0 weeks for ['Bodybuilding', 'Powerbuilding', 'Muscle & Sculpting']",60,6,5,4,Incline Bench Press (Dumbbell),5,12
"6.0 weeks for ['Bodybuilding', 'Powerbuilding', 'Muscle & Sculpting']",60,6,5,4,Leg Extension,4,12
"6.0 weeks for ['Bodybuilding', 'Powerbuilding', 'Muscle & Sculpting']",60,6,5,4,T-Bar Row,4,15
"6.0 weeks for ['Bodybuilding', 'Powerbuilding', 'Muscle & Sculpting']",60,6,5,4,Lateral Raise (Cable),4,15
"1.0 weeks for ['Bodybuilding', 'Muscle & Sculpting']",70,1,1,7,Shoulder Press (Machine),3,8
"1.0 weeks for ['Bodybuilding', 'Muscle & Sculpting']",70,1,1,7,Leg Press,3,10
"1.0 weeks for ['Bodybuilding', 'Muscle & Sculpting']",70,1,1,7,Lat Pulldown,3,15
"1.0 weeks for ['Bodybuilding', 'Muscle & Sculpting']",70,1,1,7,Single-Leg Leg Curl,3,20
"1.0 weeks for ['Bodybuilding', 'Muscle & Sculpting']",70,1,1,7,Bicep Curl (Machine),2,10
"1.0 weeks for ['Bodybuilding', 'Muscle & Sculpting']",70,1,1,7,Seated Dip (Machine),2,4
"1.0 weeks for ['Bodybuilding', 'Muscle & Sculpting']",70,1,1,7,Abs Crunch (Machine),3,12
"1.0 weeks for ['Bodybuilding', 'Muscle & Sculpting']",70,1,2,6,Lat Pulldown,3,18
"1.0 weeks for ['Bodybuilding', 'Muscle & Sculpting']",70,1,2,6,Chest Press (Machine),3,10
"1.0 weeks for ['Bodybuilding', 'Muscle & Sculpting']",70,1,2,6,Leg Press,3,4
"1.0 weeks for ['Bodybuilding', 'Muscle & Sculpting']",70,1,2,6,Shoulder Press (Machine),3,12
"1.0 weeks for ['Bodybuilding', 'Muscle & Sculpting']",70,1,2,6,Bicep Curl (Machine),3,12
"1.0 weeks for ['Bodybuilding', 'Muscle & Sculpting']",70,1,2,6,Abs Crunch (Machine),3,15
"1.0 weeks for ['Bodybuilding', 'Muscle & Sculpting']",70,1,3,6,Pull-Up (Assisted),3,15
"1.0 weeks for ['Bodybuilding', 'Muscle & Sculpting']",70,1,3,6,Incline Chest Press (Machine),3,4
"1.0 weeks for ['Bodybuilding', 'Muscle & Sculpting']",70,1,3,6,Leg Press,3,10
"1.0 weeks for ['Bodybuilding', 'Muscle & Sculpting']",70,1,3,6,Back Extension,3,12
"1.0 weeks for ['Bodybuilding', 'Muscle & Sculpting']",70,1,3,6,Seated Dip (Machine),3,15
"1.0 weeks for ['Bodybuilding', 'Muscle & Sculpting']",70,1,3,6,Abs Crunch (Machine),3,8
Greek God,40,1,1,6,Incline Bench Press (Barbell),1,11
Greek God,40,1,1,6,Overhead Press (Barbell),1,11
Greek God,40,1,1,6,Bench Press (Close Grip),1,12
Greek God,40,1,1,6,Incline Bench Press (Dumbbell),1,5
Greek God,40,1,1,6,Lateral Raise (Dumbbell),1,11
Greek God,40,1,1,6,Tricep Pushdown (Cable),1,11
Greek God,40,1,2,5,Chin-Up (Weighted),1,8
Greek God,40,1,2,5,Incline Curl (Dumbbell),1,5
Greek God,40,1,2,5,Squat (Barbell),1,6
Greek God,40,1,2,5,Seated Row (Cable),1,11
Greek God,40,1,2,5,Bicep Curl (Cable),1,7
Greek God,40,2,1,6,Incline Bench Press (Barbell),1,15
Greek God,40,2,1,6,Overhead Press (Barbell),1,11
Greek God,40,2,1,6,Bench Press (Close Grip),1,12
Greek God,40,2,1,6,Incline Bench Press (Dumbbell),1,6
Greek God,40,2,1,6,Lateral Raise (Dumbbell),1,6
Greek God,40,2,1,6,Tricep Pushdown (Cable),1,11
Greek God,40,2,2,5,Chin-Up (Weighted),1,11
Greek God,40,2,2,5,Incline Curl (Dumbbell),1,11
Greek God,40,2,2,5,Squat (Barbell),1,12
Greek God,40,2,2,5,Seated Row (Cable),1,5
Greek God,40,2,2,5,Bicep Curl (Cable),1,11
Greek God,40,3,1,6,Incline Bench Press (Barbell),1,11
Greek God,40,3,1,6,Overhead Press (Barbell),1,8
Greek God,40,3,1,6,Bench Press (Close Grip),1,5
Greek God,40,3,1,6,Incline Bench Press (Dumbbell),1,6
Greek God,40,3,1,6,Lateral Raise (Dumbbell),1,11
Greek God,40,3,1,6,Tricep Pushdown (Cable),1,7
Greek God,40,3,2,5,Chin-Up (Weighted),1,15
Greek God,40,3,2,5,Incline Curl (Dumbbell),1,11
Greek God,40,3,2,5,Squat (Barbell),1,12
Greek God,40,3,2,5,Seated Row (Cable),1,6
Greek God,40,3,2,5,Bicep Curl (Cable),1,6
Greek God,40,4,1,6,Incline Bench Press (Barbell),1,11
Greek God,40,4,1,6,Overhead Press (Barbell),1,11
Greek God,40,4,1,6,Bench Press (Close Grip),1,11
Greek God,40,4,1,6,Incline Bench Press (Dumbbell),1,12
Greek God,40,4,1,6,Lateral Raise (Dumbbell),1,5
Greek God,40,4,1,6,Tricep Pushdown (Cable),1,11
Greek God,40,4,2,5,Chin-Up (Weighted),1,11
Greek God,40,4,2,5,Incline Curl (Dumbbell),1,8
Greek God,40,4,2,5,Squat (Barbell),1,5
Greek God,40,4,2,5,Seated Row (Cable),1,6
Greek God,40,4,2,5,Bicep Curl (Cable),1,11
Greek God,40,5,1,6,Incline Bench Press (Barbell),1,7
Greek God,40,5,1,6,Overhead Press (Barbell),1,15
Greek God,40,5,1,6,Bench Press (Close Grip),1,11
Greek God,40,5,1,6,Incline Bench Press (Dumbbell),1,12
Greek God,40,5,1,6,Lateral Raise (Dumbbell),1,6
Greek God,40,5,1,6,Tricep Pushdown (Cable),1,6
Greek God,40,5,2,5,Chin-Up (Weighted),1,11
Greek God,40,5,2,5,Incline Curl (Dumbbell),1,11
Greek God,40,5,2,5,Squat (Barbell),1,11
Greek God,40,5,2,5,Seated Row (Cable),1,12
Greek God,40,5,2,5,Bicep Curl (Cable),1,5
Greek God,40,6,1,6,Incline Bench Press (Barbell),1,11
Greek God,40,6,1,6,Overhead Press (Barbell),1,11
Greek God,40,6,1,6,Bench Press (Close Grip),1,8
Greek God,40,6,1,6,Incline Bench Press (Dumbbell),1,5
Greek God,40,6,1,6,Lateral Raise (Dumbbell),1,6
Greek God,40,6,1,6,Tricep Pushdown (Cable),1,11
Greek God,40,6,2,5,Chin-Up (Weighted),1,7
Greek God,40,6,2,5,Incline Curl (Dumbbell),1,15
Greek God,40,6,2,5,Squat (Barbell),1,11
Greek God,40,6,2,5,Seated Row (Cable),1,12
Greek God,40,6,2,5,Bicep Curl (Cable),1,8
Greek God,50,1,1,4,Incline Bench Press (Barbell),1,8
Greek God,50,1,1,4,Military Press (Barbell),1,8
Greek God,50,1,1,4,Lateral Raise (Dumbbell),3,10
Greek God,50,1,1,4,Bench Press (Close Grip),3,6
Greek God,50,1,2,5,Chin-Up (Weighted),1,12
Greek God,50,1,2,5,Leg Press (45 Degrees),1,12
Greek God,50,1,2,5,Standing Calf Raise,3,10
Greek God,50,1,2,5,Rear Delt Fly (Dumbbell),3,9
Greek God,50,1,2,5,Bicep Curl (Barbell),3,10
Greek God,50,1,3,4,Incline Bench Press (Barbell),1,8
Greek God,50,1,3,4,Military Press (Barbell),1,8
Greek God,50,1,3,4,Lateral Raise (Dumbbell),3,12
Greek God,50,1,3,4,Bench Press (Close Grip),3,18
Greek God,50,2,1,5,Chin-Up (Weighted),1,8
Greek God,50,2,1,5,Leg Press (45 Degrees),1,8
Greek God,50,2,1,5,Standing Calf Raise,3,8
Greek God,50,2,1,5,Rear Delt Fly (Dumbbell),3,10
Greek God,50,2,1,5,Bicep Curl (Barbell),3,6
Greek God,50,2,2,4,Incline Bench Press (Barbell),1,12
Greek God,50,2,2,4,Military Press (Barbell),1,12
Greek God,50,2,2,4,Lateral Raise (Dumbbell),3,10
Greek God,50,2,2,4,Bench Press (Close Grip),3,9
Greek God,50,2,3,5,Chin-Up (Weighted),1,10
Greek God,50,2,3,5,Leg Press (45 Degrees),1,8
Greek God,50,2,3,5,Standing Calf Raise,3,8
Greek God,50,2,3,5,Rear Delt Fly (Dumbbell),3,12
Greek God,50,2,3,5,Bicep Curl (Barbell),3,18
Greek God,50,3,1,4,Incline Bench Press (Barbell),1,8
Greek God,50,3,1,4,Military Press (Barbell),1,8
Greek God,50,3,1,4,Lateral Raise (Dumbbell),3,8
Greek God,50,3,1,4,Bench Press (Close Grip),3,10
Greek God,50,3,2,5,Chin-Up (Weighted),1,6
Greek God,50,3,2,5,Leg Press (45 Degrees),1,12
Greek God,50,3,2,5,Standing Calf Raise,3,12
Greek God,50,3,2,5,Rear Delt Fly (Dumbbell),3,4
Greek God,50,3,2,5,Bicep Curl (Barbell),3,6
Greek God,50,3,3,4,Incline Bench Press (Barbell),1,4
Greek God,50,3,3,4,Military Press (Barbell),1,6
Greek God,50,3,3,4,Lateral Raise (Dumbbell),3,8
Greek God,50,3,3,4,Bench Press (Close Grip),3,8
Greek God,50,4,1,5,Chin-Up (Weighted),1,10
Greek God,50,4,1,5,Leg Press (45 Degrees),1,6
Greek God,50,4,1,5,Standing Calf Raise,3,6
Greek God,50,4,1,5,Rear Delt Fly (Dumbbell),3,8
Greek God,50,4,1,5,Bicep Curl (Barbell),3,6
Greek God,50,4,2,4,Incline Bench Press (Barbell),1,8
Greek God,50,4,2,4,Military Press (Barbell),1,8
Greek God,50,4,2,4,Lateral Raise (Dumbbell),3,10
Greek God,50,4,2,4,Bench Press (Close Grip),3,4
Greek God,50,4,3,5,Chin-Up (Weighted),1,6
Greek God,50,4,3,5,Leg Press (45 Degrees),1,8
Greek God,50,4,3,5,Standing Calf Raise,3,6
Greek God,50,4,3,5,Rear Delt Fly (Dumbbell),3,8
Greek God,50,4,3,5,Bicep Curl (Barbell),3,8
Greek God,50,5,1,4,Incline Bench Press (Barbell),1,10
Greek God,50,5,1,4,Military Press (Barbell),1,6
Greek God,50,5,1,4,Lateral Raise (Dumbbell),3,6
Greek God,50,5,1,4,Bench Press (Close Grip),3,4
Greek God,50,5,2,5,Chin-Up (Weighted),1,6
Greek God,50,5,2,5,Leg Press (45 Degrees),1,8
Greek God,50,5,2,5,Standing Calf Raise,3,8
Greek God,50,5,2,5,Rear Delt Fly (Dumbbell),3,10
Greek God,50,5,2,5,Bicep Curl (Barbell),3,4
Greek God,50,5,3,4,Incline Bench Press (Barbell),1,8
Greek God,50,5,3,4,Military Press (Barbell),1,6
Greek God,50,5,3,4,Lateral Raise (Dumbbell),3,6
Greek God,50,5,3,4,Bench Press (Close Grip),3,8
Greek God,50,6,1,5,Chin-Up (Weighted),1,8
Greek God,50,6,1,5,Leg Press (45 Degrees),1,10
Greek God,50,6,1,5,Standing Calf Raise,3,8
Greek God,50,6,1,5,Rear Delt Fly (Dumbbell),3,8
Greek God,50,6,1,5,Bicep Curl (Barbell),3,10
Greek God,50,6,2,4,Incline Bench Press (Barbell),1,6
Greek God,50,6,2,4,Military Press (Barbell),1,8
Greek God,50,6,2,4,Lateral Raise (Dumbbell),3,8
Greek God,50,6,2,4,Bench Press (Close Grip),3,10
Greek God,50,6,3,5,Chin-Up (Weighted),1,4
Greek God,50,6,3,5,Leg Press (45 Degrees),1,8
Greek God,50,6,3,5,Standing Calf Raise,3,6
Greek God,50,6,3,5,Rear Delt Fly (Dumbbell),3,6
Greek God,50,6,3,5,Bicep Curl (Barbell),3,8
Baki Mode,120,1,1,9,L-sit Pull Ups,4,8
Baki Mode,120,1,1,9,Preacher Curl (Dumbbell),4,12
Baki Mode,120,1,1,9,Bent Over Row (Barbell),4,10
Baki Mode,120,1,1,9,Standing Pullover (Cable),4,8
Baki Mode,120,1,1,9,Upright Row (Barbell),4,10
Baki Mode,120,1,1,9,Bicep Curl (Barbell),4,8
Baki Mode,120,1,1,9,Pull-Up (Bodyweight),3,10
Baki Mode,120,1,1,9,Decline Sit Up (Weighted),4,12
Baki Mode,120,1,1,9,Wrist Cable Supination,4,10
Baki Mode,120,1,2,7,Bench Press (Barbell),3,10
Baki Mode,120,1,2,7,Overhead Tricep Extension (Cable),4,8
Baki Mode,120,1,2,7,Chest Fly (Machine),4,10
Baki Mode,120,1,2,7,Hammer Curl (Dumbbell),4,12
Baki Mode,120,1,2,7,Decline Crunch,4,10
Baki Mode,120,1,2,7,Lateral Raise (Cable),3,14
Baki Mode,120,1,2,7,Wrist Curls,4,10
Baki Mode,120,1,3,9,Romanian Deadlift (Barbell),3,8
Baki Mode,120,1,3,9,Reverse Pec Deck,4,8
Baki Mode,120,1,3,9,Hack Squat,4,12
Baki Mode,120,1,3,9,Hip Thrust (Barbell),4,8
Baki Mode,120,1,3,9,Standing Calf Raise,4,12
Baki Mode,120,1,3,9,Leg Curl,4,10
Baki Mode,120,1,3,9,Russian Twist,4,10
Baki Mode,120,1,3,9,Wrist Radial Deviation,4,6
Baki Mode,120,1,3,9,Neck Curl,4,10
Baki Mode,120,1,4,9,Wide Grip Pull-Up,4,12
Baki Mode,120,1,4,9,Bicep Curl (Dumbbell),4,8
Baki Mode,120,1,4,9,Kroc Row,4,12
Baki Mode,120,1,4,9,Lying Pullover (Cable),3,10
Baki Mode,120,1,4,9,Smith Upright Row,4,8
Baki Mode,120,1,4,9,Bicep Curl (Cable),3,10
Baki Mode,120,1,4,9,Lat Pulldown,3,8
Baki Mode,120,1,4,9,Decline Sit Up (Bodyweight),4,10
Baki Mode,120,1,4,9,Wrist Pronation,4,12
Baki Mode,120,1,5,7,Tricep Pushdown (Cable),4,10
Baki Mode,120,1,5,7,Dip (Bodyweight),3,10
Baki Mode,120,1,5,7,Hammer Curl (Dumbbell),4,8
Baki Mode,120,1,5,7,Push Up,4,10
Baki Mode,120,1,5,7,Lateral Raise (Dumbbell),4,12
Baki Mode,120,1,5,7,Abs Crunch (Bodyweight),4,10
Baki Mode,120,1,5,7,Reverse Wrist Curl (Barbell),4,14
Baki Mode,120,1,6,7,Hyperextension,4,10
Baki Mode,120,1,6,7,Single Arm Rear Delt Fly (Cable),3,8
Baki Mode,120,1,6,7,Leg Press,4,8
Baki Mode,120,1,6,7,Leg Curl,3,12
Baki Mode,120,1,6,7,Side Bend (Dumbbell),4,8
Baki Mode,120,1,6,7,Wrist Ulnar Deviation,3,12
Baki Mode,120,1,6,7,Neck Extension,4,10
Baki Mode,120,2,1,9,L-sit Pull Ups,4,10
Baki Mode,120,2,1,9,Preacher Curl (Dumbbell),4,6
Baki Mode,120,2,1,9,Bent Over Row (Barbell),4,10
Baki Mode,120,2,1,9,Standing Pullover (Cable),4,12
Baki Mode,120,2,1,9,Upright Row (Barbell),4,8
Baki Mode,120,2,1,9,Bicep Curl (Barbell),4,12
Baki Mode,120,2,1,9,Pull-Up (Bodyweight),3,10
Baki Mode,120,2,1,9,Decline Sit Up (Weighted),4,8
Baki Mode,120,2,1,9,Wrist Cable Supination,4,10
Baki Mode,120,2,2,6,Bench Press (Barbell),1,8
Baki Mode,120,2,2,6,Bench Press (Barbell),1,10
Baki Mode,120,2,2,6,Overhead Tricep Extension (Cable),1,12
Baki Mode,120,2,2,6,Chest Fly (Machine),1,10
Baki Mode,120,2,2,6,Hammer Curl (Dumbbell),1,10
Baki Mode,120,2,2,6,Decline Crunch,1,8
Baki Mode,120,2,3,9,Romanian Deadlift (Barbell),3,10
Baki Mode,120,2,3,9,Reverse Pec Deck,4,12
Baki Mode,120,2,3,9,Hack Squat,4,10
Baki Mode,120,2,3,9,Hip Thrust (Barbell),4,14
Baki Mode,120,2,3,9,Standing Calf Raise,4,10
Baki Mode,120,2,3,9,Leg Curl,4,8
Baki Mode,120,2,3,9,Russian Twist,4,8
Baki Mode,120,2,3,9,Wrist Radial Deviation,4,12
Baki Mode,120,2,3,9,Neck Curl,4,8
Baki Mode,120,2,4,9,Wide Grip Pull-Up,4,12
Baki Mode,120,2,4,9,Bicep Curl (Dumbbell),4,10
Baki Mode,120,2,4,9,Kroc Row,4,10
Baki Mode,120,2,4,9,Lying Pullover (Cable),3,6
Baki Mode,120,2,4,9,Smith Upright Row,4,10
Baki Mode,120,2,4,9,Bicep Curl (Cable),3,12
Baki Mode,120,2,4,9,Lat Pulldown,3,8
Baki Mode,120,2,4,9,Decline Sit Up (Bodyweight),4,12
Baki Mode,120,2,4,9,Wrist Pronation,4,10
Baki Mode,120,2,5,7,Dip (Bodyweight),3,8
Baki Mode,120,2,5,7,Tricep Pushdown (Cable),4,10
Baki Mode,120,2,5,7,Push Up,4,8
Baki Mode,120,2,5,7,Hammer Curl (Dumbbell),4,10
Baki Mode,120,2,5,7,Lateral Raise (Dumbbell),4,12
Baki Mode,120,2,5,7,Abs Crunch (Bodyweight),4,10
Baki Mode,120,2,5,7,Reverse Wrist Curl (Barbell),4,10
Baki Mode,120,2,6,7,Hyperextension,4,8
Baki Mode,120,2,6,7,Single Arm Rear Delt Fly (Cable),3,10
Baki Mode,120,2,6,7,Leg Press,4,12
Baki Mode,120,2,6,7,Leg Curl,3,10
Baki Mode,120,2,6,7,Side Bend (Dumbbell),4,14
Baki Mode,120,2,6,7,Wrist Ulnar Deviation,3,10
Baki Mode,120,2,6,7,Neck Extension,4,8
Baki Mode,120,3,1,9,L-sit Pull Ups,4,8
Baki Mode,120,3,1,9,Preacher Curl (Dumbbell),4,12
Baki Mode,120,3,1,9,Bent Over Row (Barbell),4,8
Baki Mode,120,3,1,9,Standing Pullover (Cable),4,12
Baki Mode,120,3,1,9,Upright Row (Barbell),4,10
Baki Mode,120,3,1,9,Bicep Curl (Barbell),4,10
Baki Mode,120,3,1,9,Pull-Up (Bodyweight),3,6
Baki Mode,120,3,1,9,Decline Sit Up (Weighted),4,10
Baki Mode,120,3,1,9,Wrist Cable Supination,4,12
Baki Mode,120,3,2,6,Bench Press (Barbell),1,8
Baki Mode,120,3,2,6,Bench Press (Barbell),1,12
Baki Mode,120,3,2,6,Overhead Tricep Extension (Cable),1,10
Baki Mode,120,3,2,6,Chest Fly (Machine),1,8
Baki Mode,120,3,2,6,Hammer Curl (Dumbbell),1,10
Baki Mode,120,3,2,6,Decline Crunch,1,8
Baki Mode,120,3,3,9,Romanian Deadlift (Barbell),3,10
Baki Mode,120,3,3,9,Reverse Pec Deck,4,12
Baki Mode,120,3,3,9,Hack Squat,4,10
Baki Mode,120,3,3,9,Hip Thrust (Barbell),4,10
Baki Mode,120,3,3,9,Standing Calf Raise,4,8
Baki Mode,120,3,3,9,Leg Curl,4,10
Baki Mode,120,3,3,9,Russian Twist,4,12
Baki Mode,120,3,3,9,Wrist Radial Deviation,4,10
Baki Mode,120,3,3,9,Neck Curl,4,14
Baki Mode,120,3,4,9,Wide Grip Pull-Up,4,10
Baki Mode,120,3,4,9,Bicep Curl (Dumbbell),4,8
Baki Mode,120,3,4,9,Kroc Row,4,8
Baki Mode,120,3,4,9,Lying Pullover (Cable),3,12
Baki Mode,120,3,4,9,Smith Upright Row,4,8
Baki Mode,120,3,4,9,Bicep Curl (Cable),3,12
Baki Mode,120,3,4,9,Lat Pulldown,3,10
Baki Mode,120,3,4,9,Decline Sit Up (Bodyweight),4,10
Baki Mode,120,3,4,9,Wrist Pronation,4,6
Baki Mode,120,3,5,7,Dip (Bodyweight),3,10
Baki Mode,120,3,5,7,Tricep Pushdown (Cable),4,12
Baki Mode,120,3,5,7,Push Up,4,8
Baki Mode,120,3,5,7,Hammer Curl (Dumbbell),4,12
Baki Mode,120,3,5,7,Lateral Raise (Dumbbell),4,10
Baki Mode,120,3,5,7,Abs Crunch (Bodyweight),4,8
Baki Mode,120,3,5,7,Reverse Wrist Curl (Barbell),4,10
Baki Mode,120,3,6,7,Hyperextension,4,8
Baki Mode,120,3,6,7,Single Arm Rear Delt Fly (Cable),3,10
Baki Mode,120,3,6,7,Leg Press,4,12
Baki Mode,120,3,6,7,Leg Curl,3,10
Baki Mode,120,3,6,7,Side Bend (Dumbbell),4,10
Baki Mode,120,3,6,7,Wrist Ulnar Deviation,3,8
Baki Mode,120,3,6,7,Neck Extension,4,10
Baki Mode,120,4,1,9,L-sit Pull Ups,4,12
Baki Mode,120,4,1,9,Preacher Curl (Dumbbell),4,10
Baki Mode,120,4,1,9,Bent Over Row (Barbell),4,14
Baki Mode,120,4,1,9,Standing Pullover (Cable),4,10
Baki Mode,120,4,1,9,Upright Row (Barbell),4,8
Baki Mode,120,4,1,9,Bicep Curl (Barbell),4,8
Baki Mode,120,4,1,9,Pull-Up (Bodyweight),3,12
Baki Mode,120,4,1,9,Decline Sit Up (Weighted),4,8
Baki Mode,120,4,1,9,Wrist Cable Supination,4,12
Baki Mode,120,4,2,6,Bench Press (Barbell),1,10
Baki Mode,120,4,2,6,Overhead Tricep Extension (Cable),1,6
Baki Mode,120,4,2,6,Chest Fly (Machine),1,10
Baki Mode,120,4,2,6,Hammer Curl (Dumbbell),1,12
Baki Mode,120,4,2,6,Decline Crunch,1,8
Baki Mode,120,4,3,9,Romanian Deadlift (Barbell),3,12
Baki Mode,120,4,3,9,Reverse Pec Deck,4,10
Baki Mode,120,4,3,9,Hack Squat,4,8
Baki Mode,120,4,3,9,Hip Thrust (Barbell),4,10
Baki Mode,120,4,3,9,Standing Calf Raise,4,8
Baki Mode,120,4,3,9,Leg Curl,4,10
Baki Mode,120,4,3,9,Russian Twist,4,12
Baki Mode,120,4,3,9,Wrist Radial Deviation,4,10
Baki Mode,120,4,3,9,Neck Curl,4,10
Baki Mode,120,4,4,9,Wide Grip Pull-Up,4,8
Baki Mode,120,4,4,9,Bicep Curl (Dumbbell),4,10
Baki Mode,120,4,4,9,Kroc Row,4,12
Baki Mode,120,4,4,9,Lying Pullover (Cable),3,10
Baki Mode,120,4,4,9,Smith Upright Row,4,14
Baki Mode,120,4,4,9,Bicep Curl (Cable),3,10
Baki Mode,120,4,4,9,Lat Pulldown,3,8
Baki Mode,120,4,4,9,Decline Sit Up (Bodyweight),4,8
Baki Mode,120,4,4,9,Wrist Pronation,4,12
Baki Mode,120,4,5,7,Dip (Bodyweight),3,8
Baki Mode,120,4,5,7,Tricep Pushdown (Cable),4,12
Baki Mode,120,4,5,7,Push Up,4,10
Baki Mode,120,4,5,7,Hammer Curl (Dumbbell),4,10
Baki Mode,120,4,5,7,Lateral Raise (Dumbbell),4,6
Baki Mode,120,4,5,7,Abs Crunch (Bodyweight),4,10
Baki Mode,120,4,5,7,Reverse Wrist Curl (Barbell),4,12
Baki Mode,120,4,6,7,Hyperextension,4,8
Baki Mode,120,4,6,7,Single Arm Rear Delt Fly (Cable),3,12
Baki Mode,120,4,6,7,Leg Press,4,10
Baki Mode,120,4,6,7,Leg Curl,3,14
Baki Mode,120,4,6,7,Side Bend (Dumbbell),4,6
Baki Mode,120,4,6,7,Wrist Ulnar Deviation,3,12
Baki Mode,120,4,6,7,Neck Extension,4,10
Baki Mode,120,5,1,9,L-sit Pull Ups,4,14
Baki Mode,120,5,1,9,Preacher Curl (Dumbbell),4,52
Baki Mode,120,5,1,9,Bent Over Row (Barbell),4,8
Baki Mode,120,5,1,9,Standing Pullover (Cable),4,10
Baki Mode,120,5,1,9,Upright Row (Barbell),4,10
Baki Mode,120,5,1,9,Bicep Curl (Barbell),4,10
Baki Mode,120,5,1,9,Pull-Up (Bodyweight),3,10
Baki Mode,120,5,1,9,Decline Sit Up (Weighted),4,12
Baki Mode,120,5,1,9,Wrist Cable Supination,4,22
Baki Mode,120,5,2,6,Bench Press (Barbell),1,10
Baki Mode,120,5,2,6,Bench Press (Barbell),1,8
Baki Mode,120,5,2,6,Overhead Tricep Extension (Cable),1,8
Baki Mode,120,5,2,6,Chest Fly (Machine),1,10
Baki Mode,120,5,2,6,Hammer Curl (Dumbbell),1,10
Baki Mode,120,5,2,6,Decline Crunch,1,12
Baki Mode,120,5,3,9,Romanian Deadlift (Barbell),3,22
Baki Mode,120,5,3,9,Reverse Pec Deck,4,5
Baki Mode,120,5,3,9,Hack Squat,4,10
Baki Mode,120,5,3,9,Hip Thrust (Barbell),4,10
Baki Mode,120,5,3,9,Standing Calf Raise,4,7
Baki Mode,120,5,3,9,Leg Curl,4,12
Baki Mode,120,5,3,9,Russian Twist,4,14
Baki Mode,120,5,3,9,Wrist Radial Deviation,4,6
Baki Mode,120,5,3,9,Neck Curl,4,12
Baki Mode,120,5,4,9,Wide Grip Pull-Up,4,10
Baki Mode,120,5,4,9,Bicep Curl (Dumbbell),4,14
Baki Mode,120,5,4,9,Kroc Row,4,52
Baki Mode,120,5,4,9,Lying Pullover (Cable),3,8
Baki Mode,120,5,4,9,Smith Upright Row,4,10
Baki Mode,120,5,4,9,Bicep Curl (Cable),3,10
Baki Mode,120,5,4,9,Lat Pulldown,3,10
Baki Mode,120,5,4,9,Decline Sit Up (Bodyweight),4,10
Baki Mode,120,5,4,9,Wrist Pronation,4,12
Baki Mode,120,5,5,7,Dip (Bodyweight),3,22
Baki Mode,120,5,5,7,Tricep Pushdown (Cable),4,10
Baki Mode,120,5,5,7,Push Up,4,8
Baki Mode,120,5,5,7,Hammer Curl (Dumbbell),4,8
Baki Mode,120,5,5,7,Lateral Raise (Dumbbell),4,10
Baki Mode,120,5,5,7,Abs Crunch (Bodyweight),4,10
Baki Mode,120,5,5,7,Reverse Wrist Curl (Barbell),4,12
Baki Mode,120,5,6,7,Hyperextension,4,22
Baki Mode,120,5,6,7,Single Arm Rear Delt Fly (Cable),3,5
Baki Mode,120,5,6,7,Leg Press,4,10
Baki Mode,120,5,6,7,Leg Curl,3,10
Baki Mode,120,5,6,7,Side Bend (Dumbbell),4,7
Baki Mode,120,5,6,7,Wrist Ulnar Deviation,3,12
Baki Mode,120,5,6,7,Neck Extension,4,14
Baki Mode,120,6,1,9,L-sit Pull Ups,4,6
Baki Mode,120,6,1,9,Preacher Curl (Dumbbell),4,12
Baki Mode,120,6,1,9,Bent Over Row (Barbell),4,10
Baki Mode,120,6,1,9,Standing Pullover (Cable),4,14
Baki Mode,120,6,1,9,Upright Row (Barbell),4,52
Baki Mode,120,6,1,9,Bicep Curl (Barbell),4,8
Baki Mode,120,6,1,9,Pull-Up (Bodyweight),3,10
Baki Mode,120,6,1,9,Decline Sit Up (Weighted),4,10
Baki Mode,120,6,1,9,Wrist Cable Supination,4,10
Baki Mode,120,6,2,6,Bench Press (Barbell),1,10
Baki Mode,120,6,2,6,Bench Press (Barbell),1,12
Baki Mode,120,6,2,6,Overhead Tricep Extension (Cable),1,22
Baki Mode,120,6,2,6,Chest Fly (Machine),1,10
Baki Mode,120,6,2,6,Hammer Curl (Dumbbell),1,8
Baki Mode,120,6,2,6,Decline Crunch,1,8
Baki Mode,120,6,3,9,Romanian Deadlift (Barbell),3,10
Baki Mode,120,6,3,9,Reverse Pec Deck,4,10
Baki Mode,120,6,3,9,Hack Squat,4,12
Baki Mode,120,6,3,9,Hip Thrust (Barbell),4,22
Baki Mode,120,6,3,9,Standing Calf Raise,4,5
Baki Mode,120,6,3,9,Leg Curl,4,10
Baki Mode,120,6,3,9,Russian Twist,4,10
Baki Mode,120,6,3,9,Wrist Radial Deviation,4,7
Baki Mode,120,6,3,9,Neck Curl,4,12
Baki Mode,120,6,4,9,Wide Grip Pull-Up,4,14
Baki Mode,120,6,4,9,Bicep Curl (Dumbbell),4,6
Baki Mode,120,6,4,9,Kroc Row,4,12
Baki Mode,120,6,4,9,Lying Pullover (Cable),3,10
Baki Mode,120,6,4,9,Smith Upright Row,4,14
Baki Mode,120,6,4,9,Bicep Curl (Cable),3,52
Baki Mode,120,6,4,9,Lat Pulldown,3,8
Baki Mode,120,6,4,9,Decline Sit Up (Bodyweight),4,10
Baki Mode,120,6,4,9,Wrist Pronation,4,10
Baki Mode,120,6,5,7,Dip (Bodyweight),3,10
Baki Mode,120,6,5,7,Tricep Pushdown (Cable),4,10
Baki Mode,120,6,5,7,Push Up,4,12
Baki Mode,120,6,5,7,Hammer Curl (Dumbbell),4,22
Baki Mode,120,6,5,7,Lateral Raise (Dumbbell),4,10
Baki Mode,120,6,5,7,Abs Crunch (Bodyweight),4,8
Baki Mode,120,6,5,7,Reverse Wrist Curl (Barbell),4,8
Baki Mode,120,6,6,7,Hyperextension,4,10
Baki Mode,120,6,6,7,Single Arm Rear Delt Fly (Cable),3,10
Baki Mode,120,6,6,7,Leg Press,4,12
Baki Mode,120,6,6,7,Leg Curl,3,22
Baki Mode,120,6,6,7,Side Bend (Dumbbell),4,5
Baki Mode,120,6,6,7,Wrist Ulnar Deviation,3,10
Baki Mode,120,6,6,7,Neck Extension,4,10
Baki Mode,120,7,1,9,L-sit Pull Ups,4,7
Baki Mode,120,7,1,9,Preacher Curl (Dumbbell),4,12
Baki Mode,120,7,1,9,Bent Over Row (Barbell),4,14
Baki Mode,120,7,1,9,Standing Pullover (Cable),4,6
Baki Mode,120,7,1,9,Upright Row (Barbell),4,12
Baki Mode,120,7,1,9,Bicep Curl (Barbell),4,10
Baki Mode,120,7,1,9,Pull-Up (Bodyweight),3,14
Baki Mode,120,7,1,9,Decline Sit Up (Weighted),4,52
Baki Mode,120,7,1,9,Wrist Cable Supination,4,8
Baki Mode,120,7,2,6,Bench Press (Barbell),1,10
Baki Mode,120,7,2,6,Overhead Tricep Extension (Cable),1,10
Baki Mode,120,7,2,6,Chest Fly (Machine),1,10
Baki Mode,120,7,2,6,Hammer Curl (Dumbbell),1,12
Baki Mode,120,7,2,6,Decline Crunch,1,22
Baki Mode,120,7,3,9,Romanian Deadlift (Barbell),3,10
Baki Mode,120,7,3,9,Reverse Pec Deck,4,8
Baki Mode,120,7,3,9,Hack Squat,4,8
Baki Mode,120,7,3,9,Hip Thrust (Barbell),4,10
Baki Mode,120,7,3,9,Standing Calf Raise,4,10
Baki Mode,120,7,3,9,Leg Curl,4,12
Baki Mode,120,7,3,9,Russian Twist,4,22
Baki Mode,120,7,3,9,Wrist Radial Deviation,4,5
Baki Mode,120,7,3,9,Neck Curl,4,10
Baki Mode,120,7,4,9,Wide Grip Pull-Up,4,10
Baki Mode,120,7,4,9,Bicep Curl (Dumbbell),4,7
Baki Mode,120,7,4,9,Kroc Row,4,12
Baki Mode,120,7,4,9,Lying Pullover (Cable),3,14
Baki Mode,120,7,4,9,Smith Upright Row,4,6
Baki Mode,120,7,4,9,Bicep Curl (Cable),3,12
Baki Mode,120,7,4,9,Lat Pulldown,3,10
Baki Mode,120,7,4,9,Decline Sit Up (Bodyweight),4,14
Baki Mode,120,7,4,9,Wrist Pronation,4,52
Baki Mode,120,7,5,7,Dip (Bodyweight),3,8
Baki Mode,120,7,5,7,Tricep Pushdown (Cable),4,10
Baki Mode,120,7,5,7,Push Up,4,10
Baki Mode,120,7,5,7,Hammer Curl (Dumbbell),4,10
Baki Mode,120,7,5,7,Lateral Raise (Dumbbell),4,10
Baki Mode,120,7,5,7,Abs Crunch (Bodyweight),4,12
Baki Mode,120,7,5,7,Reverse Wrist Curl (Barbell),4,22
Baki Mode,120,7,6,7,Hyperextension,4,10
Baki Mode,120,7,6,7,Single Arm Rear Delt Fly (Cable),3,8
Baki Mode,120,7,6,7,Leg Press,4,8
Baki Mode,120,7,6,7,Leg Curl,3,10
Baki Mode,120,7,6,7,Side Bend (Dumbbell),4,10
Baki Mode,120,7,6,7,Wrist Ulnar Deviation,3,12
Baki Mode,120,7,6,7,Neck Extension,4,22
Baki Mode,120,8,1,9,L-sit Pull Ups,4,5
Baki Mode,120,8,1,9,Preacher Curl (Dumbbell),4,10
Baki Mode,120,8,1,9,Bent Over Row (Barbell),4,10
Baki Mode,120,8,1,9,Standing Pullover (Cable),4,7
Baki Mode,120,8,1,9,Upright Row (Barbell),4,12
Baki Mode,120,8,1,9,Bicep Curl (Barbell),4,14
Baki Mode,120,8,1,9,Pull-Up (Bodyweight),3,6
Baki Mode,120,8,1,9,Decline Sit Up (Weighted),4,12
Baki Mode,120,8,1,9,Wrist Cable Supination,4,10
Baki Mode,120,8,2,6,Bench Press (Barbell),1,14
Baki Mode,120,8,2,6,Bench Press (Barbell),1,52
Baki Mode,120,8,2,6,Overhead Tricep Extension (Cable),1,8
Baki Mode,120,8,2,6,Chest Fly (Machine),1,10
Baki Mode,120,8,2,6,Hammer Curl (Dumbbell),1,10
Baki Mode,120,8,2,6,Decline Crunch,1,10
Baki Mode,120,8,3,9,Romanian Deadlift (Barbell),3,10
Baki Mode,120,8,3,9,Reverse Pec Deck,4,12
Baki Mode,120,8,3,9,Hack Squat,4,22
Baki Mode,120,8,3,9,Hip Thrust (Barbell),4,10
Baki Mode,120,8,3,9,Standing Calf Raise,4,8
Baki Mode,120,8,3,9,Leg Curl,4,8
Baki Mode,120,8,3,9,Russian Twist,4,10
Baki Mode,120,8,3,9,Wrist Radial Deviation,4,10
Baki Mode,120,8,3,9,Neck Curl,4,12
Baki Mode,120,8,4,9,Wide Grip Pull-Up,4,22
Baki Mode,120,8,4,9,Bicep Curl (Dumbbell),4,5
Baki Mode,120,8,4,9,Kroc Row,4,10
Baki Mode,120,8,4,9,Lying Pullover (Cable),3,10
Baki Mode,120,8,4,9,Smith Upright Row,4,7
Baki Mode,120,8,4,9,Bicep Curl (Cable),3,12
Baki Mode,120,8,4,9,Lat Pulldown,3,14
Baki Mode,120,8,4,9,Decline Sit Up (Bodyweight),4,6
Baki Mode,120,8,4,9,Wrist Pronation,4,12
Baki Mode,120,8,5,7,Dip (Bodyweight),3,10
Baki Mode,120,8,5,7,Tricep Pushdown (Cable),4,14
Baki Mode,120,8,5,7,Push Up,4,52
Baki Mode,120,8,5,7,Hammer Curl (Dumbbell),4,8
Baki Mode,120,8,5,7,Lateral Raise (Dumbbell),4,10
Baki Mode,120,8,5,7,Abs Crunch (Bodyweight),4,10
Baki Mode,120,8,5,7,Reverse Wrist Curl (Barbell),4,10
Baki Mode,120,8,6,7,Hyperextension,4,10
Baki Mode,120,8,6,7,Single Arm Rear Delt Fly (Cable),3,12
Baki Mode,120,8,6,7,Leg Press,4,22
Baki Mode,120,8,6,7,Leg Curl,3,10
Baki Mode,120,8,6,7,Side Bend (Dumbbell),4,8
Baki Mode,120,8,6,7,Wrist Ulnar Deviation,3,8
Baki Mode,120,8,6,7,Neck Extension,4,10
Baki Mode,120,9,1,9,L-sit Pull Ups,4,10
Baki Mode,120,9,1,9,Preacher Curl (Dumbbell),4,12
Baki Mode,120,9,1,9,Bent Over Row (Barbell),4,22
Baki Mode,120,9,1,9,Standing Pullover (Cable),4,5
Baki Mode,120,9,1,9,Upright Row (Barbell),4,10
Baki Mode,120,9,1,9,Bicep Curl (Barbell),4,10
Baki Mode,120,9,1,9,Pull-Up (Bodyweight),3,7
Baki Mode,120,9,1,9,Decline Sit Up (Weighted),4,12
Baki Mode,120,9,1,9,Wrist Cable Supination,4,14
Baki Mode,120,9,2,6,Bench Press (Barbell),1,6
Baki Mode,120,9,2,6,Bench Press (Barbell),1,12
Baki Mode,120,9,2,6,Overhead Tricep Extension (Cable),1,10
Baki Mode,120,9,2,6,Chest Fly (Machine),1,14
Baki Mode,120,9,2,6,Hammer Curl (Dumbbell),1,52
Baki Mode,120,9,2,6,Decline Crunch,1,8
Baki Mode,120,9,3,9,Romanian Deadlift (Barbell),3,10
Baki Mode,120,9,3,9,Reverse Pec Deck,4,10
Baki Mode,120,9,3,9,Hack Squat,4,10
Baki Mode,120,9,3,9,Hip Thrust (Barbell),4,10
Baki Mode,120,9,3,9,Standing Calf Raise,4,12
Baki Mode,120,9,3,9,Leg Curl,4,22
Baki Mode,120,9,3,9,Russian Twist,4,10
Baki Mode,120,9,3,9,Wrist Radial Deviation,4,8
Baki Mode,120,9,3,9,Neck Curl,4,8
Baki Mode,120,9,4,9,Wide Grip Pull-Up,4,10
Baki Mode,120,9,4,9,Bicep Curl (Dumbbell),4,10
Baki Mode,120,9,4,9,Kroc Row,4,12
Baki Mode,120,9,4,9,Lying Pullover (Cable),3,22
Baki Mode,120,9,4,9,Smith Upright Row,4,5
Baki Mode,120,9,4,9,Bicep Curl (Cable),3,10
Baki Mode,120,9,4,9,Lat Pulldown,3,10
Baki Mode,120,9,4,9,Decline Sit Up (Bodyweight),4,7
Baki Mode,120,9,4,9,Wrist Pronation,4,12
Baki Mode,120,9,5,7,Dip (Bodyweight),3,14
Baki Mode,120,9,5,7,Tricep Pushdown (Cable),4,6
Baki Mode,120,9,5,7,Push Up,4,12
Baki Mode,120,9,5,7,Hammer Curl (Dumbbell),4,10
Baki Mode,120,9,5,7,Lateral Raise (Dumbbell),4,14
Baki Mode,120,9,5,7,Abs Crunch (Bodyweight),4,52
Baki Mode,120,9,5,7,Reverse Wrist Curl (Barbell),4,8
Baki Mode,120,9,6,7,Hyperextension,4,10
Baki Mode,120,9,6,7,Single Arm Rear Delt Fly (Cable),3,10
Baki Mode,120,9,6,7,Leg Press,4,10
Baki Mode,120,9,6,7,Leg Curl,3,10
Baki Mode,120,9,6,7,Side Bend (Dumbbell),4,12
Baki Mode,120,9,6,7,Wrist Ulnar Deviation,3,22
Baki Mode,120,9,6,7,Neck Extension,4,10
Baki Mode,120,10,1,9,L-sit Pull Ups,4,8
Baki Mode,120,10,1,9,Preacher Curl (Dumbbell),4,8
Baki Mode,120,10,1,9,Bent Over Row (Barbell),4,10
Baki Mode,120,10,1,9,Standing Pullover (Cable),4,10
Baki Mode,120,10,1,9,Upright Row (Barbell),4,12
Baki Mode,120,10,1,9,Bicep Curl (Barbell),4,22
Baki Mode,120,10,1,9,Pull-Up (Bodyweight),3,5
Baki Mode,120,10,1,9,Decline Sit Up (Weighted),4,10
Baki Mode,120,10,1,9,Wrist Cable Supination,4,10
Baki Mode,120,10,2,6,Bench Press (Barbell),1,7
Baki Mode,120,10,2,6,Bench Press (Barbell),1,12
Baki Mode,120,10,2,6,Overhead Tricep Extension (Cable),1,14
Baki Mode,120,10,2,6,Chest Fly (Machine),1,6
Baki Mode,120,10,2,6,Hammer Curl (Dumbbell),1,12
Baki Mode,120,10,2,6,Decline Crunch,1,10
Baki Mode,120,10,3,9,Romanian Deadlift (Barbell),3,14
Baki Mode,120,10,3,9,Reverse Pec Deck,4,52
Baki Mode,120,10,3,9,Hack Squat,4,8
Baki Mode,120,10,3,9,Hip Thrust (Barbell),4,10
Baki Mode,120,10,3,9,Standing Calf Raise,4,10
Baki Mode,120,10,3,9,Leg Curl,4,10
Baki Mode,120,10,3,9,Russian Twist,4,10
Baki Mode,120,10,3,9,Wrist Radial Deviation,4,12
Baki Mode,120,10,3,9,Neck Curl,4,22
Baki Mode,120,10,4,9,Wide Grip Pull-Up,4,10
Baki Mode,120,10,4,9,Bicep Curl (Dumbbell),4,8
Baki Mode,120,10,4,9,Kroc Row,4,8
Baki Mode,120,10,4,9,Lying Pullover (Cable),3,10
Baki Mode,120,10,4,9,Smith Upright Row,4,10
Baki Mode,120,10,4,9,Bicep Curl (Cable),3,12
Baki Mode,120,10,4,9,Lat Pulldown,3,22
Baki Mode,120,10,4,9,Decline Sit Up (Bodyweight),4,5
Baki Mode,120,10,4,9,Wrist Pronation,4,10
Baki Mode,120,10,5,7,Dip (Bodyweight),3,10
Baki Mode,120,10,5,7,Tricep Pushdown (Cable),4,7
Baki Mode,120,10,5,7,Push Up,4,12
Baki Mode,120,10,5,7,Hammer Curl (Dumbbell),4,14
Baki Mode,120,10,5,7,Lateral Raise (Dumbbell),4,6
Baki Mode,120,10,5,7,Abs Crunch (Bodyweight),4,12
Baki Mode,120,10,5,7,Reverse Wrist Curl (Barbell),4,10
Baki Mode,120,10,6,7,Hyperextension,4,14
Baki Mode,120,10,6,7,Single Arm Rear Delt Fly (Cable),3,52
Baki Mode,120,10,6,7,Leg Press,4,8
Baki Mode,120,10,6,7,Leg Curl,3,10
Baki Mode,120,10,6,7,Side Bend (Dumbbell),4,10
Baki Mode,120,10,6,7,Wrist Ulnar Deviation,3,10
Baki Mode,120,10,6,7,Neck Extension,4,10
Baki Mode,120,11,1,9,L-sit Pull Ups,4,12
Baki Mode,120,11,1,9,Preacher Curl (Dumbbell),4,22
Baki Mode,120,11,1,9,Bent Over Row (Barbell),4,10
Baki Mode,120,11,1,9,Standing Pullover (Cable),4,8
Baki Mode,120,11,1,9,Upright Row (Barbell),4,8
Baki Mode,120,11,1,9,Bicep Curl (Barbell),4,10
Baki Mode,120,11,1,9,Pull-Up (Bodyweight),3,10
Baki Mode,120,11,1,9,Decline Sit Up (Weighted),4,12
Baki Mode,120,11,1,9,Wrist Cable Supination,4,22
Baki Mode,120,11,2,6,Bench Press (Barbell),1,5
Baki Mode,120,11,2,6,Bench Press (Barbell),1,10
Baki Mode,120,11,2,6,Overhead Tricep Extension (Cable),1,10
Baki Mode,120,11,2,6,Chest Fly (Machine),1,7
Baki Mode,120,11,2,6,Hammer Curl (Dumbbell),1,12
Baki Mode,120,11,2,6,Decline Crunch,1,14
Baki Mode,120,11,3,9,Romanian Deadlift (Barbell),3,6
Baki Mode,120,11,3,9,Reverse Pec Deck,4,12
Baki Mode,120,11,3,9,Hack Squat,4,10
Baki Mode,120,11,3,9,Hip Thrust (Barbell),4,14
Baki Mode,120,11,3,9,Standing Calf Raise,4,52
Baki Mode,120,11,3,9,Leg Curl,4,8
Baki Mode,120,11,3,9,Russian Twist,4,10
Baki Mode,120,11,3,9,Wrist Radial Deviation,4,10
Baki Mode,120,11,3,9,Neck Curl,4,10
Baki Mode,120,11,4,9,Wide Grip Pull-Up,4,10
Baki Mode,120,11,4,9,Bicep Curl (Dumbbell),4,12
Baki Mode,120,11,4,9,Kroc Row,4,22
Baki Mode,120,11,4,9,Lying Pullover (Cable),3,10
Baki Mode,120,11,4,9,Smith Upright Row,4,8
Baki Mode,120,11,4,9,Bicep Curl (Cable),3,8
Baki Mode,120,11,4,9,Lat Pulldown,3,10
Baki Mode,120,11,4,9,Decline Sit Up (Bodyweight),4,10
Baki Mode,120,11,4,9,Wrist Pronation,4,12
Baki Mode,120,11,5,7,Dip (Bodyweight),3,22
Baki Mode,120,11,5,7,Tricep Pushdown (Cable),4,5
Baki Mode,120,11,5,7,Push Up,4,10
Baki Mode,120,11,5,7,Hammer Curl (Dumbbell),4,10
Baki Mode,120,11,5,7,Lateral Raise (Dumbbell),4,7
Baki Mode,120,11,5,7,Abs Crunch (Bodyweight),4,12
Baki Mode,120,11,5,7,Reverse Wrist Curl (Barbell),4,14
Baki Mode,120,11,6,7,Hyperextension,4,6
Baki Mode,120,11,6,7,Single Arm Rear Delt Fly (Cable),3,12
Baki Mode,120,11,6,7,Leg Press,4,10
Baki Mode,120,11,6,7,Leg Curl,3,14
Baki Mode,120,11,6,7,Side Bend (Dumbbell),4,52
Baki Mode,120,11,6,7,Wrist Ulnar Deviation,3,8
Baki Mode,120,11,6,7,Neck Extension,4,10
Baki Mode,120,12,1,9,L-sit Pull Ups,4,10
Baki Mode,120,12,1,9,Preacher Curl (Dumbbell),4,10
Baki Mode,120,12,1,9,Bent Over Row (Barbell),4,10
Baki Mode,120,12,1,9,Standing Pullover (Cable),4,12
Baki Mode,120,12,1,9,Upright Row (Barbell),4,22
Baki Mode,120,12,1,9,Bicep Curl (Barbell),4,10
Baki Mode,120,12,1,9,Pull-Up (Bodyweight),3,8
Baki Mode,120,12,1,9,Decline Sit Up (Weighted),4,8
Baki Mode,120,12,1,9,Wrist Cable Supination,4,10
Baki Mode,120,12,2,6,Bench Press (Barbell),1,10
Baki Mode,120,12,2,6,Bench Press (Barbell),1,12
Baki Mode,120,12,2,6,Overhead Tricep Extension (Cable),1,22
Baki Mode,120,12,2,6,Chest Fly (Machine),1,5
Baki Mode,120,12,2,6,Hammer Curl (Dumbbell),1,10
Baki Mode,120,12,2,6,Decline Crunch,1,10
Baki Mode,120,12,3,9,Romanian Deadlift (Barbell),3,7
Baki Mode,120,12,3,9,Reverse Pec Deck,4,12
Baki Mode,120,12,3,9,Hack Squat,4,14
Baki Mode,120,12,3,9,Hip Thrust (Barbell),4,6
Baki Mode,120,12,3,9,Standing Calf Raise,4,12
Baki Mode,120,12,3,9,Leg Curl,4,10
Baki Mode,120,12,3,9,Russian Twist,4,14
Baki Mode,120,12,3,9,Wrist Radial Deviation,4,52
Baki Mode,120,12,3,9,Neck Curl,4,8
Baki Mode,120,12,4,9,Wide Grip Pull-Up,4,10
Baki Mode,120,12,4,9,Bicep Curl (Dumbbell),4,10
Baki Mode,120,12,4,9,Kroc Row,4,10
Baki Mode,120,12,4,9,Lying Pullover (Cable),3,10
Baki Mode,120,12,4,9,Smith Upright Row,4,12
Baki Mode,120,12,4,9,Bicep Curl (Cable),3,22
Baki Mode,120,12,4,9,Lat Pulldown,3,10
Baki Mode,120,12,4,9,Decline Sit Up (Bodyweight),4,8
Baki Mode,120,12,4,9,Wrist Pronation,4,8
Baki Mode,120,12,5,7,Dip (Bodyweight),3,10
Baki Mode,120,12,5,7,Tricep Pushdown (Cable),4,10
Baki Mode,120,12,5,7,Push Up,4,12
Baki Mode,120,12,5,7,Hammer Curl (Dumbbell),4,22
Baki Mode,120,12,5,7,Lateral Raise (Dumbbell),4,5
Baki Mode,120,12,5,7,Abs Crunch (Bodyweight),4,10
Baki Mode,120,12,5,7,Reverse Wrist Curl (Barbell),4,10
Baki Mode,120,12,6,7,Hyperextension,4,7
Baki Mode,120,12,6,7,Single Arm Rear Delt Fly (Cable),3,12
Baki Mode,120,12,6,7,Leg Press,4,14
Baki Mode,120,12,6,7,Leg Curl,3,6
Baki Mode,120,12,6,7,Side Bend (Dumbbell),4,12
Baki Mode,120,12,6,7,Wrist Ulnar Deviation,3,10
Baki Mode,120,12,6,7,Neck Extension,4,14
Baki Mode,120,13,1,9,L-sit Pull Ups,4,52
Baki Mode,120,13,1,9,Preacher Curl (Dumbbell),4,8
Baki Mode,120,13,1,9,Bent Over Row (Barbell),4,10
Baki Mode,120,13,1,9,Standing Pullover (Cable),4,10
Baki Mode,120,13,1,9,Upright Row (Barbell),4,10
Baki Mode,120,13,1,9,Bicep Curl (Barbell),4,10
Baki Mode,120,13,1,9,Pull-Up (Bodyweight),3,12
Baki Mode,120,13,1,9,Decline Sit Up (Weighted),4,22
Baki Mode,120,13,1,9,Wrist Cable Supination,4,10
Baki Mode,120,13,2,6,Bench Press (Barbell),1,8
Baki Mode,120,13,2,6,Overhead Tricep Extension (Cable),1,10
Baki Mode,120,13,2,6,Chest Fly (Machine),1,10
Baki Mode,120,13,2,6,Hammer Curl (Dumbbell),1,12
Baki Mode,120,13,2,6,Decline Crunch,1,22
Baki Mode,120,13,3,9,Romanian Deadlift (Barbell),3,5
Baki Mode,120,13,3,9,Reverse Pec Deck,4,10
Baki Mode,120,13,3,9,Hack Squat,4,10
Baki Mode,120,13,3,9,Hip Thrust (Barbell),4,7
Baki Mode,120,13,3,9,Standing Calf Raise,4,12
Baki Mode,120,13,3,9,Leg Curl,4,600
Baki Mode,120,13,3,9,Russian Twist,4,600
Baki Mode,120,13,3,9,Wrist Radial Deviation,4,900
Baki Mode,120,13,3,9,Neck Curl,4,10
Baki Mode,120,13,4,9,Wide Grip Pull-Up,4,600
Baki Mode,120,13,4,9,Bicep Curl (Dumbbell),4,600
Baki Mode,120,13,4,9,Kroc Row,4,900
Baki Mode,120,13,4,9,Lying Pullover (Cable),3,10
Baki Mode,120,13,4,9,Smith Upright Row,4,600
Baki Mode,120,13,4,9,Bicep Curl (Cable),3,600
Baki Mode,120,13,4,9,Lat Pulldown,3,900
Baki Mode,120,13,4,9,Decline Sit Up (Bodyweight),4,10
Baki Mode,120,13,4,9,Wrist Pronation,4,600
Baki Mode,120,13,5,7,Dip (Bodyweight),3,600
Baki Mode,120,13,5,7,Tricep Pushdown (Cable),4,900
Baki Mode,120,13,5,7,Push Up,4,10
Baki Mode,120,13,5,7,Hammer Curl (Dumbbell),4,600
Baki Mode,120,13,5,7,Lateral Raise (Dumbbell),4,600
Baki Mode,120,13,5,7,Abs Crunch (Bodyweight),4,900
Baki Mode,120,13,5,7,Reverse Wrist Curl (Barbell),4,10
Baki Mode,120,13,6,7,Hyperextension,4,600
Baki Mode,120,13,6,7,Single Arm Rear Delt Fly (Cable),3,600
Baki Mode,120,13,6,7,Leg Press,4,900
Baki Mode,120,13,6,7,Leg Curl,3,10
Baki Mode,120,13,6,7,Side Bend (Dumbbell),4,600
Baki Mode,120,13,6,7,Wrist Ulnar Deviation,3,600
Baki Mode,120,13,6,7,Neck Extension,4,900
Baki Mode,120,14,1,9,L-sit Pull Ups,4,10
Baki Mode,120,14,1,9,Preacher Curl (Dumbbell),4,600
Baki Mode,120,14,1,9,Bent Over Row (Barbell),4,600
Baki Mode,120,14,1,9,Standing Pullover (Cable),4,900
Baki Mode,120,14,1,9,Upright Row (Barbell),4,10
Baki Mode,120,14,1,9,Bicep Curl (Barbell),4,600
Baki Mode,120,14,1,9,Pull-Up (Bodyweight),3,600
Baki Mode,120,14,1,9,Decline Sit Up (Weighted),4,900
Baki Mode,120,14,1,9,Wrist Cable Supination,4,10
Baki Mode,120,14,2,6,Bench Press (Barbell),1,600
Baki Mode,120,14,2,6,Bench Press (Barbell),1,600
Baki Mode,120,14,2,6,Overhead Tricep Extension (Cable),1,900
Baki Mode,120,14,2,6,Chest Fly (Machine),1,10
Baki Mode,120,14,2,6,Hammer Curl (Dumbbell),1,5
Baki Mode,120,14,2,6,Decline Crunch,1,5
Baki Mode,120,14,3,9,Romanian Deadlift (Barbell),3,5
Baki Mode,120,14,3,9,Reverse Pec Deck,4,5
Baki Mode,120,14,3,9,Hack Squat,4,5
Baki Mode,120,14,3,9,Hip Thrust (Barbell),4,5
Baki Mode,120,14,3,9,Standing Calf Raise,4,5
Baki Mode,120,14,3,9,Leg Curl,4,5
Baki Mode,120,14,3,9,Russian Twist,4,5
Baki Mode,120,14,3,9,Wrist Radial Deviation,4,5
Baki Mode,120,14,3,9,Neck Curl,4,5
Baki Mode,120,14,4,9,Wide Grip Pull-Up,4,5
Baki Mode,120,14,4,9,Bicep Curl (Dumbbell),4,5
Baki Mode,120,14,4,9,Kroc Row,4,5
Baki Mode,120,14,4,9,Lying Pullover (Cable),3,5
Baki Mode,120,14,4,9,Smith Upright Row,4,5
Baki Mode,120,14,4,9,Bicep Curl (Cable),3,5
Baki Mode,120,14,4,9,Lat Pulldown,3,5
Baki Mode,120,14,4,9,Decline Sit Up (Bodyweight),4,5
Baki Mode,120,14,4,9,Wrist Pronation,4,5
Baki Mode,120,14,5,7,Dip (Bodyweight),3,5
Baki Mode,120,14,5,7,Tricep Pushdown (Cable),4,5
Baki Mode,120,14,5,7,Push Up,4,5
Baki Mode,120,14,5,7,Hammer Curl (Dumbbell),4,5
Baki Mode,120,14,5,7,Lateral Raise (Dumbbell),4,5
Baki Mode,120,14,5,7,Abs Crunch (Bodyweight),4,5
Baki Mode,120,14,5,7,Reverse Wrist Curl (Barbell),4,5
Baki Mode,120,14,6,7,Hyperextension,4,5
Baki Mode,120,14,6,7,Single Arm Rear Delt Fly (Cable),3,5
Baki Mode,120,14,6,7,Leg Press,4,5
Baki Mode,120,14,6,7,Leg Curl,3,5
Baki Mode,120,14,6,7,Side Bend (Dumbbell),4,5
Baki Mode,120,14,6,7,Wrist Ulnar Deviation,3,5
Baki Mode,120,14,6,7,Neck Extension,4,5
Baki Mode,120,15,1,9,L-sit Pull Ups,4,5
Baki Mode,120,15,1,9,Preacher Curl (Dumbbell),4,5
Baki Mode,120,15,1,9,Bent Over Row (Barbell),4,5
Baki Mode,120,15,1,9,Standing Pullover (Cable),4,5
Baki Mode,120,15,1,9,Upright Row (Barbell),4,5
Baki Mode,120,15,1,9,Bicep Curl (Barbell),4,5
Baki Mode,120,15,1,9,Pull-Up (Bodyweight),3,5
Baki Mode,120,15,1,9,Decline Sit Up (Weighted),4,5
Baki Mode,120,15,1,9,Wrist Cable Supination,4,5
Baki Mode,120,15,2,6,Bench Press (Barbell),1,5
Baki Mode,120,15,2,6,Bench Press (Barbell),1,5
Baki Mode,120,15,2,6,Overhead Tricep Extension (Cable),1,5
Baki Mode,120,15,2,6,Chest Fly (Machine),1,5
Baki Mode,120,15,2,6,Hammer Curl (Dumbbell),1,5
Baki Mode,120,15,2,6,Decline Crunch,1,10
Baki Mode,120,15,3,9,Romanian Deadlift (Barbell),3,12
Baki Mode,120,15,3,9,Reverse Pec Deck,4,10
Baki Mode,120,15,3,9,Hack Squat,4,100
Baki Mode,120,15,3,9,Hip Thrust (Barbell),4,10
Baki Mode,120,15,3,9,Standing Calf Raise,4,10
Baki Mode,120,15,3,9,Leg Curl,4,12
Baki Mode,120,15,3,9,Russian Twist,4,12
Baki Mode,120,15,3,9,Wrist Radial Deviation,4,10
Baki Mode,120,15,3,9,Neck Curl,4,10
Baki Mode,120,15,4,9,Wide Grip Pull-Up,4,10
Baki Mode,120,15,4,9,Bicep Curl (Dumbbell),4,10
Baki Mode,120,15,4,9,Kroc Row,4,10
Baki Mode,120,15,4,9,Lying Pullover (Cable),3,12
Baki Mode,120,15,4,9,Smith Upright Row,4,10
Baki Mode,120,15,4,9,Bicep Curl (Cable),3,8
Baki Mode,120,15,4,9,Lat Pulldown,3,10
Baki Mode,120,15,4,9,Decline Sit Up (Bodyweight),4,12
Baki Mode,120,15,4,9,Wrist Pronation,4,10
Baki Mode,120,15,5,7,Dip (Bodyweight),3,10
Baki Mode,120,15,5,7,Tricep Pushdown (Cable),4,10
Baki Mode,120,15,5,7,Push Up,4,10
Baki Mode,120,15,5,7,Hammer Curl (Dumbbell),4,10
Baki Mode,120,15,5,7,Lateral Raise (Dumbbell),4,12
Baki Mode,120,15,5,7,Abs Crunch (Bodyweight),4,10
Baki Mode,120,15,5,7,Reverse Wrist Curl (Barbell),4,10
Baki Mode,120,15,6,7,Hyperextension,4,10
Baki Mode,120,15,6,7,Single Arm Rear Delt Fly (Cable),3,12
Baki Mode,120,15,6,7,Leg Press,4,10
Baki Mode,120,15,6,7,Leg Curl,3,10
Baki Mode,120,15,6,7,Side Bend (Dumbbell),4,10
Baki Mode,120,15,6,7,Wrist Ulnar Deviation,3,10
Baki Mode,120,15,6,7,Neck Extension,4,12
Baki Mode,120,16,1,9,L-sit Pull Ups,4,10
Baki Mode,120,16,1,9,Preacher Curl (Dumbbell),4,10
Baki Mode,120,16,1,9,Bent Over Row (Barbell),4,12
Baki Mode,120,16,1,9,Standing Pullover (Cable),4,12
Baki Mode,120,16,1,9,Upright Row (Barbell),4,10
Baki Mode,120,16,1,9,Bicep Curl (Barbell),4,10
Baki Mode,120,16,1,9,Pull-Up (Bodyweight),3,10
Baki Mode,120,16,1,9,Decline Sit Up (Weighted),4,10
Baki Mode,120,16,1,9,Wrist Cable Supination,4,10
Baki Mode,120,16,2,6,Bench Press (Barbell),1,12
Baki Mode,120,16,2,6,Bench Press (Barbell),1,10
Baki Mode,120,16,2,6,Overhead Tricep Extension (Cable),1,100
Baki Mode,120,16,2,6,Chest Fly (Machine),1,10
Baki Mode,120,16,2,6,Hammer Curl (Dumbbell),1,10
Baki Mode,120,16,2,6,Decline Crunch,1,10
Baki Mode,120,16,3,9,Romanian Deadlift (Barbell),3,10
Baki Mode,120,16,3,9,Reverse Pec Deck,4,12
Baki Mode,120,16,3,9,Hack Squat,4,10
Baki Mode,120,16,3,9,Hip Thrust (Barbell),4,10
Baki Mode,120,16,3,9,Standing Calf Raise,4,10
Baki Mode,120,16,3,9,Leg Curl,4,12
Baki Mode,120,16,3,9,Russian Twist,4,10
Baki Mode,120,16,3,9,Wrist Radial Deviation,4,12
Baki Mode,120,16,3,9,Neck Curl,4,10
Baki Mode,120,16,4,9,Wide Grip Pull-Up,4,8
Baki Mode,120,16,4,9,Bicep Curl (Dumbbell),4,10
Baki Mode,120,16,4,9,Kroc Row,4,12
Baki Mode,120,16,4,9,Lying Pullover (Cable),3,10
Baki Mode,120,16,4,9,Smith Upright Row,4,10
Baki Mode,120,16,4,9,Bicep Curl (Cable),3,10
Baki Mode,120,16,4,9,Lat Pulldown,3,10
Baki Mode,120,16,4,9,Decline Sit Up (Bodyweight),4,10
Baki Mode,120,16,4,9,Wrist Pronation,4,10
Baki Mode,120,16,5,7,Dip (Bodyweight),3,10
Baki Mode,120,16,5,7,Tricep Pushdown (Cable),4,12
Baki Mode,120,16,5,7,Push Up,4,10
Baki Mode,120,16,5,7,Hammer Curl (Dumbbell),4,10
Baki Mode,120,16,5,7,Lateral Raise (Dumbbell),4,12
Baki Mode,120,16,5,7,Abs Crunch (Bodyweight),4,12
Baki Mode,120,16,5,7,Reverse Wrist Curl (Barbell),4,10
Baki Mode,120,16,6,7,Hyperextension,4,10
Baki Mode,120,16,6,7,Single Arm Rear Delt Fly (Cable),3,10
Baki Mode,120,16,6,7,Leg Press,4,10
Baki Mode,120,16,6,7,Leg Curl,3,10
Baki Mode,120,16,6,7,Side Bend (Dumbbell),4,12
Baki Mode,120,16,6,7,Wrist Ulnar Deviation,3,10
Baki Mode,120,16,6,7,Neck Extension,4,100
Baki Mode,120,17,1,9,L-sit Pull Ups,4,10
Baki Mode,120,17,1,9,Preacher Curl (Dumbbell),4,10
Baki Mode,120,17,1,9,Bent Over Row (Barbell),4,10
Baki Mode,120,17,1,9,Standing Pullover (Cable),4,12
Baki Mode,120,17,1,9,Upright Row (Barbell),4,10
Baki Mode,120,17,1,9,Bicep Curl (Barbell),4,8
Baki Mode,120,17,1,9,Pull-Up (Bodyweight),3,10
Baki Mode,120,17,1,9,Decline Sit Up (Weighted),4,12
Baki Mode,120,17,1,9,Wrist Cable Supination,4,10
Baki Mode,120,17,2,6,Bench Press (Barbell),1,10
Baki Mode,120,17,2,6,Bench Press (Barbell),1,10
Baki Mode,120,17,2,6,Overhead Tricep Extension (Cable),1,10
Baki Mode,120,17,2,6,Chest Fly (Machine),1,10
Baki Mode,120,17,2,6,Hammer Curl (Dumbbell),1,12
Baki Mode,120,17,2,6,Decline Crunch,1,10
Baki Mode,120,17,3,9,Romanian Deadlift (Barbell),3,10
Baki Mode,120,17,3,9,Reverse Pec Deck,4,10
Baki Mode,120,17,3,9,Hack Squat,4,12
Baki Mode,120,17,3,9,Hip Thrust (Barbell),4,10
Baki Mode,120,17,3,9,Standing Calf Raise,4,10
Baki Mode,120,17,3,9,Leg Curl,4,10
Baki Mode,120,17,3,9,Russian Twist,4,10
Baki Mode,120,17,3,9,Wrist Radial Deviation,4,12
Baki Mode,120,17,3,9,Neck Curl,4,10
Baki Mode,120,17,4,9,Wide Grip Pull-Up,4,10
Baki Mode,120,17,4,9,Bicep Curl (Dumbbell),4,12
Baki Mode,120,17,4,9,Kroc Row,4,12
Baki Mode,120,17,4,9,Lying Pullover (Cable),3,10
Baki Mode,120,17,4,9,Smith Upright Row,4,10
Baki Mode,120,17,4,9,Bicep Curl (Cable),3,10
Baki Mode,120,17,4,9,Lat Pulldown,3,10
Baki Mode,120,17,4,9,Decline Sit Up (Bodyweight),4,10
Baki Mode,120,17,4,9,Wrist Pronation,4,12
Baki Mode,120,17,5,7,Dip (Bodyweight),3,10
Baki Mode,120,17,5,7,Tricep Pushdown (Cable),4,100
Baki Mode,120,17,5,7,Push Up,4,10
Baki Mode,120,17,5,7,Hammer Curl (Dumbbell),4,10
Baki Mode,120,17,5,7,Lateral Raise (Dumbbell),4,10
Baki Mode,120,17,5,7,Abs Crunch (Bodyweight),4,12
Baki Mode,120,17,5,7,Reverse Wrist Curl (Barbell),4,10
Baki Mode,120,17,6,7,Hyperextension,4,8
Baki Mode,120,17,6,7,Single Arm Rear Delt Fly (Cable),3,10
Baki Mode,120,17,6,7,Leg Press,4,12
Baki Mode,120,17,6,7,Leg Curl,3,10
Baki Mode,120,17,6,7,Side Bend (Dumbbell),4,10
Baki Mode,120,17,6,7,Wrist Ulnar Deviation,3,10
Baki Mode,120,17,6,7,Neck Extension,4,10
Baki Mode,120,18,1,9,L-sit Pull Ups,4,10
Baki Mode,120,18,1,9,Preacher Curl (Dumbbell),4,12
Baki Mode,120,18,1,9,Bent Over Row (Barbell),4,10
Baki Mode,120,18,1,9,Standing Pullover (Cable),4,10
Baki Mode,120,18,1,9,Upright Row (Barbell),4,10
Baki Mode,120,18,1,9,Bicep Curl (Barbell),4,12
Baki Mode,120,18,1,9,Pull-Up (Bodyweight),3,10
Baki Mode,120,18,1,9,Decline Sit Up (Weighted),4,10
Baki Mode,120,18,1,9,Wrist Cable Supination,4,10
Baki Mode,120,18,2,6,Bench Press (Barbell),1,10
Baki Mode,120,18,2,6,Bench Press (Barbell),1,12
Baki Mode,120,18,2,6,Overhead Tricep Extension (Cable),1,10
Baki Mode,120,18,2,6,Chest Fly (Machine),1,10
Baki Mode,120,18,2,6,Hammer Curl (Dumbbell),1,12
Baki Mode,120,18,2,6,Decline Crunch,1,12
Baki Mode,120,18,3,9,Romanian Deadlift (Barbell),3,10
Baki Mode,120,18,3,9,Reverse Pec Deck,4,10
Baki Mode,120,18,3,9,Hack Squat,4,10
Baki Mode,120,18,3,9,Hip Thrust (Barbell),4,10
Baki Mode,120,18,3,9,Standing Calf Raise,4,10
Baki Mode,120,18,3,9,Leg Curl,4,12
Baki Mode,120,18,3,9,Russian Twist,4,10
Baki Mode,120,18,3,9,Wrist Radial Deviation,4,100
Baki Mode,120,18,3,9,Neck Curl,4,10
Baki Mode,120,18,4,9,Wide Grip Pull-Up,4,10
Baki Mode,120,18,4,9,Bicep Curl (Dumbbell),4,10
Baki Mode,120,18,4,9,Kroc Row,4,12
Baki Mode,120,18,4,9,Lying Pullover (Cable),3,10
Baki Mode,120,18,4,9,Smith Upright Row,4,8
Baki Mode,120,18,4,9,Bicep Curl (Cable),3,10
Baki Mode,120,18,4,9,Lat Pulldown,3,12
Baki Mode,120,18,4,9,Decline Sit Up (Bodyweight),4,10
Baki Mode,120,18,4,9,Wrist Pronation,4,10
Baki Mode,120,18,5,7,Dip (Bodyweight),3,10
Baki Mode,120,18,5,7,Tricep Pushdown (Cable),4,10
Baki Mode,120,18,5,7,Push Up,4,10
Baki Mode,120,18,5,7,Hammer Curl (Dumbbell),4,12
Baki Mode,120,18,5,7,Lateral Raise (Dumbbell),4,10
Baki Mode,120,18,5,7,Abs Crunch (Bodyweight),4,10
Baki Mode,120,18,5,7,Reverse Wrist Curl (Barbell),4,10
Baki Mode,120,18,6,7,Hyperextension,4,12
Baki Mode,120,18,6,7,Single Arm Rear Delt Fly (Cable),3,10
Baki Mode,120,18,6,7,Leg Press,4,10
Baki Mode,120,18,6,7,Leg Curl,3,10
Baki Mode,120,18,6,7,Side Bend (Dumbbell),4,10
Baki Mode,120,18,6,7,Wrist Ulnar Deviation,3,12
Baki Mode,120,18,6,7,Neck Extension,4,10
"5.0 weeks for ['Bodybuilding', 'Muscle & Sculpting']",90,1,1,5,Incline Bench Press (Dumbbell),3,12
"5.0 weeks for ['Bodybuilding', 'Muscle & Sculpting']",90,1,1,5,Overhead Tricep Extension (Dumbbell),3,6
"5.0 weeks for ['Bodybuilding', 'Muscle & Sculpting']",90,1,1,5,Incline Curl (Dumbbell),3,15
"5.0 weeks for ['Bodybuilding', 'Muscle & Sculpting']",90,1,1,5,Lateral Raise (Dumbbell),3,12
"5.0 weeks for ['Bodybuilding', 'Muscle & Sculpting']",90,1,1,5,Seated Row (Cable),2,12
"5.0 weeks for ['Bodybuilding', 'Muscle & Sculpting']",90,1,2,3,Leg Curl,2,10
"5.0 weeks for ['Bodybuilding', 'Muscle & Sculpting']",90,1,2,3,Squat (Smith Machine),3,12
"5.0 weeks for ['Bodybuilding', 'Muscle & Sculpting']",90,1,2,3,Split Squat Front Foot Elevated (Smith Machine),2,4
"5.0 weeks for ['Bodybuilding', 'Muscle & Sculpting']",90,1,3,5,Seated Row (Cable),3,10
"5.0 weeks for ['Bodybuilding', 'Muscle & Sculpting']",90,1,3,5,Lat Prayer,3,10
"5.0 weeks for ['Bodybuilding', 'Muscle & Sculpting']",90,1,3,5,Partial Incline Press (Dumbbell),3,10
"5.0 weeks for ['Bodybuilding', 'Muscle & Sculpting']",90,1,3,5,Deficit Push Up,4,10
"5.0 weeks for ['Bodybuilding', 'Muscle & Sculpting']",90,1,3,5,Upright Row (Cable),3,10
"5.0 weeks for ['Bodybuilding', 'Muscle & Sculpting']",90,1,4,3,Stiff Leg Deadlift (Dumbbell),2,15
"5.0 weeks for ['Bodybuilding', 'Muscle & Sculpting']",90,1,4,3,Hack Squat,3,6
"5.0 weeks for ['Bodybuilding', 'Muscle & Sculpting']",90,1,4,3,Bulgarian Split Squat (Dumbbell),2,5
"5.0 weeks for ['Bodybuilding', 'Muscle & Sculpting']",90,1,5,6,Incline Bench Press (Smith Machine),3,10
"5.0 weeks for ['Bodybuilding', 'Muscle & Sculpting']",90,1,5,6,Skull Crusher (Bodyweight),3,10
"5.0 weeks for ['Bodybuilding', 'Muscle & Sculpting']",90,1,5,6,Lat Pulldown (Neutral Grip),3,12
"5.0 weeks for ['Bodybuilding', 'Muscle & Sculpting']",90,1,5,6,Lat Prayer,2,12
"5.0 weeks for ['Bodybuilding', 'Muscle & Sculpting']",90,1,5,6,Incline Curl (Dumbbell),3,15
"5.0 weeks for ['Bodybuilding', 'Muscle & Sculpting']",90,1,5,6,Behind The Back Lateral Raise (Cable),3,5
"5.0 weeks for ['Bodybuilding', 'Muscle & Sculpting']",90,2,1,5,Incline Bench Press (Dumbbell),3,10
"5.0 weeks for ['Bodybuilding', 'Muscle & Sculpting']",90,2,1,5,Overhead Tricep Extension (Dumbbell),3,10
"5.0 weeks for ['Bodybuilding', 'Muscle & Sculpting']",90,2,1,5,Incline Curl (Dumbbell),3,12
"5.0 weeks for ['Bodybuilding', 'Muscle & Sculpting']",90,2,1,5,Lateral Raise (Dumbbell),3,15
"5.0 weeks for ['Bodybuilding', 'Muscle & Sculpting']",90,2,1,5,Seated Row (Cable),2,10
"5.0 weeks for ['Bodybuilding', 'Muscle & Sculpting']",90,2,2,3,Leg Curl,2,10
"5.0 weeks for ['Bodybuilding', 'Muscle & Sculpting']",90,2,2,3,Squat (Smith Machine),3,6
"5.0 weeks for ['Bodybuilding', 'Muscle & Sculpting']",90,2,2,3,Split Squat Front Foot Elevated (Smith Machine),2,8
"5.0 weeks for ['Bodybuilding', 'Muscle & Sculpting']",90,2,3,5,Seated Row (Cable),3,12
"5.0 weeks for ['Bodybuilding', 'Muscle & Sculpting']",90,2,3,5,Lat Prayer,3,10
"5.0 weeks for ['Bodybuilding', 'Muscle & Sculpting']",90,2,3,5,Partial Incline Press (Dumbbell),3,18
"5.0 weeks for ['Bodybuilding', 'Muscle & Sculpting']",90,2,3,5,Deficit Push Up,4,15
"5.0 weeks for ['Bodybuilding', 'Muscle & Sculpting']",90,2,3,5,Upright Row (Cable),3,18
"5.0 weeks for ['Bodybuilding', 'Muscle & Sculpting']",90,2,4,3,Stiff Leg Deadlift (Dumbbell),2,67
"5.0 weeks for ['Bodybuilding', 'Muscle & Sculpting']",90,2,4,3,Hack Squat,3,5
"5.0 weeks for ['Bodybuilding', 'Muscle & Sculpting']",90,2,4,3,Bulgarian Split Squat (Dumbbell),2,1
"5.0 weeks for ['Bodybuilding', 'Muscle & Sculpting']",90,2,5,6,Incline Bench Press (Smith Machine),3,67
"5.0 weeks for ['Bodybuilding', 'Muscle & Sculpting']",90,2,5,6,Skull Crusher (Bodyweight),3,5
"5.0 weeks for ['Bodybuilding', 'Muscle & Sculpting']",90,2,5,6,Lat Pulldown (Neutral Grip),3,1
"5.0 weeks for ['Bodybuilding', 'Muscle & Sculpting']",90,2,5,6,Lat Prayer,2,67
"5.0 weeks for ['Bodybuilding', 'Muscle & Sculpting']",90,2,5,6,Incline Curl (Dumbbell),3,5
"5.0 weeks for ['Bodybuilding', 'Muscle & Sculpting']",90,2,5,6,Behind The Back Lateral Raise (Cable),3,1
"5.0 weeks for ['Bodybuilding', 'Muscle & Sculpting']",90,3,1,5,Incline Bench Press (Dumbbell),3,67
"5.0 weeks for ['Bodybuilding', 'Muscle & Sculpting']",90,3,1,5,Overhead Tricep Extension (Dumbbell),3,5
"5.0 weeks for ['Bodybuilding', 'Muscle & Sculpting']",90,3,1,5,Incline Curl (Dumbbell),3,1
"5.0 weeks for ['Bodybuilding', 'Muscle & Sculpting']",90,3,1,5,Lateral Raise (Dumbbell),3,60
"5.0 weeks for ['Bodybuilding', 'Muscle & Sculpting']",90,3,1,5,Seated Row (Cable),2,60
"5.0 weeks for ['Bodybuilding', 'Muscle & Sculpting']",90,3,2,3,Leg Curl,2,60
"5.0 weeks for ['Bodybuilding', 'Muscle & Sculpting']",90,3,2,3,Squat (Smith Machine),3,60
"5.0 weeks for ['Bodybuilding', 'Muscle & Sculpting']",90,3,2,3,Split Squat Front Foot Elevated (Smith Machine),2,60
"5.0 weeks for ['Bodybuilding', 'Muscle & Sculpting']",90,3,3,5,Seated Row (Cable),3,60
"5.0 weeks for ['Bodybuilding', 'Muscle & Sculpting']",90,3,3,5,Lat Prayer,3,60
"5.0 weeks for ['Bodybuilding', 'Muscle & Sculpting']",90,3,3,5,Partial Incline Press (Dumbbell),3,60
"5.0 weeks for ['Bodybuilding', 'Muscle & Sculpting']",90,3,3,5,Deficit Push Up,4,60
"5.0 weeks for ['Bodybuilding', 'Muscle & Sculpting']",90,3,3,5,Upright Row (Cable),3,60
"5.0 weeks for ['Bodybuilding', 'Muscle & Sculpting']",90,3,4,3,Stiff Leg Deadlift (Dumbbell),2,60
"5.0 weeks for ['Bodybuilding', 'Muscle & Sculpting']",90,3,4,3,Hack Squat,3,60
"5.0 weeks for ['Bodybuilding', 'Muscle & Sculpting']",90,3,4,3,Bulgarian Split Squat (Dumbbell),2,60
"5.0 weeks for ['Bodybuilding', 'Muscle & Sculpting']",90,3,5,6,Incline Bench Press (Smith Machine),3,60
"5.0 weeks for ['Bodybuilding', 'Muscle & Sculpting']",90,3,5,6,Skull Crusher (Bodyweight),3,60
"5.0 weeks for ['Bodybuilding', 'Muscle & Sculpting']",90,3,5,6,Lat Pulldown (Neutral Grip),3,60
"5.0 weeks for ['Bodybuilding', 'Muscle & Sculpting']",90,3,5,6,Lat Prayer,2,60
"5.0 weeks for ['Bodybuilding', 'Muscle & Sculpting']",90,3,5,6,Incline Curl (Dumbbell),3,60
"5.0 weeks for ['Bodybuilding', 'Muscle & Sculpting']",90,3,5,6,Behind The Back Lateral Raise (Cable),3,60
"5.0 weeks for ['Bodybuilding', 'Muscle & Sculpting']",90,4,1,5,Incline Bench Press (Dumbbell),3,60
"5.0 weeks for ['Bodybuilding', 'Muscle & Sculpting']",90,4,1,5,Overhead Tricep Extension (Dumbbell),3,60
"5.0 weeks for ['Bodybuilding', 'Muscle & Sculpting']",90,4,1,5,Incline Curl (Dumbbell),3,60
"5.0 weeks for ['Bodybuilding', 'Muscle & Sculpting']",90,4,1,5,Lateral Raise (Dumbbell),3,60
"5.0 weeks for ['Bodybuilding', 'Muscle & Sculpting']",90,4,1,5,Seated Row (Cable),2,60
"5.0 weeks for ['Bodybuilding', 'Muscle & Sculpting']",90,4,2,3,Leg Curl,2,60
"5.0 weeks for ['Bodybuilding', 'Muscle & Sculpting']",90,4,2,3,Squat (Smith Machine),3,60
"5.0 weeks for ['Bodybuilding', 'Muscle & Sculpting']",90,4,2,3,Split Squat Front Foot Elevated (Smith Machine),2,60
"5.0 weeks for ['Bodybuilding', 'Muscle & Sculpting']",90,4,3,5,Seated Row (Cable),3,60
"5.0 weeks for ['Bodybuilding', 'Muscle & Sculpting']",90,4,3,5,Lat Prayer,3,60
"5.0 weeks for ['Bodybuilding', 'Muscle & Sculpting']",90,4,3,5,Partial Incline Press (Dumbbell),3,60
"5.0 weeks for ['Bodybuilding', 'Muscle & Sculpting']",90,4,3,5,Deficit Push Up,4,60
"5.0 weeks for ['Bodybuilding', 'Muscle & Sculpting']",90,4,3,5,Upright Row (Cable),3,60
"5.0 weeks for ['Bodybuilding', 'Muscle & Sculpting']",90,4,4,3,Stiff Leg Deadlift (Dumbbell),2,60
"5.0 weeks for ['Bodybuilding', 'Muscle & Sculpting']",90,4,4,3,Hack Squat,3,60
"5.0 weeks for ['Bodybuilding', 'Muscle & Sculpting']",90,4,4,3,Bulgarian Split Squat (Dumbbell),2,60
"5.0 weeks for ['Bodybuilding', 'Muscle & Sculpting']",90,4,5,6,Incline Bench Press (Smith Machine),3,60
"5.0 weeks for ['Bodybuilding', 'Muscle & Sculpting']",90,4,5,6,Skull Crusher (Bodyweight),3,60
"5.0 weeks for ['Bodybuilding', 'Muscle & Sculpting']",90,4,5,6,Lat Pulldown (Neutral Grip),3,60
"5.0 weeks for ['Bodybuilding', 'Muscle & Sculpting']",90,4,5,6,Lat Prayer,2,60
"5.0 weeks for ['Bodybuilding', 'Muscle & Sculpting']",90,4,5,6,Incline Curl (Dumbbell),3,60
"5.0 weeks for ['Bodybuilding', 'Muscle & Sculpting']",90,4,5,6,Behind The Back Lateral Raise (Cable),3,60
"5.0 weeks for ['Bodybuilding', 'Muscle & Sculpting']",90,5,1,5,Incline Bench Press (Dumbbell),3,60
"5.0 weeks for ['Bodybuilding', 'Muscle & Sculpting']",90,5,1,5,Overhead Tricep Extension (Dumbbell),3,60
"5.0 weeks for ['Bodybuilding', 'Muscle & Sculpting']",90,5,1,5,Incline Curl (Dumbbell),3,60
"5.0 weeks for ['Bodybuilding', 'Muscle & Sculpting']",90,5,1,5,Lateral Raise (Dumbbell),3,60
"5.0 weeks for ['Bodybuilding', 'Muscle & Sculpting']",90,5,1,5,Seated Row (Cable),2,60
"5.0 weeks for ['Bodybuilding', 'Muscle & Sculpting']",90,5,2,3,Leg Curl,2,60
"5.0 weeks for ['Bodybuilding', 'Muscle & Sculpting']",90,5,2,3,Squat (Smith Machine),3,60
"5.0 weeks for ['Bodybuilding', 'Muscle & Sculpting']",90,5,2,3,Split Squat Front Foot Elevated (Smith Machine),2,60
"5.0 weeks for ['Bodybuilding', 'Muscle & Sculpting']",90,5,3,5,Seated Row (Cable),3,60
"5.0 weeks for ['Bodybuilding', 'Muscle & Sculpting']",90,5,3,5,Lat Prayer,3,60
"5.0 weeks for ['Bodybuilding', 'Muscle & Sculpting']",90,5,3,5,Partial Incline Press (Dumbbell),3,60
"5.0 weeks for ['Bodybuilding', 'Muscle & Sculpting']",90,5,3,5,Deficit Push Up,4,60
"5.0 weeks for ['Bodybuilding', 'Muscle & Sculpting']",90,5,3,5,Upright Row (Cable),3,60
"5.0 weeks for ['Bodybuilding', 'Muscle & Sculpting']",90,5,4,3,Stiff Leg Deadlift (Dumbbell),2,60
"5.0 weeks for ['Bodybuilding', 'Muscle & Sculpting']",90,5,4,3,Hack Squat,3,60
"5.0 weeks for ['Bodybuilding', 'Muscle & Sculpting']",90,5,4,3,Bulgarian Split Squat (Dumbbell),2,60
"5.0 weeks for ['Bodybuilding', 'Muscle & Sculpting']",90,5,5,6,Incline Bench Press (Smith Machine),3,60
"5.0 weeks for ['Bodybuilding', 'Muscle & Sculpting']",90,5,5,6,Skull Crusher (Bodyweight),3,60
"5.0 weeks for ['Bodybuilding', 'Muscle & Sculpting']",90,5,5,6,Lat Pulldown (Neutral Grip),3,60
"5.0 weeks for ['Bodybuilding', 'Muscle & Sculpting']",90,5,5,6,Lat Prayer,2,60
"5.0 weeks for ['Bodybuilding', 'Muscle & Sculpting']",90,5,5,6,Incline Curl (Dumbbell),3,60
"5.0 weeks for ['Bodybuilding', 'Muscle & Sculpting']",90,5,5,6,Behind The Back Lateral Raise (Cable),3,60
"5.0 weeks for ['Bodybuilding', 'Muscle & Sculpting']",40,1,1,4,Goblet Squat,3,5
"5.0 weeks for ['Bodybuilding', 'Muscle & Sculpting']",40,1,1,4,Incline Bench Press (Dumbbell),3,5
"5.0 weeks for ['Bodybuilding', 'Muscle & Sculpting']",40,1,1,4,Chest Supported Row (Dumbbell),3,5
"5.0 weeks for ['Bodybuilding', 'Muscle & Sculpting']",40,1,1,4,"Custom Circuit - (Lat Raise, Bicep Curl, Upright Row, Calf Raise, Tricep Extension, Hammer Curls) 12 Reps Each Then Break)",3,25
"5.0 weeks for ['Bodybuilding', 'Muscle & Sculpting']",40,1,2,4,Romanian Deadlift (Dumbbell),3,25
"5.0 weeks for ['Bodybuilding', 'Muscle & Sculpting']",40,1,2,4,Seated Shoulder Press (Dumbbell),3,25
"5.0 weeks for ['Bodybuilding', 'Muscle & Sculpting']",40,1,2,4,One Arm Row (Dumbell),3,25
"5.0 weeks for ['Bodybuilding', 'Muscle & Sculpting']",40,1,2,4,"Custom Circuit - (Lat Raise, Bicep Curl, Upright Row, Calf Raise, Tricep Extension, Hammer Curls) 12 Reps Each Then Break)",3,5
"5.0 weeks for ['Bodybuilding', 'Muscle & Sculpting']",40,1,3,4,Squat (Dumbbell),3,5
"5.0 weeks for ['Bodybuilding', 'Muscle & Sculpting']",40,1,3,4,Incline Bench Press (Dumbbell),3,2
"5.0 weeks for ['Bodybuilding', 'Muscle & Sculpting']",40,1,3,4,Rear Delt Fly (Dumbbell),3,10
"5.0 weeks for ['Bodybuilding', 'Muscle & Sculpting']",40,1,3,4,"Custom Circuit - (Lat Raise, Bicep Curl, Upright Row, Calf Raise, Tricep Extension, Hammer Curls) 12 Reps Each Then Break)",3,5
"5.0 weeks for ['Bodybuilding', 'Muscle & Sculpting']",40,2,1,4,Goblet Squat,3,10
"5.0 weeks for ['Bodybuilding', 'Muscle & Sculpting']",40,2,1,4,Seated Shoulder Press (Dumbbell),3,5
"5.0 weeks for ['Bodybuilding', 'Muscle & Sculpting']",40,2,1,4,Chest Supported Row (Dumbbell),3,5
"5.0 weeks for ['Bodybuilding', 'Muscle & Sculpting']",40,2,1,4,"Custom Circuit - (Lat Raise, Bicep Curl, Upright Row, Calf Raise, Tricep Extension, Hammer Curls) 12 Reps Each Then Break)",3,60
"5.0 weeks for ['Bodybuilding', 'Muscle & Sculpting']",40,2,2,4,Romanian Deadlift (Dumbbell),3,5
"5.0 weeks for ['Bodybuilding', 'Muscle & Sculpting']",40,2,2,4,Incline Bench Press (Dumbbell),3,5
"5.0 weeks for ['Bodybuilding', 'Muscle & Sculpting']",40,2,2,4,One Arm Row (Dumbell),3,12
"5.0 weeks for ['Bodybuilding', 'Muscle & Sculpting']",40,2,2,4,"Custom Circuit - (Lat Raise, Bicep Curl, Upright Row, Calf Raise, Tricep Extension, Hammer Curls) 12 Reps Each Then Break)",3,10
"5.0 weeks for ['Bodybuilding', 'Muscle & Sculpting']",40,2,3,4,Squat (Dumbbell),3,10
"5.0 weeks for ['Bodybuilding', 'Muscle & Sculpting']",40,2,3,4,Seated Shoulder Press (Dumbbell),3,5
"5.0 weeks for ['Bodybuilding', 'Muscle & Sculpting']",40,2,3,4,Rear Delt Fly (Dumbbell),3,10
"5.0 weeks for ['Bodybuilding', 'Muscle & Sculpting']",40,2,3,4,"Custom Circuit - (Lat Raise, Bicep Curl, Upright Row, Calf Raise, Tricep Extension, Hammer Curls) 12 Reps Each Then Break)",3,5
"5.0 weeks for ['Bodybuilding', 'Muscle & Sculpting']",40,3,1,4,Goblet Squat,3,12
"5.0 weeks for ['Bodybuilding', 'Muscle & Sculpting']",40,3,1,4,Incline Bench Press (Dumbbell),3,5
"5.0 weeks for ['Bodybuilding', 'Muscle & Sculpting']",40,3,1,4,Chest Supported Row (Dumbbell),3,5
"5.0 weeks for ['Bodybuilding', 'Muscle & Sculpting']",40,3,1,4,"Custom Circuit - (Lat Raise, Bicep Curl, Upright Row, Calf Raise, Tricep Extension, Hammer Curls) 12 Reps Each Then Break)",3,5
"5.0 weeks for ['Bodybuilding', 'Muscle & Sculpting']",40,3,2,4,Romanian Deadlift (Dumbbell),3,2
"5.0 weeks for ['Bodybuilding', 'Muscle & Sculpting']",40,3,2,4,Seated Shoulder Press (Dumbbell),3,5
"5.0 weeks for ['Bodybuilding', 'Muscle & Sculpting']",40,3,2,4,One Arm Row (Dumbell),3,10
"5.0 weeks for ['Bodybuilding', 'Muscle & Sculpting']",40,3,2,4,"Custom Circuit - (Lat Raise, Bicep Curl, Upright Row, Calf Raise, Tricep Extension, Hammer Curls) 12 Reps Each Then Break)",3,5
"5.0 weeks for ['Bodybuilding', 'Muscle & Sculpting']",40,3,3,4,Squat (Dumbbell),3,10
"5.0 weeks for ['Bodybuilding', 'Muscle & Sculpting']",40,3,3,4,Incline Bench Press (Dumbbell),3,8
"5.0 weeks for ['Bodybuilding', 'Muscle & Sculpting']",40,3,3,4,Rear Delt Fly (Dumbbell),3,14
"5.0 weeks for ['Bodybuilding', 'Muscle & Sculpting']",40,3,3,4,"Custom Circuit - (Lat Raise, Bicep Curl, Upright Row, Calf Raise, Tricep Extension, Hammer Curls) 12 Reps Each Then Break)",3,14
"5.0 weeks for ['Bodybuilding', 'Muscle & Sculpting']",40,4,1,4,Goblet Squat,3,14
"5.0 weeks for ['Bodybuilding', 'Muscle & Sculpting']",40,4,1,4,Seated Shoulder Press (Dumbbell),3,12
"5.0 weeks for ['Bodybuilding', 'Muscle & Sculpting']",40,4,1,4,Chest Supported Row (Dumbbell),3,16
"5.0 weeks for ['Bodybuilding', 'Muscle & Sculpting']",40,4,1,4,"Custom Circuit - (Lat Raise, Bicep Curl, Upright Row, Calf Raise, Tricep Extension, Hammer Curls) 12 Reps Each Then Break)",3,14
"5.0 weeks for ['Bodybuilding', 'Muscle & Sculpting']",40,4,2,4,Romanian Deadlift (Dumbbell),3,14
"5.0 weeks for ['Bodybuilding', 'Muscle & Sculpting']",40,4,2,4,Incline Bench Press (Dumbbell),3,16
"5.0 weeks for ['Bodybuilding', 'Muscle & Sculpting']",40,4,2,4,One Arm Row (Dumbell),3,8
"5.0 weeks for ['Bodybuilding', 'Muscle & Sculpting']",40,4,2,4,"Custom Circuit - (Lat Raise, Bicep Curl, Upright Row, Calf Raise, Tricep Extension, Hammer Curls) 12 Reps Each Then Break)",3,14
"5.0 weeks for ['Bodybuilding', 'Muscle & Sculpting']",40,4,3,4,Squat (Dumbbell),3,16
"5.0 weeks for ['Bodybuilding', 'Muscle & Sculpting']",40,4,3,4,Seated Shoulder Press (Dumbbell),3,16
"5.0 weeks for ['Bodybuilding', 'Muscle & Sculpting']",40,4,3,4,Rear Delt Fly (Dumbbell),3,12
"5.0 weeks for ['Bodybuilding', 'Muscle & Sculpting']",40,4,3,4,"Custom Circuit - (Lat Raise, Bicep Curl, Upright Row, Calf Raise, Tricep Extension, Hammer Curls) 12 Reps Each Then Break)",3,14
"5.0 weeks for ['Bodybuilding', 'Muscle & Sculpting']",40,5,1,4,Goblet Squat,3,16
"5.0 weeks for ['Bodybuilding', 'Muscle & Sculpting']",40,5,1,4,Incline Bench Press (Dumbbell),3,20
"5.0 weeks for ['Bodybuilding', 'Muscle & Sculpting']",40,5,1,4,Chest Supported Row (Dumbbell),3,20
"5.0 weeks for ['Bodybuilding', 'Muscle & Sculpting']",40,5,1,4,"Custom Circuit - (Lat Raise, Bicep Curl, Upright Row, Calf Raise, Tricep Extension, Hammer Curls) 12 Reps Each Then Break)",3,20
"5.0 weeks for ['Bodybuilding', 'Muscle & Sculpting']",40,5,2,4,Romanian Deadlift (Dumbbell),3,14
"5.0 weeks for ['Bodybuilding', 'Muscle & Sculpting']",40,5,2,4,Seated Shoulder Press (Dumbbell),3,14
"5.0 weeks for ['Bodybuilding', 'Muscle & Sculpting']",40,5,2,4,One Arm Row (Dumbell),3,20
"5.0 weeks for ['Bodybuilding', 'Muscle & Sculpting']",40,5,2,4,"Custom Circuit - (Lat Raise, Bicep Curl, Upright Row, Calf Raise, Tricep Extension, Hammer Curls) 12 Reps Each Then Break)",3,12
"5.0 weeks for ['Bodybuilding', 'Muscle & Sculpting']",40,5,3,4,Squat (Dumbbell),3,12
"5.0 weeks for ['Bodybuilding', 'Muscle & Sculpting']",40,5,3,4,Incline Bench Press (Dumbbell),3,14
"5.0 weeks for ['Bodybuilding', 'Muscle & Sculpting']",40,5,3,4,Rear Delt Fly (Dumbbell),3,16
"5.0 weeks for ['Bodybuilding', 'Muscle & Sculpting']",40,5,3,4,"Custom Circuit - (Lat Raise, Bicep Curl, Upright Row, Calf Raise, Tricep Extension, Hammer Curls) 12 Reps Each Then Break)",3,20
Wedding SZN,60,1,1,8,Bench Press (Barbell),3,25
Wedding SZN,60,1,1,8,Lat Pulldown,3,600
Wedding SZN,60,1,1,8,Chest Fly (Cable),3,10
Wedding SZN,60,1,1,8,Face Pull,3,8
Wedding SZN,60,1,1,8,Seated Row (Cable),3,12
Wedding SZN,60,1,1,8,Lying Leg Raise,3,100
Wedding SZN,60,1,1,8,Sit Up,3,100
Wedding SZN,60,1,1,8,Plank,2,100
Wedding SZN,60,1,2,7,Lateral Raise (Dumbbell),3,4
Wedding SZN,60,1,2,7,Arnold Press,3,4
Wedding SZN,60,1,2,7,Hammer Curl,3,4
Wedding SZN,60,1,2,7,Bicep Curl (Cable),3,4
Wedding SZN,60,1,2,7,V-Handle Tricep Pushdown (Cable),3,4
Wedding SZN,60,1,2,7,Hollow Hold,3,25
Wedding SZN,60,1,2,7,Russian Twist,3,600
Wedding SZN,60,1,3,8,Squat (Barbell),3,10
Wedding SZN,60,1,3,8,Deadlift (Barbell),4,8
Wedding SZN,60,1,3,8,Lunge (Barbell),4,100
Wedding SZN,60,1,3,8,Leg Press,4,100
Wedding SZN,60,1,3,8,Leg Curl,3,100
Wedding SZN,60,1,3,8,Seated Calf Raise,3,10
Wedding SZN,60,1,3,8,Oblique Crunch,4,10
Wedding SZN,60,1,3,8,Mountain Climber,3,10
Wedding SZN,60,2,1,8,Bench Press (Barbell),3,10
Wedding SZN,60,2,1,8,Lat Pulldown,3,10
Wedding SZN,60,2,1,8,Chest Fly (Cable),3,25
Wedding SZN,60,2,1,8,Face Pull,3,25
Wedding SZN,60,2,1,8,Seated Row (Cable),3,600
Wedding SZN,60,2,1,8,Lying Leg Raise,3,10
Wedding SZN,60,2,1,8,Sit Up,3,8
Wedding SZN,60,2,1,8,Plank,2,12
Wedding SZN,60,2,2,7,Lateral Raise (Dumbbell),3,100
Wedding SZN,60,2,2,7,Arnold Press,3,100
Wedding SZN,60,2,2,7,Hammer Curl,3,100
Wedding SZN,60,2,2,7,Bicep Curl (Cable),3,4
Wedding SZN,60,2,2,7,V-Handle Tricep Pushdown (Cable),3,4
Wedding SZN,60,2,2,7,Hollow Hold,3,4
Wedding SZN,60,2,2,7,Russian Twist,3,4
Wedding SZN,60,2,3,8,Squat (Barbell),3,4
Wedding SZN,60,2,3,8,Deadlift (Barbell),4,25
Wedding SZN,60,2,3,8,Lunge (Barbell),4,600
Wedding SZN,60,2,3,8,Leg Press,4,10
Wedding SZN,60,2,3,8,Leg Curl,3,8
Wedding SZN,60,2,3,8,Seated Calf Raise,3,100
Wedding SZN,60,2,3,8,Oblique Crunch,4,100
Wedding SZN,60,2,3,8,Mountain Climber,3,100
Wedding SZN,60,3,1,8,Bench Press (Barbell),3,10
Wedding SZN,60,3,1,8,Lat Pulldown,3,10
Wedding SZN,60,3,1,8,Chest Fly (Cable),3,10
Wedding SZN,60,3,1,8,Face Pull,3,10
Wedding SZN,60,3,1,8,Seated Row (Cable),3,10
Wedding SZN,60,3,1,8,Lying Leg Raise,3,25
Wedding SZN,60,3,1,8,Sit Up,3,25
Wedding SZN,60,3,1,8,Plank,2,600
Wedding SZN,60,3,2,7,Lateral Raise (Dumbbell),3,10
Wedding SZN,60,3,2,7,Arnold Press,3,8
Wedding SZN,60,3,2,7,Hammer Curl,3,12
Wedding SZN,60,3,2,7,Bicep Curl (Cable),3,100
Wedding SZN,60,3,2,7,V-Handle Tricep Pushdown (Cable),3,100
Wedding SZN,60,3,2,7,Hollow Hold,3,100
Wedding SZN,60,3,2,7,Russian Twist,3,4
Wedding SZN,60,3,3,8,Squat (Barbell),3,4
Wedding SZN,60,3,3,8,Deadlift (Barbell),4,4
Wedding SZN,60,3,3,8,Lunge (Barbell),4,4
Wedding SZN,60,3,3,8,Leg Press,4,4
Wedding SZN,60,3,3,8,Leg Curl,3,25
Wedding SZN,60,3,3,8,Seated Calf Raise,3,600
Wedding SZN,60,3,3,8,Oblique Crunch,4,10
Wedding SZN,60,3,3,8,Mountain Climber,3,8
Wedding SZN,60,4,1,8,Bench Press (Barbell),3,100
Wedding SZN,60,4,1,8,Lat Pulldown,3,100
Wedding SZN,60,4,1,8,Chest Fly (Cable),3,100
Wedding SZN,60,4,1,8,Face Pull,3,10
Wedding SZN,60,4,1,8,Seated Row (Cable),3,10
Wedding SZN,60,4,1,8,Lying Leg Raise,3,10
Wedding SZN,60,4,1,8,Sit Up,3,10
Wedding SZN,60,4,1,8,Plank,2,10
Wedding SZN,60,4,2,7,Lateral Raise (Dumbbell),3,25
Wedding SZN,60,4,2,7,Arnold Press,3,25
Wedding SZN,60,4,2,7,Hammer Curl,3,600
Wedding SZN,60,4,2,7,Bicep Curl (Cable),3,10
Wedding SZN,60,4,2,7,V-Handle Tricep Pushdown (Cable),3,8
Wedding SZN,60,4,2,7,Hollow Hold,3,12
Wedding SZN,60,4,2,7,Russian Twist,3,100
Wedding SZN,60,4,3,8,Squat (Barbell),3,100
Wedding SZN,60,4,3,8,Deadlift (Barbell),4,100
Wedding SZN,60,4,3,8,Lunge (Barbell),4,4
Wedding SZN,60,4,3,8,Leg Press,4,4
Wedding SZN,60,4,3,8,Leg Curl,3,4
Wedding SZN,60,4,3,8,Seated Calf Raise,3,4
Wedding SZN,60,4,3,8,Oblique Crunch,4,4
Wedding SZN,60,4,3,8,Mountain Climber,3,25
Wedding SZN,60,5,1,8,Bench Press (Barbell),3,600
Wedding SZN,60,5,1,8,Lat Pulldown,3,5
Wedding SZN,60,5,1,8,Chest Fly (Cable),3,12
Wedding SZN,60,5,1,8,Face Pull,3,5
Wedding SZN,60,5,1,8,Seated Row (Cable),3,15
Wedding SZN,60,5,1,8,Lying Leg Raise,3,12
Wedding SZN,60,5,1,8,Sit Up,3,5
Wedding SZN,60,5,1,8,Plank,2,8
Wedding SZN,60,5,2,7,Lateral Raise (Dumbbell),3,12
Wedding SZN,60,5,2,7,Arnold Press,3,12
Wedding SZN,60,5,2,7,Hammer Curl,3,12
Wedding SZN,60,5,2,7,Bicep Curl (Cable),3,10
Wedding SZN,60,5,2,7,V-Handle Tricep Pushdown (Cable),3,8
Wedding SZN,60,5,2,7,Hollow Hold,3,6
Wedding SZN,60,5,2,7,Russian Twist,3,15
Wedding SZN,60,5,3,8,Squat (Barbell),3,60
Wedding SZN,60,5,3,8,Deadlift (Barbell),4,12
Wedding SZN,60,5,3,8,Lunge (Barbell),4,120
Wedding SZN,60,5,3,8,Leg Press,4,5
Wedding SZN,60,5,3,8,Leg Curl,3,12
Wedding SZN,60,5,3,8,Seated Calf Raise,3,5
Wedding SZN,60,5,3,8,Oblique Crunch,4,15
Wedding SZN,60,5,3,8,Mountain Climber,3,12
Wedding SZN,60,6,1,8,Bench Press (Barbell),3,5
Wedding SZN,60,6,1,8,Lat Pulldown,3,8
Wedding SZN,60,6,1,8,Chest Fly (Cable),3,12
Wedding SZN,60,6,1,8,Face Pull,3,12
Wedding SZN,60,6,1,8,Seated Row (Cable),3,12
Wedding SZN,60,6,1,8,Lying Leg Raise,3,10
Wedding SZN,60,6,1,8,Sit Up,3,8
Wedding SZN,60,6,1,8,Plank,2,6
Wedding SZN,60,6,2,7,Lateral Raise (Dumbbell),3,15
Wedding SZN,60,6,2,7,Arnold Press,3,60
Wedding SZN,60,6,2,7,Hammer Curl,3,12
Wedding SZN,60,6,2,7,Bicep Curl (Cable),3,120
Wedding SZN,60,6,2,7,V-Handle Tricep Pushdown (Cable),3,5
Wedding SZN,60,6,2,7,Hollow Hold,3,12
Wedding SZN,60,6,2,7,Russian Twist,3,5
Wedding SZN,60,6,3,8,Squat (Barbell),3,15
Wedding SZN,60,6,3,8,Deadlift (Barbell),4,12
Wedding SZN,60,6,3,8,Lunge (Barbell),4,5
Wedding SZN,60,6,3,8,Leg Press,4,8
Wedding SZN,60,6,3,8,Leg Curl,3,12
Wedding SZN,60,6,3,8,Seated Calf Raise,3,12
Wedding SZN,60,6,3,8,Oblique Crunch,4,12
Wedding SZN,60,6,3,8,Mountain Climber,3,10
Wedding SZN,60,7,1,8,Bench Press (Barbell),3,8
Wedding SZN,60,7,1,8,Lat Pulldown,3,6
Wedding SZN,60,7,1,8,Chest Fly (Cable),3,15
Wedding SZN,60,7,1,8,Face Pull,3,60
Wedding SZN,60,7,1,8,Seated Row (Cable),3,12
Wedding SZN,60,7,1,8,Lying Leg Raise,3,120
Wedding SZN,60,7,1,8,Sit Up,3,5
Wedding SZN,60,7,1,8,Plank,2,12
Wedding SZN,60,7,2,7,Lateral Raise (Dumbbell),3,5
Wedding SZN,60,7,2,7,Arnold Press,3,15
Wedding SZN,60,7,2,7,Hammer Curl,3,12
Wedding SZN,60,7,2,7,Bicep Curl (Cable),3,5
Wedding SZN,60,7,2,7,V-Handle Tricep Pushdown (Cable),3,8
Wedding SZN,60,7,2,7,Hollow Hold,3,12
Wedding SZN,60,7,2,7,Russian Twist,3,12
Wedding SZN,60,7,3,8,Squat (Barbell),3,12
Wedding SZN,60,7,3,8,Deadlift (Barbell),4,10
Wedding SZN,60,7,3,8,Lunge (Barbell),4,8
Wedding SZN,60,7,3,8,Leg Press,4,6
Wedding SZN,60,7,3,8,Leg Curl,3,15
Wedding SZN,60,7,3,8,Seated Calf Raise,3,60
Wedding SZN,60,7,3,8,Oblique Crunch,4,12
Wedding SZN,60,7,3,8,Mountain Climber,3,120
Wedding SZN,60,8,1,8,Bench Press (Barbell),3,5
Wedding SZN,60,8,1,8,Lat Pulldown,3,15
Wedding SZN,60,8,1,8,Chest Fly (Cable),3,120
Wedding SZN,60,8,1,8,Face Pull,3,5
Wedding SZN,60,8,1,8,Seated Row (Cable),3,12
Wedding SZN,60,8,1,8,Lying Leg Raise,3,8
Wedding SZN,60,8,1,8,Sit Up,3,24
Wedding SZN,60,8,1,8,Plank,2,20
Wedding SZN,60,8,2,7,Lateral Raise (Dumbbell),3,15
Wedding SZN,60,8,2,7,Arnold Press,3,5
Wedding SZN,60,8,2,7,Hammer Curl,3,5
Wedding SZN,60,8,2,7,Bicep Curl (Cable),3,20
Wedding SZN,60,8,2,7,V-Handle Tricep Pushdown (Cable),3,60
Wedding SZN,60,8,2,7,Hollow Hold,3,12
Wedding SZN,60,8,2,7,Russian Twist,3,5
Wedding SZN,60,8,3,8,Squat (Barbell),3,15
Wedding SZN,60,8,3,8,Deadlift (Barbell),4,120
Wedding SZN,60,8,3,8,Lunge (Barbell),4,5
Wedding SZN,60,8,3,8,Leg Press,4,12
Wedding SZN,60,8,3,8,Leg Curl,3,8
Wedding SZN,60,8,3,8,Seated Calf Raise,3,24
Wedding SZN,60,8,3,8,Oblique Crunch,4,20
Wedding SZN,60,8,3,8,Mountain Climber,3,15
Wedding SZN,60,9,1,8,Bench Press (Barbell),3,5
Wedding SZN,60,9,1,8,Lat Pulldown,3,5
Wedding SZN,60,9,1,8,Chest Fly (Cable),3,20
Wedding SZN,60,9,1,8,Face Pull,3,60
Wedding SZN,60,9,1,8,Seated Row (Cable),3,12
Wedding SZN,60,9,1,8,Lying Leg Raise,3,5
Wedding SZN,60,9,1,8,Sit Up,3,15
Wedding SZN,60,9,1,8,Plank,2,120
Wedding SZN,60,9,2,7,Lateral Raise (Dumbbell),3,5
Wedding SZN,60,9,2,7,Arnold Press,3,12
Wedding SZN,60,9,2,7,Hammer Curl,3,8
Wedding SZN,60,9,2,7,Bicep Curl (Cable),3,24
Wedding SZN,60,9,2,7,V-Handle Tricep Pushdown (Cable),3,20
Wedding SZN,60,9,2,7,Hollow Hold,3,15
Wedding SZN,60,9,2,7,Russian Twist,3,5
Wedding SZN,60,9,3,8,Squat (Barbell),3,5
Wedding SZN,60,9,3,8,Deadlift (Barbell),4,20
Wedding SZN,60,9,3,8,Lunge (Barbell),4,60
Wedding SZN,60,9,3,8,Leg Press,4,12
Wedding SZN,60,9,3,8,Leg Curl,3,5
Wedding SZN,60,9,3,8,Seated Calf Raise,3,15
Wedding SZN,60,9,3,8,Oblique Crunch,4,120
Wedding SZN,60,9,3,8,Mountain Climber,3,5
Wedding SZN,60,10,1,8,Bench Press (Barbell),3,12
Wedding SZN,60,10,1,8,Lat Pulldown,3,8
Wedding SZN,60,10,1,8,Chest Fly (Cable),3,24
Wedding SZN,60,10,1,8,Face Pull,3,20
Wedding SZN,60,10,1,8,Seated Row (Cable),3,15
Wedding SZN,60,10,1,8,Lying Leg Raise,3,5
Wedding SZN,60,10,1,8,Sit Up,3,5
Wedding SZN,60,10,1,8,Plank,2,20
Wedding SZN,60,10,2,7,Lateral Raise (Dumbbell),3,60
Wedding SZN,60,10,2,7,Arnold Press,3,12
Wedding SZN,60,10,2,7,Hammer Curl,3,5
Wedding SZN,60,10,2,7,Bicep Curl (Cable),3,120
Wedding SZN,60,10,2,7,V-Handle Tricep Pushdown (Cable),3,15
Wedding SZN,60,10,2,7,Hollow Hold,3,6
Wedding SZN,60,10,2,7,Russian Twist,3,5
Wedding SZN,60,10,3,8,Squat (Barbell),3,10
Wedding SZN,60,10,3,8,Deadlift (Barbell),4,8
Wedding SZN,60,10,3,8,Lunge (Barbell),4,12
Wedding SZN,60,10,3,8,Leg Press,4,12
Wedding SZN,60,10,3,8,Leg Curl,3,5
Wedding SZN,60,10,3,8,Seated Calf Raise,3,5
Wedding SZN,60,10,3,8,Oblique Crunch,4,12
Wedding SZN,60,10,3,8,Mountain Climber,3,12
Wedding SZN,60,11,1,8,Bench Press (Barbell),3,20
Wedding SZN,60,11,1,8,Lat Pulldown,3,60
Wedding SZN,60,11,1,8,Chest Fly (Cable),3,5
Wedding SZN,60,11,1,8,Face Pull,3,120
Wedding SZN,60,11,1,8,Seated Row (Cable),3,15
Wedding SZN,60,11,1,8,Lying Leg Raise,3,6
Wedding SZN,60,11,1,8,Sit Up,3,5
Wedding SZN,60,11,1,8,Plank,2,10
Wedding SZN,60,11,2,7,Lateral Raise (Dumbbell),3,8
Wedding SZN,60,11,2,7,Arnold Press,3,12
Wedding SZN,60,11,2,7,Hammer Curl,3,12
Wedding SZN,60,11,2,7,Bicep Curl (Cable),3,5
Wedding SZN,60,11,2,7,V-Handle Tricep Pushdown (Cable),3,5
Wedding SZN,60,11,2,7,Hollow Hold,3,12
Wedding SZN,60,11,2,7,Russian Twist,3,12
Wedding SZN,60,11,3,8,Squat (Barbell),3,20
Wedding SZN,60,11,3,8,Deadlift (Barbell),4,60
Wedding SZN,60,11,3,8,Lunge (Barbell),4,5
Wedding SZN,60,11,3,8,Leg Press,4,120
Wedding SZN,60,11,3,8,Leg Curl,3,15
Wedding SZN,60,11,3,8,Seated Calf Raise,3,6
Wedding SZN,60,11,3,8,Oblique Crunch,4,5
Wedding SZN,60,11,3,8,Mountain Climber,3,10
Wedding SZN,60,12,1,8,Bench Press (Barbell),3,8
Wedding SZN,60,12,1,8,Lat Pulldown,3,12
Wedding SZN,60,12,1,8,Chest Fly (Cable),3,12
Wedding SZN,60,12,1,8,Face Pull,3,5
Wedding SZN,60,12,1,8,Seated Row (Cable),3,5
Wedding SZN,60,12,1,8,Lying Leg Raise,3,12
Wedding SZN,60,12,1,8,Sit Up,3,12
Wedding SZN,60,12,1,8,Plank,2,20
Wedding SZN,60,12,2,7,Lateral Raise (Dumbbell),3,60
Wedding SZN,60,12,2,7,Arnold Press,3,5
Wedding SZN,60,12,2,7,Hammer Curl,3,120
Wedding SZN,60,12,2,7,Bicep Curl (Cable),3,15
Wedding SZN,60,12,2,7,V-Handle Tricep Pushdown (Cable),3,6
Wedding SZN,60,12,2,7,Hollow Hold,3,5
Wedding SZN,60,12,2,7,Russian Twist,3,10
Wedding SZN,60,12,3,8,Squat (Barbell),3,8
Wedding SZN,60,12,3,8,Deadlift (Barbell),4,12
Wedding SZN,60,12,3,8,Lunge (Barbell),4,12
Wedding SZN,60,12,3,8,Leg Press,4,5
Wedding SZN,60,12,3,8,Leg Curl,3,5
Wedding SZN,60,12,3,8,Seated Calf Raise,3,12
Wedding SZN,60,12,3,8,Oblique Crunch,4,12
Wedding SZN,60,12,3,8,Mountain Climber,3,20
5.0 weeks for ['Powerlifting'],90,1,1,6,Squat (Barbell),1,4
5.0 weeks for ['Powerlifting'],90,1,1,6,Tempo Bench Press,3,4
5.0 weeks for ['Powerlifting'],90,1,1,6,Romanian Deadlift (Barbell),1,4
5.0 weeks for ['Powerlifting'],90,1,1,6,Bulgarian Split Squat (Dumbbell),1,4
5.0 weeks for ['Powerlifting'],90,1,1,6,Hip Adductor (Machine),3,4
5.0 weeks for ['Powerlifting'],90,1,1,6,Lateral Raise (Machine),3,8
5.0 weeks for ['Powerlifting'],90,1,2,7,Pull-Up (Assisted),3,8
5.0 weeks for ['Powerlifting'],90,1,2,7,Single Arm Cable Row,2,4
5.0 weeks for ['Powerlifting'],90,1,2,7,Lat Pulldown,2,4
5.0 weeks for ['Powerlifting'],90,1,2,7,Chest Supported Row (Machine),2,4
5.0 weeks for ['Powerlifting'],90,1,2,7,Incline Curl (Dumbbell),2,4
5.0 weeks for ['Powerlifting'],90,1,2,7,Bicep Curl (Dumbbell),2,4
5.0 weeks for ['Powerlifting'],90,1,2,7,Rear Delt Fly (Machine),3,14
5.0 weeks for ['Powerlifting'],90,1,3,6,Bench Press (Paused),1,14
5.0 weeks for ['Powerlifting'],90,1,3,6,Incline Bench Press (Dumbbell),2,14
5.0 weeks for ['Powerlifting'],90,1,3,6,Tricep Pushdown (Cable),3,14
5.0 weeks for ['Powerlifting'],90,1,3,6,Pec Deck (Machine),2,14
5.0 weeks for ['Powerlifting'],90,1,3,6,Dip (Weighted),2,14
5.0 weeks for ['Powerlifting'],90,1,3,6,Lateral Raise (Cable),3,14
5.0 weeks for ['Powerlifting'],90,1,4,6,Deadlift (Barbell),1,28
5.0 weeks for ['Powerlifting'],90,1,4,6,Snatch Deadlift,2,28
5.0 weeks for ['Powerlifting'],90,1,4,6,Tempo Squat (Barbell),3,14
5.0 weeks for ['Powerlifting'],90,1,4,6,Leg Press,2,14
5.0 weeks for ['Powerlifting'],90,1,4,6,Seated Hamstring Curl,2,14
5.0 weeks for ['Powerlifting'],90,1,4,6,Hip Abductor (Machine),3,14
5.0 weeks for ['Powerlifting'],90,1,5,7,Larsen Press (Barbell),3,14
5.0 weeks for ['Powerlifting'],90,1,5,7,Bench Press (Dumbbell),2,14
5.0 weeks for ['Powerlifting'],90,1,5,7,JM Press,2,14
5.0 weeks for ['Powerlifting'],90,1,5,7,Lat Pulldown,3,14
5.0 weeks for ['Powerlifting'],90,1,5,7,Chest Supported Row (Machine),2,14
5.0 weeks for ['Powerlifting'],90,1,5,7,Preacher Curl (Dumbbell),3,14
5.0 weeks for ['Powerlifting'],90,1,5,7,Lateral Raise (Cable),3,14
5.0 weeks for ['Powerlifting'],90,2,1,6,Squat (Barbell),1,14
5.0 weeks for ['Powerlifting'],90,2,1,6,Tempo Bench Press,3,28
5.0 weeks for ['Powerlifting'],90,2,1,6,Romanian Deadlift (Barbell),2,28
5.0 weeks for ['Powerlifting'],90,2,1,6,Bulgarian Split Squat (Dumbbell),1,14
5.0 weeks for ['Powerlifting'],90,2,1,6,Hip Adductor (Machine),3,14
5.0 weeks for ['Powerlifting'],90,2,1,6,Lateral Raise (Machine),3,14
5.0 weeks for ['Powerlifting'],90,2,2,7,Pull-Up (Assisted),3,14
5.0 weeks for ['Powerlifting'],90,2,2,7,Single Arm Cable Row,2,14
5.0 weeks for ['Powerlifting'],90,2,2,7,Lat Pulldown,2,10
5.0 weeks for ['Powerlifting'],90,2,2,7,Chest Supported Row (Machine),2,10
5.0 weeks for ['Powerlifting'],90,2,2,7,Incline Curl (Dumbbell),3,10
5.0 weeks for ['Powerlifting'],90,2,2,7,Bicep Curl (Dumbbell),2,10
5.0 weeks for ['Powerlifting'],90,2,2,7,Rear Delt Fly (Machine),3,10
5.0 weeks for ['Powerlifting'],90,2,3,6,Bench Press (Paused),1,10
5.0 weeks for ['Powerlifting'],90,2,3,6,Incline Bench Press (Dumbbell),3,10
5.0 weeks for ['Powerlifting'],90,2,3,6,Tricep Pushdown (Cable),3,18
5.0 weeks for ['Powerlifting'],90,2,3,6,Pec Deck (Machine),3,18
5.0 weeks for ['Powerlifting'],90,2,3,6,Dip (Weighted),2,10
5.0 weeks for ['Powerlifting'],90,2,3,6,Lateral Raise (Cable),3,10
5.0 weeks for ['Powerlifting'],90,2,4,6,Deadlift (Barbell),1,10
5.0 weeks for ['Powerlifting'],90,2,4,6,Snatch Deadlift,2,10
5.0 weeks for ['Powerlifting'],90,2,4,6,Tempo Squat (Barbell),3,10
5.0 weeks for ['Powerlifting'],90,2,4,6,Leg Press,2,10
5.0 weeks for ['Powerlifting'],90,2,4,6,Seated Hamstring Curl,3,10
5.0 weeks for ['Powerlifting'],90,2,4,6,Hip Abductor (Machine),3,10
5.0 weeks for ['Powerlifting'],90,2,5,7,Larsen Press (Barbell),3,10
5.0 weeks for ['Powerlifting'],90,2,5,7,Bench Press (Dumbbell),3,10
5.0 weeks for ['Powerlifting'],90,2,5,7,JM Press,3,10
5.0 weeks for ['Powerlifting'],90,2,5,7,Lat Pulldown,3,10
5.0 weeks for ['Powerlifting'],90,2,5,7,Chest Supported Row (Machine),2,18
5.0 weeks for ['Powerlifting'],90,2,5,7,Preacher Curl (Dumbbell),3,18
5.0 weeks for ['Powerlifting'],90,2,5,7,Lateral Raise (Cable),3,10
5.0 weeks for ['Powerlifting'],90,3,1,6,Squat (Barbell),1,10
5.0 weeks for ['Powerlifting'],90,3,1,6,Tempo Bench Press,3,10
5.0 weeks for ['Powerlifting'],90,3,1,6,Romanian Deadlift (Barbell),2,10
5.0 weeks for ['Powerlifting'],90,3,1,6,Bulgarian Split Squat (Dumbbell),1,10
5.0 weeks for ['Powerlifting'],90,3,1,6,Hip Adductor (Machine),5,7
5.0 weeks for ['Powerlifting'],90,3,1,6,Lateral Raise (Machine),4,7
5.0 weeks for ['Powerlifting'],90,3,2,7,Pull-Up (Assisted),4,7
5.0 weeks for ['Powerlifting'],90,3,2,7,Single Arm Cable Row,3,7
5.0 weeks for ['Powerlifting'],90,3,2,7,Lat Pulldown,3,7
5.0 weeks for ['Powerlifting'],90,3,2,7,Chest Supported Row (Machine),3,7
5.0 weeks for ['Powerlifting'],90,3,2,7,Incline Curl (Dumbbell),4,7
5.0 weeks for ['Powerlifting'],90,3,2,7,Bicep Curl (Dumbbell),2,12
5.0 weeks for ['Powerlifting'],90,3,2,7,Rear Delt Fly (Machine),4,12
5.0 weeks for ['Powerlifting'],90,3,3,6,Bench Press (Paused),1,7
5.0 weeks for ['Powerlifting'],90,3,3,6,Incline Bench Press (Dumbbell),3,7
5.0 weeks for ['Powerlifting'],90,3,3,6,Tricep Pushdown (Cable),3,7
5.0 weeks for ['Powerlifting'],90,3,3,6,Pec Deck (Machine),3,7
5.0 weeks for ['Powerlifting'],90,3,3,6,Dip (Weighted),3,7
5.0 weeks for ['Powerlifting'],90,3,3,6,Lateral Raise (Cable),4,7
5.0 weeks for ['Powerlifting'],90,3,4,6,Deadlift (Barbell),1,7
5.0 weeks for ['Powerlifting'],90,3,4,6,Snatch Deadlift,2,7
5.0 weeks for ['Powerlifting'],90,3,4,6,Tempo Squat (Barbell),3,7
5.0 weeks for ['Powerlifting'],90,3,4,6,Leg Press,2,7
5.0 weeks for ['Powerlifting'],90,3,4,6,Seated Hamstring Curl,1,7
5.0 weeks for ['Powerlifting'],90,3,4,6,Hip Abductor (Machine),3,7
5.0 weeks for ['Powerlifting'],90,3,5,7,Larsen Press (Barbell),1,12
5.0 weeks for ['Powerlifting'],90,3,5,7,Bench Press (Dumbbell),3,12
5.0 weeks for ['Powerlifting'],90,3,5,7,JM Press,2,7
5.0 weeks for ['Powerlifting'],90,3,5,7,Lat Pulldown,3,7
5.0 weeks for ['Powerlifting'],90,3,5,7,Chest Supported Row (Machine),2,7
5.0 weeks for ['Powerlifting'],90,3,5,7,Preacher Curl (Dumbbell),4,7
5.0 weeks for ['Powerlifting'],90,3,5,7,Lateral Raise (Cable),4,7
5.0 weeks for ['Powerlifting'],90,4,1,6,Squat (Barbell),1,4
5.0 weeks for ['Powerlifting'],90,4,1,6,Tempo Bench Press,3,4
5.0 weeks for ['Powerlifting'],90,4,1,6,Romanian Deadlift (Barbell),2,4
5.0 weeks for ['Powerlifting'],90,4,1,6,Bulgarian Split Squat (Dumbbell),1,4
5.0 weeks for ['Powerlifting'],90,4,1,6,Hip Adductor (Machine),4,4
5.0 weeks for ['Powerlifting'],90,4,1,6,Lateral Raise (Machine),4,4
5.0 weeks for ['Powerlifting'],90,4,2,7,Pull-Up (Assisted),3,4
5.0 weeks for ['Powerlifting'],90,4,2,7,Single Arm Cable Row,2,8
5.0 weeks for ['Powerlifting'],90,4,2,7,Lat Pulldown,3,8
5.0 weeks for ['Powerlifting'],90,4,2,7,Chest Supported Row (Machine),2,4
5.0 weeks for ['Powerlifting'],90,4,2,7,Incline Curl (Dumbbell),2,4
5.0 weeks for ['Powerlifting'],90,4,2,7,Bicep Curl (Dumbbell),2,4
5.0 weeks for ['Powerlifting'],90,4,2,7,Rear Delt Fly (Machine),4,4
5.0 weeks for ['Powerlifting'],90,4,3,6,Bench Press (Paused),1,4
5.0 weeks for ['Powerlifting'],90,4,3,6,Incline Bench Press (Dumbbell),3,4
5.0 weeks for ['Powerlifting'],90,4,3,6,Tricep Pushdown (Cable),4,4
5.0 weeks for ['Powerlifting'],90,4,3,6,Pec Deck (Machine),3,4
5.0 weeks for ['Powerlifting'],90,4,3,6,Dip (Weighted),2,4
5.0 weeks for ['Powerlifting'],90,4,3,6,Lateral Raise (Cable),4,4
5.0 weeks for ['Powerlifting'],90,4,4,6,Deadlift (Barbell),1,4
5.0 weeks for ['Powerlifting'],90,4,4,6,Snatch Deadlift,3,4
5.0 weeks for ['Powerlifting'],90,4,4,6,Tempo Squat (Barbell),3,8
5.0 weeks for ['Powerlifting'],90,4,4,6,Leg Press,1,8
5.0 weeks for ['Powerlifting'],90,4,4,6,Seated Hamstring Curl,4,4
5.0 weeks for ['Powerlifting'],90,4,4,6,Hip Abductor (Machine),3,4
5.0 weeks for ['Powerlifting'],90,4,5,7,Larsen Press (Barbell),1,4
5.0 weeks for ['Powerlifting'],90,4,5,7,Bench Press (Dumbbell),3,4
5.0 weeks for ['Powerlifting'],90,4,5,7,JM Press,3,4
5.0 weeks for ['Powerlifting'],90,4,5,7,Lat Pulldown,4,14
5.0 weeks for ['Powerlifting'],90,4,5,7,Chest Supported Row (Machine),3,14
5.0 weeks for ['Powerlifting'],90,4,5,7,Preacher Curl (Dumbbell),4,14
5.0 weeks for ['Powerlifting'],90,4,5,7,Lateral Raise (Cable),4,14
5.0 weeks for ['Powerlifting'],90,5,1,2,Squat (Barbell),3,14
5.0 weeks for ['Powerlifting'],90,5,1,2,Tempo Bench Press,3,14
5.0 weeks for ['Powerlifting'],90,5,2,2,Bench Press (Paused),3,14
5.0 weeks for ['Powerlifting'],90,5,2,2,Deadlift (Barbell),3,28
5.0 weeks for ['Powerlifting'],90,5,3,3,Deadlift (Barbell),3,28
5.0 weeks for ['Powerlifting'],90,5,3,3,Tempo Squat (Barbell),3,14
5.0 weeks for ['Powerlifting'],90,5,3,3,Bench Press (Paused),3,14
5.0 weeks for ['Powerlifting'],90,1,1,7,Pull-Up (Assisted),2,14
5.0 weeks for ['Powerlifting'],90,1,1,7,Bench Press (Barbell),4,14
5.0 weeks for ['Powerlifting'],90,1,1,7,Incline Bench Press (Dumbbell),3,14
5.0 weeks for ['Powerlifting'],90,1,1,7,Chest Fly (Machine),3,14
5.0 weeks for ['Powerlifting'],90,1,1,7,Bent Over Row (Barbell),3,14
5.0 weeks for ['Powerlifting'],90,1,1,7,Lat Pulldown,3,14
5.0 weeks for ['Powerlifting'],90,1,1,7,Seated Row (Cable),3,14
5.0 weeks for ['Powerlifting'],90,1,2,8,Pull-Up (Assisted),2,14
5.0 weeks for ['Powerlifting'],90,1,2,8,Bicep Curl (Barbell),4,28
5.0 weeks for ['Powerlifting'],90,1,2,8,Hammer Curl,4,28
5.0 weeks for ['Powerlifting'],90,1,2,8,Tricep Pushdown (Cable),4,14
5.0 weeks for ['Powerlifting'],90,1,2,8,Bench Press (Close Grip),3,14
5.0 weeks for ['Powerlifting'],90,1,2,8,Seated Shoulder Press (Dumbbell),3,14
5.0 weeks for ['Powerlifting'],90,1,2,8,Lateral Raise (Dumbbell),4,14
5.0 weeks for ['Powerlifting'],90,1,2,8,Reverse Pec Deck,4,14
5.0 weeks for ['Powerlifting'],90,1,3,6,Pull-Up (Assisted),2,10
5.0 weeks for ['Powerlifting'],90,1,3,6,Squat (Barbell),5,10
5.0 weeks for ['Powerlifting'],90,1,3,6,Leg Extension,4,10
5.0 weeks for ['Powerlifting'],90,1,3,6,Romanian Deadlift (Barbell),4,10
5.0 weeks for ['Powerlifting'],90,1,3,6,Leg Press (45 Degrees),3,10
5.0 weeks for ['Powerlifting'],90,1,3,6,Seated Calf Raise,5,10
5.0 weeks for ['Powerlifting'],90,1,4,7,Pull-Up (Assisted),2,10
5.0 weeks for ['Powerlifting'],90,1,4,7,Bent Over Row (Barbell),4,18
5.0 weeks for ['Powerlifting'],90,1,4,7,Standing Pullover (Cable),3,18
5.0 weeks for ['Powerlifting'],90,1,4,7,Chest Supported Row (Machine),3,10
5.0 weeks for ['Powerlifting'],90,1,4,7,Incline Bench Press (Dumbbell),3,10
5.0 weeks for ['Powerlifting'],90,1,4,7,Bench Press (Dumbbell),3,10
5.0 weeks for ['Powerlifting'],90,1,4,7,Chest Press (Machine),2,10
5.0 weeks for ['Powerlifting'],90,1,5,8,Shoulder Press (Machine),4,10
5.0 weeks for ['Powerlifting'],90,1,5,8,Lateral Raise (Machine),4,10
5.0 weeks for ['Powerlifting'],90,1,5,8,Reverse Pec Deck,3,10
5.0 weeks for ['Powerlifting'],90,1,5,8,Skull Crusher,4,10
5.0 weeks for ['Powerlifting'],90,1,5,8,Tricep Rope Push Down (Cable),3,10
5.0 weeks for ['Powerlifting'],90,1,5,8,Bicep Curl (Dumbbell),3,10
5.0 weeks for ['Powerlifting'],90,1,5,8,Hammer Curl,3,10
5.0 weeks for ['Powerlifting'],90,1,5,8,Seated Calf Raise,5,10
5.0 weeks for ['Powerlifting'],90,2,1,7,Pull-Up (Assisted),2,18
5.0 weeks for ['Powerlifting'],90,2,1,7,Bench Press (Barbell),4,18
5.0 weeks for ['Powerlifting'],90,2,1,7,Incline Bench Press (Dumbbell),3,10
5.0 weeks for ['Powerlifting'],90,2,1,7,Chest Fly (Machine),3,10
5.0 weeks for ['Powerlifting'],90,2,1,7,Bent Over Row (Barbell),3,10
5.0 weeks for ['Powerlifting'],90,2,1,7,Lat Pulldown,3,10
5.0 weeks for ['Powerlifting'],90,2,1,7,Seated Row (Cable),3,10
5.0 weeks for ['Powerlifting'],90,2,2,8,Pull-Up (Assisted),2,7
5.0 weeks for ['Powerlifting'],90,2,2,8,Bicep Curl (Barbell),4,7
5.0 weeks for ['Powerlifting'],90,2,2,8,Hammer Curl,4,7
5.0 weeks for ['Powerlifting'],90,2,2,8,Tricep Pushdown (Cable),4,7
5.0 weeks for ['Powerlifting'],90,2,2,8,Bench Press (Close Grip),3,7
5.0 weeks for ['Powerlifting'],90,2,2,8,Seated Shoulder Press (Dumbbell),3,7
5.0 weeks for ['Powerlifting'],90,2,2,8,Lateral Raise (Dumbbell),4,7
5.0 weeks for ['Powerlifting'],90,2,2,8,Reverse Pec Deck,4,12
5.0 weeks for ['Powerlifting'],90,2,3,6,Pull-Up (Assisted),2,12
5.0 weeks for ['Powerlifting'],90,2,3,6,Squat (Barbell),5,7
5.0 weeks for ['Powerlifting'],90,2,3,6,Leg Extension,4,7
5.0 weeks for ['Powerlifting'],90,2,3,6,Romanian Deadlift (Barbell),4,7
5.0 weeks for ['Powerlifting'],90,2,3,6,Leg Press (45 Degrees),3,7
5.0 weeks for ['Powerlifting'],90,2,3,6,Seated Calf Raise,5,7
5.0 weeks for ['Powerlifting'],90,2,4,7,Pull-Up (Assisted),2,7
5.0 weeks for ['Powerlifting'],90,2,4,7,Bent Over Row (Barbell),4,7
5.0 weeks for ['Powerlifting'],90,2,4,7,Standing Pullover (Cable),3,7
5.0 weeks for ['Powerlifting'],90,2,4,7,Chest Supported Row (Machine),3,7
5.0 weeks for ['Powerlifting'],90,2,4,7,Incline Bench Press (Dumbbell),3,7
5.0 weeks for ['Powerlifting'],90,2,4,7,Bench Press (Dumbbell),3,7
5.0 weeks for ['Powerlifting'],90,2,4,7,Chest Press (Machine),2,7
5.0 weeks for ['Powerlifting'],90,2,5,8,Shoulder Press (Machine),4,12
5.0 weeks for ['Powerlifting'],90,2,5,8,Lateral Raise (Machine),4,12
5.0 weeks for ['Powerlifting'],90,2,5,8,Reverse Pec Deck,3,7
5.0 weeks for ['Powerlifting'],90,2,5,8,Skull Crusher,4,7
5.0 weeks for ['Powerlifting'],90,2,5,8,Tricep Rope Push Down (Cable),3,7
5.0 weeks for ['Powerlifting'],90,2,5,8,Bicep Curl (Dumbbell),3,7
5.0 weeks for ['Powerlifting'],90,2,5,8,Hammer Curl,3,7
5.0 weeks for ['Powerlifting'],90,2,5,8,Seated Calf Raise,5,4
5.0 weeks for ['Powerlifting'],90,3,1,7,Pull-Up (Assisted),2,4
5.0 weeks for ['Powerlifting'],90,3,1,7,Bench Press (Barbell),4,4
5.0 weeks for ['Powerlifting'],90,3,1,7,Incline Bench Press (Dumbbell),3,4
5.0 weeks for ['Powerlifting'],90,3,1,7,Chest Fly (Machine),3,4
5.0 weeks for ['Powerlifting'],90,3,1,7,Bent Over Row (Barbell),3,4
5.0 weeks for ['Powerlifting'],90,3,1,7,Lat Pulldown,3,4
5.0 weeks for ['Powerlifting'],90,3,1,7,Seated Row (Cable),3,8
5.0 weeks for ['Powerlifting'],90,3,2,8,Pull-Up (Assisted),2,8
5.0 weeks for ['Powerlifting'],90,3,2,8,Bicep Curl (Barbell),4,4
5.0 weeks for ['Powerlifting'],90,3,2,8,Hammer Curl,4,4
5.0 weeks for ['Powerlifting'],90,3,2,8,Tricep Pushdown (Cable),4,4
5.0 weeks for ['Powerlifting'],90,3,2,8,Bench Press (Close Grip),3,4
5.0 weeks for ['Powerlifting'],90,3,2,8,Seated Shoulder Press (Dumbbell),3,4
5.0 weeks for ['Powerlifting'],90,3,2,8,Lateral Raise (Dumbbell),4,4
5.0 weeks for ['Powerlifting'],90,3,2,8,Reverse Pec Deck,4,4
5.0 weeks for ['Powerlifting'],90,3,3,6,Pull-Up (Assisted),2,4
5.0 weeks for ['Powerlifting'],90,3,3,6,Squat (Barbell),5,4
5.0 weeks for ['Powerlifting'],90,3,3,6,Leg Extension,4,4
5.0 weeks for ['Powerlifting'],90,3,3,6,Romanian Deadlift (Barbell),4,4
5.0 weeks for ['Powerlifting'],90,3,3,6,Leg Press (45 Degrees),3,4
5.0 weeks for ['Powerlifting'],90,3,3,6,Seated Calf Raise,5,8
5.0 weeks for ['Powerlifting'],90,3,4,7,Pull-Up (Assisted),2,8
5.0 weeks for ['Powerlifting'],90,3,4,7,Bent Over Row (Barbell),4,4
5.0 weeks for ['Powerlifting'],90,3,4,7,Standing Pullover (Cable),3,4
5.0 weeks for ['Powerlifting'],90,3,4,7,Chest Supported Row (Machine),3,4
5.0 weeks for ['Powerlifting'],90,3,4,7,Incline Bench Press (Dumbbell),3,4
5.0 weeks for ['Powerlifting'],90,3,4,7,Bench Press (Dumbbell),3,4
5.0 weeks for ['Powerlifting'],90,3,4,7,Chest Press (Machine),2,12
5.0 weeks for ['Powerlifting'],90,3,5,8,Shoulder Press (Machine),4,18
5.0 weeks for ['Powerlifting'],90,3,5,8,Lateral Raise (Machine),4,8
5.0 weeks for ['Powerlifting'],90,3,5,8,Reverse Pec Deck,3,12
5.0 weeks for ['Powerlifting'],90,3,5,8,Skull Crusher,4,12
5.0 weeks for ['Powerlifting'],90,3,5,8,Tricep Rope Push Down (Cable),3,12
5.0 weeks for ['Powerlifting'],90,3,5,8,Bicep Curl (Dumbbell),3,15
5.0 weeks for ['Powerlifting'],90,3,5,8,Hammer Curl,3,8
5.0 weeks for ['Powerlifting'],90,3,5,8,Seated Calf Raise,5,16
5.0 weeks for ['Powerlifting'],90,4,1,7,Pull-Up (Assisted),2,12
5.0 weeks for ['Powerlifting'],90,4,1,7,Bench Press (Barbell),4,12
5.0 weeks for ['Powerlifting'],90,4,1,7,Incline Bench Press (Dumbbell),3,12
5.0 weeks for ['Powerlifting'],90,4,1,7,Chest Fly (Machine),3,15
5.0 weeks for ['Powerlifting'],90,4,1,7,Bent Over Row (Barbell),3,12
5.0 weeks for ['Powerlifting'],90,4,1,7,Lat Pulldown,3,12
5.0 weeks for ['Powerlifting'],90,4,1,7,Seated Row (Cable),3,12
5.0 weeks for ['Powerlifting'],90,4,2,8,Pull-Up (Assisted),2,15
5.0 weeks for ['Powerlifting'],90,4,2,8,Bicep Curl (Barbell),4,12
5.0 weeks for ['Powerlifting'],90,4,2,8,Hammer Curl,4,12
5.0 weeks for ['Powerlifting'],90,4,2,8,Tricep Pushdown (Cable),4,12
5.0 weeks for ['Powerlifting'],90,4,2,8,Bench Press (Close Grip),3,8
5.0 weeks for ['Powerlifting'],90,4,2,8,Seated Shoulder Press (Dumbbell),3,15
5.0 weeks for ['Powerlifting'],90,4,2,8,Lateral Raise (Dumbbell),4,15
5.0 weeks for ['Powerlifting'],90,4,2,8,Reverse Pec Deck,4,15
5.0 weeks for ['Powerlifting'],90,4,3,6,Pull-Up (Assisted),2,6
5.0 weeks for ['Powerlifting'],90,4,3,6,Squat (Barbell),5,15
5.0 weeks for ['Powerlifting'],90,4,3,6,Leg Extension,4,12
5.0 weeks for ['Powerlifting'],90,4,3,6,Romanian Deadlift (Barbell),4,15
5.0 weeks for ['Powerlifting'],90,4,3,6,Leg Press (45 Degrees),3,10
5.0 weeks for ['Powerlifting'],90,4,3,6,Seated Calf Raise,5,15
5.0 weeks for ['Powerlifting'],90,4,4,7,Pull-Up (Assisted),2,12
5.0 weeks for ['Powerlifting'],90,4,4,7,Bent Over Row (Barbell),4,12
5.0 weeks for ['Powerlifting'],90,4,4,7,Standing Pullover (Cable),3,12
5.0 weeks for ['Powerlifting'],90,4,4,7,Chest Supported Row (Machine),3,16
5.0 weeks for ['Powerlifting'],90,4,4,7,Incline Bench Press (Dumbbell),3,12
5.0 weeks for ['Powerlifting'],90,4,4,7,Bench Press (Dumbbell),3,6
5.0 weeks for ['Powerlifting'],90,4,4,7,Chest Press (Machine),2,12
5.0 weeks for ['Powerlifting'],90,4,5,8,Shoulder Press (Machine),4,12
5.0 weeks for ['Powerlifting'],90,4,5,8,Lateral Raise (Machine),4,14
5.0 weeks for ['Powerlifting'],90,4,5,8,Reverse Pec Deck,3,12
5.0 weeks for ['Powerlifting'],90,4,5,8,Skull Crusher,4,18
5.0 weeks for ['Powerlifting'],90,4,5,8,Tricep Rope Push Down (Cable),3,8
5.0 weeks for ['Powerlifting'],90,4,5,8,Bicep Curl (Dumbbell),3,8
5.0 weeks for ['Powerlifting'],90,4,5,8,Hammer Curl,3,12
5.0 weeks for ['Powerlifting'],90,4,5,8,Seated Calf Raise,5,12
5.0 weeks for ['Powerlifting'],90,5,1,7,Pull-Up (Assisted),2,15
5.0 weeks for ['Powerlifting'],90,5,1,7,Bench Press (Barbell),4,8
5.0 weeks for ['Powerlifting'],90,5,1,7,Incline Bench Press (Dumbbell),3,16
5.0 weeks for ['Powerlifting'],90,5,1,7,Chest Fly (Machine),3,12
5.0 weeks for ['Powerlifting'],90,5,1,7,Bent Over Row (Barbell),3,12
5.0 weeks for ['Powerlifting'],90,5,1,7,Lat Pulldown,3,12
5.0 weeks for ['Powerlifting'],90,5,1,7,Seated Row (Cable),3,15
5.0 weeks for ['Powerlifting'],90,5,2,8,Pull-Up (Assisted),2,12
5.0 weeks for ['Powerlifting'],90,5,2,8,Bicep Curl (Barbell),4,12
5.0 weeks for ['Powerlifting'],90,5,2,8,Hammer Curl,4,12
5.0 weeks for ['Powerlifting'],90,5,2,8,Tricep Pushdown (Cable),4,15
5.0 weeks for ['Powerlifting'],90,5,2,8,Bench Press (Close Grip),3,10
5.0 weeks for ['Powerlifting'],90,5,2,8,Seated Shoulder Press (Dumbbell),3,12
5.0 weeks for ['Powerlifting'],90,5,2,8,Lateral Raise (Dumbbell),4,12
5.0 weeks for ['Powerlifting'],90,5,2,8,Reverse Pec Deck,4,8
5.0 weeks for ['Powerlifting'],90,5,3,6,Pull-Up (Assisted),2,15
5.0 weeks for ['Powerlifting'],90,5,3,6,Squat (Barbell),5,15
5.0 weeks for ['Powerlifting'],90,5,3,6,Leg Extension,4,15
5.0 weeks for ['Powerlifting'],90,5,3,6,Romanian Deadlift (Barbell),4,6
5.0 weeks for ['Powerlifting'],90,5,3,6,Leg Press (45 Degrees),3,15
5.0 weeks for ['Powerlifting'],90,5,3,6,Seated Calf Raise,5,12
5.0 weeks for ['Powerlifting'],90,5,4,7,Pull-Up (Assisted),2,15
5.0 weeks for ['Powerlifting'],90,5,4,7,Bent Over Row (Barbell),4,12
5.0 weeks for ['Powerlifting'],90,5,4,7,Standing Pullover (Cable),3,10
5.0 weeks for ['Powerlifting'],90,5,4,7,Chest Supported Row (Machine),3,12
5.0 weeks for ['Powerlifting'],90,5,4,7,Incline Bench Press (Dumbbell),3,15
5.0 weeks for ['Powerlifting'],90,5,4,7,Bench Press (Dumbbell),3,12
5.0 weeks for ['Powerlifting'],90,5,4,7,Chest Press (Machine),2,16
5.0 weeks for ['Powerlifting'],90,5,5,8,Shoulder Press (Machine),4,12
5.0 weeks for ['Powerlifting'],90,5,5,8,Lateral Raise (Machine),4,6
5.0 weeks for ['Powerlifting'],90,5,5,8,Reverse Pec Deck,3,12
5.0 weeks for ['Powerlifting'],90,5,5,8,Skull Crusher,4,12
5.0 weeks for ['Powerlifting'],90,5,5,8,Tricep Rope Push Down (Cable),3,14
5.0 weeks for ['Powerlifting'],90,5,5,8,Bicep Curl (Dumbbell),3,12
5.0 weeks for ['Powerlifting'],90,5,5,8,Hammer Curl,3,18
5.0 weeks for ['Powerlifting'],90,5,5,8,Seated Calf Raise,5,8
"9.0 weeks for ['Athletics', 'Bodybuilding', 'Powerbuilding', 'Muscle & Sculpting']",60,1,1,5,Incline Bench Press (Dumbbell),3,12
"9.0 weeks for ['Athletics', 'Bodybuilding', 'Powerbuilding', 'Muscle & Sculpting']",60,1,1,5,Lu Raise,3,12
"9.0 weeks for ['Athletics', 'Bodybuilding', 'Powerbuilding', 'Muscle & Sculpting']",60,1,1,5,Wrist Curls,3,12
"9.0 weeks for ['Athletics', 'Bodybuilding', 'Powerbuilding', 'Muscle & Sculpting']",60,1,1,5,Abs Crunch (Weighted),3,30
"9.0 weeks for ['Athletics', 'Bodybuilding', 'Powerbuilding', 'Muscle & Sculpting']",60,1,1,5,Plank,3,12
"9.0 weeks for ['Athletics', 'Bodybuilding', 'Powerbuilding', 'Muscle & Sculpting']",60,1,2,3,Box Squat (Barbell),3,12
"9.0 weeks for ['Athletics', 'Bodybuilding', 'Powerbuilding', 'Muscle & Sculpting']",60,1,2,3,Nordic Curl,3,12
"9.0 weeks for ['Athletics', 'Bodybuilding', 'Powerbuilding', 'Muscle & Sculpting']",60,1,2,3,Hanging Leg Raise,3,12
"9.0 weeks for ['Athletics', 'Bodybuilding', 'Powerbuilding', 'Muscle & Sculpting']",60,1,3,4,Pull-Up (Band),3,12
"9.0 weeks for ['Athletics', 'Bodybuilding', 'Powerbuilding', 'Muscle & Sculpting']",60,1,3,4,"Bent Over Row (Barbell, Paused)",3,10
"9.0 weeks for ['Athletics', 'Bodybuilding', 'Powerbuilding', 'Muscle & Sculpting']",60,1,3,4,Wrist Curls,3,12
"9.0 weeks for ['Athletics', 'Bodybuilding', 'Powerbuilding', 'Muscle & Sculpting']",60,1,3,4,Dragon Flag,3,12
"9.0 weeks for ['Athletics', 'Bodybuilding', 'Powerbuilding', 'Muscle & Sculpting']",60,1,4,3,Sumo Deadlift (Barbell),3,12
"9.0 weeks for ['Athletics', 'Bodybuilding', 'Powerbuilding', 'Muscle & Sculpting']",60,1,4,3,Cossack Squat,3,15
"9.0 weeks for ['Athletics', 'Bodybuilding', 'Powerbuilding', 'Muscle & Sculpting']",60,1,4,3,Pallof Press,3,15
"9.0 weeks for ['Athletics', 'Bodybuilding', 'Powerbuilding', 'Muscle & Sculpting']",60,2,1,5,Incline Bench Press (Dumbbell),3,15
"9.0 weeks for ['Athletics', 'Bodybuilding', 'Powerbuilding', 'Muscle & Sculpting']",60,2,1,5,Lu Raise,3,12
"9.0 weeks for ['Athletics', 'Bodybuilding', 'Powerbuilding', 'Muscle & Sculpting']",60,2,1,5,Wrist Curls,3,30
"9.0 weeks for ['Athletics', 'Bodybuilding', 'Powerbuilding', 'Muscle & Sculpting']",60,2,1,5,Abs Crunch (Weighted),3,12
"9.0 weeks for ['Athletics', 'Bodybuilding', 'Powerbuilding', 'Muscle & Sculpting']",60,2,1,5,Plank,3,12
"9.0 weeks for ['Athletics', 'Bodybuilding', 'Powerbuilding', 'Muscle & Sculpting']",60,2,2,3,Box Squat (Barbell),3,12
"9.0 weeks for ['Athletics', 'Bodybuilding', 'Powerbuilding', 'Muscle & Sculpting']",60,2,2,3,Nordic Curl,3,12
"9.0 weeks for ['Athletics', 'Bodybuilding', 'Powerbuilding', 'Muscle & Sculpting']",60,2,2,3,Hanging Leg Raise,3,12
"9.0 weeks for ['Athletics', 'Bodybuilding', 'Powerbuilding', 'Muscle & Sculpting']",60,2,3,4,Pull-Up (Band),3,12
"9.0 weeks for ['Athletics', 'Bodybuilding', 'Powerbuilding', 'Muscle & Sculpting']",60,2,3,4,"Bent Over Row (Barbell, Paused)",3,30
"9.0 weeks for ['Athletics', 'Bodybuilding', 'Powerbuilding', 'Muscle & Sculpting']",60,2,3,4,Wrist Curls,3,12
"9.0 weeks for ['Athletics', 'Bodybuilding', 'Powerbuilding', 'Muscle & Sculpting']",60,2,3,4,Dragon Flag,3,12
"9.0 weeks for ['Athletics', 'Bodybuilding', 'Powerbuilding', 'Muscle & Sculpting']",60,2,4,3,Sumo Deadlift (Barbell),3,12
"9.0 weeks for ['Athletics', 'Bodybuilding', 'Powerbuilding', 'Muscle & Sculpting']",60,2,4,3,Cossack Squat,3,12
"9.0 weeks for ['Athletics', 'Bodybuilding', 'Powerbuilding', 'Muscle & Sculpting']",60,2,4,3,Pallof Press,3,12
"9.0 weeks for ['Athletics', 'Bodybuilding', 'Powerbuilding', 'Muscle & Sculpting']",60,3,1,5,Incline Bench Press (Dumbbell),3,10
"9.0 weeks for ['Athletics', 'Bodybuilding', 'Powerbuilding', 'Muscle & Sculpting']",60,3,1,5,Lu Raise,3,12
"9.0 weeks for ['Athletics', 'Bodybuilding', 'Powerbuilding', 'Muscle & Sculpting']",60,3,1,5,Wrist Curls,3,12
"9.0 weeks for ['Athletics', 'Bodybuilding', 'Powerbuilding', 'Muscle & Sculpting']",60,3,1,5,Abs Crunch (Weighted),3,12
"9.0 weeks for ['Athletics', 'Bodybuilding', 'Powerbuilding', 'Muscle & Sculpting']",60,3,1,5,Plank,3,15
"9.0 weeks for ['Athletics', 'Bodybuilding', 'Powerbuilding', 'Muscle & Sculpting']",60,3,2,3,Box Squat (Barbell),3,15
"9.0 weeks for ['Athletics', 'Bodybuilding', 'Powerbuilding', 'Muscle & Sculpting']",60,3,2,3,Nordic Curl,3,15
"9.0 weeks for ['Athletics', 'Bodybuilding', 'Powerbuilding', 'Muscle & Sculpting']",60,3,2,3,Hanging Leg Raise,3,12
"9.0 weeks for ['Athletics', 'Bodybuilding', 'Powerbuilding', 'Muscle & Sculpting']",60,3,3,4,Pull-Up (Band),3,30
"9.0 weeks for ['Athletics', 'Bodybuilding', 'Powerbuilding', 'Muscle & Sculpting']",60,3,3,4,"Bent Over Row (Barbell, Paused)",3,12
"9.0 weeks for ['Athletics', 'Bodybuilding', 'Powerbuilding', 'Muscle & Sculpting']",60,3,3,4,Wrist Curls,3,12
"9.0 weeks for ['Athletics', 'Bodybuilding', 'Powerbuilding', 'Muscle & Sculpting']",60,3,3,4,Dragon Flag,3,12
"9.0 weeks for ['Athletics', 'Bodybuilding', 'Powerbuilding', 'Muscle & Sculpting']",60,3,4,3,Sumo Deadlift (Barbell),3,12
"9.0 weeks for ['Athletics', 'Bodybuilding', 'Powerbuilding', 'Muscle & Sculpting']",60,3,4,3,Cossack Squat,3,12
"9.0 weeks for ['Athletics', 'Bodybuilding', 'Powerbuilding', 'Muscle & Sculpting']",60,3,4,3,Pallof Press,3,12
"9.0 weeks for ['Athletics', 'Bodybuilding', 'Powerbuilding', 'Muscle & Sculpting']",60,4,1,5,Incline Bench Press (Dumbbell),3,30
"9.0 weeks for ['Athletics', 'Bodybuilding', 'Powerbuilding', 'Muscle & Sculpting']",60,4,1,5,Lu Raise,3,12
"9.0 weeks for ['Athletics', 'Bodybuilding', 'Powerbuilding', 'Muscle & Sculpting']",60,4,1,5,Wrist Curls,3,12
"9.0 weeks for ['Athletics', 'Bodybuilding', 'Powerbuilding', 'Muscle & Sculpting']",60,4,1,5,Abs Crunch (Weighted),3,12
"9.0 weeks for ['Athletics', 'Bodybuilding', 'Powerbuilding', 'Muscle & Sculpting']",60,4,1,5,Plank,3,12
"9.0 weeks for ['Athletics', 'Bodybuilding', 'Powerbuilding', 'Muscle & Sculpting']",60,4,2,3,Box Squat (Barbell),3,12
"9.0 weeks for ['Athletics', 'Bodybuilding', 'Powerbuilding', 'Muscle & Sculpting']",60,4,2,3,Nordic Curl,3,10
"9.0 weeks for ['Athletics', 'Bodybuilding', 'Powerbuilding', 'Muscle & Sculpting']",60,4,2,3,Hanging Leg Raise,3,12
"9.0 weeks for ['Athletics', 'Bodybuilding', 'Powerbuilding', 'Muscle & Sculpting']",60,4,3,4,Pull-Up (Band),3,12
"9.0 weeks for ['Athletics', 'Bodybuilding', 'Powerbuilding', 'Muscle & Sculpting']",60,4,3,4,"Bent Over Row (Barbell, Paused)",3,12
"9.0 weeks for ['Athletics', 'Bodybuilding', 'Powerbuilding', 'Muscle & Sculpting']",60,4,3,4,Wrist Curls,3,15
"9.0 weeks for ['Athletics', 'Bodybuilding', 'Powerbuilding', 'Muscle & Sculpting']",60,4,3,4,Dragon Flag,3,15
"9.0 weeks for ['Athletics', 'Bodybuilding', 'Powerbuilding', 'Muscle & Sculpting']",60,4,4,3,Sumo Deadlift (Barbell),3,15
"9.0 weeks for ['Athletics', 'Bodybuilding', 'Powerbuilding', 'Muscle & Sculpting']",60,4,4,3,Cossack Squat,3,12
"9.0 weeks for ['Athletics', 'Bodybuilding', 'Powerbuilding', 'Muscle & Sculpting']",60,4,4,3,Pallof Press,3,30
"9.0 weeks for ['Athletics', 'Bodybuilding', 'Powerbuilding', 'Muscle & Sculpting']",60,5,1,5,Incline Bench Press (Dumbbell),3,12
"9.0 weeks for ['Athletics', 'Bodybuilding', 'Powerbuilding', 'Muscle & Sculpting']",60,5,1,5,Lu Raise,3,12
"9.0 weeks for ['Athletics', 'Bodybuilding', 'Powerbuilding', 'Muscle & Sculpting']",60,5,1,5,Wrist Curls,3,12
"9.0 weeks for ['Athletics', 'Bodybuilding', 'Powerbuilding', 'Muscle & Sculpting']",60,5,1,5,Abs Crunch (Weighted),3,12
"9.0 weeks for ['Athletics', 'Bodybuilding', 'Powerbuilding', 'Muscle & Sculpting']",60,5,1,5,Plank,3,12
"9.0 weeks for ['Athletics', 'Bodybuilding', 'Powerbuilding', 'Muscle & Sculpting']",60,5,2,3,Box Squat (Barbell),3,12
"9.0 weeks for ['Athletics', 'Bodybuilding', 'Powerbuilding', 'Muscle & Sculpting']",60,5,2,3,Nordic Curl,3,30
"9.0 weeks for ['Athletics', 'Bodybuilding', 'Powerbuilding', 'Muscle & Sculpting']",60,5,2,3,Hanging Leg Raise,3,12
"9.0 weeks for ['Athletics', 'Bodybuilding', 'Powerbuilding', 'Muscle & Sculpting']",60,5,3,4,Pull-Up (Band),3,12
"9.0 weeks for ['Athletics', 'Bodybuilding', 'Powerbuilding', 'Muscle & Sculpting']",60,5,3,4,"Bent Over Row (Barbell, Paused)",3,12
"9.0 weeks for ['Athletics', 'Bodybuilding', 'Powerbuilding', 'Muscle & Sculpting']",60,5,3,4,Wrist Curls,3,12
"9.0 weeks for ['Athletics', 'Bodybuilding', 'Powerbuilding', 'Muscle & Sculpting']",60,5,3,4,Dragon Flag,3,12
"9.0 weeks for ['Athletics', 'Bodybuilding', 'Powerbuilding', 'Muscle & Sculpting']",60,5,4,3,Sumo Deadlift (Barbell),3,10
"9.0 weeks for ['Athletics', 'Bodybuilding', 'Powerbuilding', 'Muscle & Sculpting']",60,5,4,3,Cossack Squat,3,12
"9.0 weeks for ['Athletics', 'Bodybuilding', 'Powerbuilding', 'Muscle & Sculpting']",60,5,4,3,Pallof Press,3,12
"9.0 weeks for ['Athletics', 'Bodybuilding', 'Powerbuilding', 'Muscle & Sculpting']",60,6,1,5,Incline Bench Press (Dumbbell),3,12
"9.0 weeks for ['Athletics', 'Bodybuilding', 'Powerbuilding', 'Muscle & Sculpting']",60,6,1,5,Lu Raise,3,15
"9.0 weeks for ['Athletics', 'Bodybuilding', 'Powerbuilding', 'Muscle & Sculpting']",60,6,1,5,Wrist Curls,3,15
"9.0 weeks for ['Athletics', 'Bodybuilding', 'Powerbuilding', 'Muscle & Sculpting']",60,6,1,5,Abs Crunch (Weighted),3,15
"9.0 weeks for ['Athletics', 'Bodybuilding', 'Powerbuilding', 'Muscle & Sculpting']",60,6,1,5,Plank,3,12
"9.0 weeks for ['Athletics', 'Bodybuilding', 'Powerbuilding', 'Muscle & Sculpting']",60,6,2,3,Box Squat (Barbell),3,30
"9.0 weeks for ['Athletics', 'Bodybuilding', 'Powerbuilding', 'Muscle & Sculpting']",60,6,2,3,Nordic Curl,3,12
"9.0 weeks for ['Athletics', 'Bodybuilding', 'Powerbuilding', 'Muscle & Sculpting']",60,6,2,3,Hanging Leg Raise,3,12
"9.0 weeks for ['Athletics', 'Bodybuilding', 'Powerbuilding', 'Muscle & Sculpting']",60,6,3,4,Pull-Up (Band),3,12
"9.0 weeks for ['Athletics', 'Bodybuilding', 'Powerbuilding', 'Muscle & Sculpting']",60,6,3,4,"Bent Over Row (Barbell, Paused)",3,12
"9.0 weeks for ['Athletics', 'Bodybuilding', 'Powerbuilding', 'Muscle & Sculpting']",60,6,3,4,Wrist Curls,3,12
"9.0 weeks for ['Athletics', 'Bodybuilding', 'Powerbuilding', 'Muscle & Sculpting']",60,6,3,4,Dragon Flag,3,12
"9.0 weeks for ['Athletics', 'Bodybuilding', 'Powerbuilding', 'Muscle & Sculpting']",60,6,4,3,Sumo Deadlift (Barbell),3,30
"9.0 weeks for ['Athletics', 'Bodybuilding', 'Powerbuilding', 'Muscle & Sculpting']",60,6,4,3,Cossack Squat,3,12
"9.0 weeks for ['Athletics', 'Bodybuilding', 'Powerbuilding', 'Muscle & Sculpting']",60,6,4,3,Pallof Press,3,12
"9.0 weeks for ['Athletics', 'Bodybuilding', 'Powerbuilding', 'Muscle & Sculpting']",60,7,1,5,Incline Bench Press (Dumbbell),3,12
"9.0 weeks for ['Athletics', 'Bodybuilding', 'Powerbuilding', 'Muscle & Sculpting']",60,7,1,5,Lu Raise,3,12
"9.0 weeks for ['Athletics', 'Bodybuilding', 'Powerbuilding', 'Muscle & Sculpting']",60,7,1,5,Wrist Curls,3,12
"9.0 weeks for ['Athletics', 'Bodybuilding', 'Powerbuilding', 'Muscle & Sculpting']",60,7,1,5,Abs Crunch (Weighted),3,10
"9.0 weeks for ['Athletics', 'Bodybuilding', 'Powerbuilding', 'Muscle & Sculpting']",60,7,1,5,Plank,3,12
"9.0 weeks for ['Athletics', 'Bodybuilding', 'Powerbuilding', 'Muscle & Sculpting']",60,7,2,3,Box Squat (Barbell),3,12
"9.0 weeks for ['Athletics', 'Bodybuilding', 'Powerbuilding', 'Muscle & Sculpting']",60,7,2,3,Nordic Curl,3,12
"9.0 weeks for ['Athletics', 'Bodybuilding', 'Powerbuilding', 'Muscle & Sculpting']",60,7,2,3,Hanging Leg Raise,3,15
"9.0 weeks for ['Athletics', 'Bodybuilding', 'Powerbuilding', 'Muscle & Sculpting']",60,7,3,4,Pull-Up (Band),3,15
"9.0 weeks for ['Athletics', 'Bodybuilding', 'Powerbuilding', 'Muscle & Sculpting']",60,7,3,4,"Bent Over Row (Barbell, Paused)",3,15
"9.0 weeks for ['Athletics', 'Bodybuilding', 'Powerbuilding', 'Muscle & Sculpting']",60,7,3,4,Wrist Curls,3,12
"9.0 weeks for ['Athletics', 'Bodybuilding', 'Powerbuilding', 'Muscle & Sculpting']",60,7,3,4,Dragon Flag,3,30
"9.0 weeks for ['Athletics', 'Bodybuilding', 'Powerbuilding', 'Muscle & Sculpting']",60,7,4,3,Sumo Deadlift (Barbell),3,10
"9.0 weeks for ['Athletics', 'Bodybuilding', 'Powerbuilding', 'Muscle & Sculpting']",60,7,4,3,Cossack Squat,3,15
"9.0 weeks for ['Athletics', 'Bodybuilding', 'Powerbuilding', 'Muscle & Sculpting']",60,7,4,3,Pallof Press,3,15
"9.0 weeks for ['Athletics', 'Bodybuilding', 'Powerbuilding', 'Muscle & Sculpting']",60,8,1,5,Incline Bench Press (Dumbbell),3,15
"9.0 weeks for ['Athletics', 'Bodybuilding', 'Powerbuilding', 'Muscle & Sculpting']",60,8,1,5,Lu Raise,3,15
"9.0 weeks for ['Athletics', 'Bodybuilding', 'Powerbuilding', 'Muscle & Sculpting']",60,8,1,5,Wrist Curls,3,10
"9.0 weeks for ['Athletics', 'Bodybuilding', 'Powerbuilding', 'Muscle & Sculpting']",60,8,1,5,Abs Crunch (Weighted),3,15
"9.0 weeks for ['Athletics', 'Bodybuilding', 'Powerbuilding', 'Muscle & Sculpting']",60,8,1,5,Plank,3,15
"9.0 weeks for ['Athletics', 'Bodybuilding', 'Powerbuilding', 'Muscle & Sculpting']",60,8,2,3,Box Squat (Barbell),3,15
"9.0 weeks for ['Athletics', 'Bodybuilding', 'Powerbuilding', 'Muscle & Sculpting']",60,8,2,3,Nordic Curl,3,15
"9.0 weeks for ['Athletics', 'Bodybuilding', 'Powerbuilding', 'Muscle & Sculpting']",60,8,2,3,Hanging Leg Raise,3,15
"9.0 weeks for ['Athletics', 'Bodybuilding', 'Powerbuilding', 'Muscle & Sculpting']",60,8,3,4,Pull-Up (Band),3,15
"9.0 weeks for ['Athletics', 'Bodybuilding', 'Powerbuilding', 'Muscle & Sculpting']",60,8,3,4,"Bent Over Row (Barbell, Paused)",3,15
"9.0 weeks for ['Athletics', 'Bodybuilding', 'Powerbuilding', 'Muscle & Sculpting']",60,8,3,4,Wrist Curls,3,15
"9.0 weeks for ['Athletics', 'Bodybuilding', 'Powerbuilding', 'Muscle & Sculpting']",60,8,3,4,Dragon Flag,3,20
"9.0 weeks for ['Athletics', 'Bodybuilding', 'Powerbuilding', 'Muscle & Sculpting']",60,8,4,3,Sumo Deadlift (Barbell),3,15
"9.0 weeks for ['Athletics', 'Bodybuilding', 'Powerbuilding', 'Muscle & Sculpting']",60,8,4,3,Cossack Squat,3,10
"9.0 weeks for ['Athletics', 'Bodybuilding', 'Powerbuilding', 'Muscle & Sculpting']",60,8,4,3,Pallof Press,3,15
"9.0 weeks for ['Athletics', 'Bodybuilding', 'Powerbuilding', 'Muscle & Sculpting']",60,9,1,2,Bench Press (Barbell),1,15
"9.0 weeks for ['Athletics', 'Bodybuilding', 'Powerbuilding', 'Muscle & Sculpting']",60,9,1,2,Pull-Up (Bodyweight),1,15
"9.0 weeks for ['Athletics', 'Bodybuilding', 'Powerbuilding', 'Muscle & Sculpting']",60,9,2,1,Squat (Barbell),1,15
"9.0 weeks for ['Athletics', 'Bodybuilding', 'Powerbuilding', 'Muscle & Sculpting']",60,9,3,1,Standing Shoulder Press (Dumbbell),1,10
"9.0 weeks for ['Athletics', 'Bodybuilding', 'Powerbuilding', 'Muscle & Sculpting']",60,9,4,1,Sumo Deadlift (Barbell),1,15
Big Boy Jitler,60,1,1,8,Goblet Squat,3,5
Big Boy Jitler,60,1,1,8,Romanian Deadlift (Dumbbell),3,20
Big Boy Jitler,60,1,1,8,Standing Calf Raise,5,10
Big Boy Jitler,60,1,1,8,Leg Extension,3,10
Big Boy Jitler,60,1,1,8,Leg Curl,3,10
Big Boy Jitler,60,1,1,8,Abs Crunch (Weighted),3,1800
Big Boy Jitler,60,1,1,8,Side Plank,3,5
Big Boy Jitler,60,1,1,8,Lying Leg Raise,1,20
Big Boy Jitler,60,1,2,6,Bench Press (Dumbbell),3,10
Big Boy Jitler,60,1,2,6,Incline Bench Press (Dumbbell),3,10
Big Boy Jitler,60,1,2,6,Seated Shoulder Press (Dumbbell),3,10
Big Boy Jitler,60,1,2,6,Face Pull,3,1800
Big Boy Jitler,60,1,2,6,Lateral Raise (Dumbbell),3,5
Big Boy Jitler,60,1,2,6,Overhead Tricep Extension (Cable),3,10
Big Boy Jitler,60,1,3,6,Lat Pulldown,3,20
Big Boy Jitler,60,1,3,6,Chest Supported Row (Machine),3,10
Big Boy Jitler,60,1,3,6,Standing Pullover (Cable),3,10
Big Boy Jitler,60,1,3,6,Bent Over Row (Dumbbell),3,1800
Big Boy Jitler,60,1,3,6,Incline Curl (Dumbbell),3,5
Big Boy Jitler,60,1,3,6,Rear Delt Fly (Machine),3,10
Big Boy Jitler,60,1,4,8,Lunge (Dumbbell),3,10
Big Boy Jitler,60,1,4,8,Squat (Dumbbell),3,10
Big Boy Jitler,60,1,4,8,Pallof Press,3,1800
Big Boy Jitler,60,1,4,8,Goblet Squat,3,5
Big Boy Jitler,60,1,4,8,Standing Calf Raise,4,20
Big Boy Jitler,60,1,4,8,Abs Crunch (Weighted),3,10
Big Boy Jitler,60,1,4,8,Side Plank,3,10
Big Boy Jitler,60,1,4,8,Lying Leg Raise,1,10
Big Boy Jitler,60,1,5,6,Single Arm Row (Dumbbell),3,1800
Big Boy Jitler,60,1,5,6,Arnold Press,3,5
Big Boy Jitler,60,1,5,6,Incline Bench Press (Dumbbell),3,20
Big Boy Jitler,60,1,5,6,Shrug (Dumbbell),3,10
Big Boy Jitler,60,1,5,6,Dip (Bodyweight),3,10
Big Boy Jitler,60,1,5,6,Pull-Up (Bodyweight),3,10
Big Boy Jitler,60,1,6,3,Squat (Barbell),1,1800
Big Boy Jitler,60,1,6,3,Deadlift (Barbell),1,5
Big Boy Jitler,60,1,6,3,Bench Press (Barbell),1,10
Big Boy Jitler,60,2,1,8,Goblet Squat,3,20
Big Boy Jitler,60,2,1,8,Romanian Deadlift (Dumbbell),3,10
Big Boy Jitler,60,2,1,8,Standing Calf Raise,5,10
Big Boy Jitler,60,2,1,8,Leg Extension,3,1800
Big Boy Jitler,60,2,1,8,Leg Curl,3,5
Big Boy Jitler,60,2,1,8,Abs Crunch (Weighted),3,10
Big Boy Jitler,60,2,1,8,Side Plank,3,10
Big Boy Jitler,60,2,1,8,Lying Leg Raise,1,10
Big Boy Jitler,60,2,2,6,Bench Press (Dumbbell),3,1800
Big Boy Jitler,60,2,2,6,Incline Bench Press (Dumbbell),3,5
Big Boy Jitler,60,2,2,6,Seated Shoulder Press (Dumbbell),3,20
Big Boy Jitler,60,2,2,6,Face Pull,3,10
Big Boy Jitler,60,2,2,6,Lateral Raise (Dumbbell),3,10
Big Boy Jitler,60,2,2,6,Overhead Tricep Extension (Cable),3,10
Big Boy Jitler,60,2,3,6,Lat Pulldown,3,1800
Big Boy Jitler,60,2,3,6,Chest Supported Row (Machine),3,5
Big Boy Jitler,60,2,3,6,Standing Pullover (Cable),3,20
Big Boy Jitler,60,2,3,6,Bent Over Row (Dumbbell),3,10
Big Boy Jitler,60,2,3,6,Incline Curl (Dumbbell),3,10
Big Boy Jitler,60,2,3,6,Rear Delt Fly (Machine),3,10
Big Boy Jitler,60,2,4,8,Lunge (Dumbbell),3,1800
Big Boy Jitler,60,2,4,8,Squat (Dumbbell),3,5
Big Boy Jitler,60,2,4,8,Pallof Press,3,10
Big Boy Jitler,60,2,4,8,Goblet Squat,3,20
Big Boy Jitler,60,2,4,8,Standing Calf Raise,4,10
Big Boy Jitler,60,2,4,8,Abs Crunch (Weighted),3,10
Big Boy Jitler,60,2,4,8,Side Plank,3,1800
Big Boy Jitler,60,2,4,8,Lying Leg Raise,1,5
Big Boy Jitler,60,2,5,6,Single Arm Row (Dumbbell),3,10
Big Boy Jitler,60,2,5,6,Arnold Press,3,10
Big Boy Jitler,60,2,5,6,Incline Bench Press (Dumbbell),3,10
Big Boy Jitler,60,2,5,6,Shrug (Dumbbell),3,1800
Big Boy Jitler,60,2,5,6,Dip (Bodyweight),3,12
Big Boy Jitler,60,2,5,6,Pull-Up (Bodyweight),3,15
Big Boy Jitler,60,2,6,3,Squat (Barbell),1,15
Big Boy Jitler,60,2,6,3,Deadlift (Barbell),1,15
Big Boy Jitler,60,2,6,3,Bench Press (Barbell),1,15
Big Boy Jitler,60,3,1,8,Goblet Squat,3,12
Big Boy Jitler,60,3,1,8,Romanian Deadlift (Dumbbell),3,15
Big Boy Jitler,60,3,1,8,Standing Calf Raise,5,15
Big Boy Jitler,60,3,1,8,Leg Extension,3,15
Big Boy Jitler,60,3,1,8,Leg Curl,3,15
Big Boy Jitler,60,3,1,8,Abs Crunch (Weighted),3,20
Big Boy Jitler,60,3,1,8,Side Plank,3,15
Big Boy Jitler,60,3,1,8,Lying Leg Raise,1,10
Big Boy Jitler,60,3,2,6,Bench Press (Dumbbell),3,15
Big Boy Jitler,60,3,2,6,Incline Bench Press (Dumbbell),3,15
Big Boy Jitler,60,3,2,6,Seated Shoulder Press (Dumbbell),3,15
Big Boy Jitler,60,3,2,6,Face Pull,3,12
Big Boy Jitler,60,3,2,6,Lateral Raise (Dumbbell),3,15
Big Boy Jitler,60,3,2,6,Overhead Tricep Extension (Cable),3,15
Big Boy Jitler,60,3,3,6,Lat Pulldown,3,15
Big Boy Jitler,60,3,3,6,Chest Supported Row (Machine),3,15
Big Boy Jitler,60,3,3,6,Standing Pullover (Cable),3,12
Big Boy Jitler,60,3,3,6,Bent Over Row (Dumbbell),3,15
Big Boy Jitler,60,3,3,6,Incline Curl (Dumbbell),3,15
Big Boy Jitler,60,3,3,6,Rear Delt Fly (Machine),3,15
Big Boy Jitler,60,3,4,8,Lunge (Dumbbell),3,15
Big Boy Jitler,60,3,4,8,Squat (Dumbbell),3,20
Big Boy Jitler,60,3,4,8,Pallof Press,3,15
Big Boy Jitler,60,3,4,8,Goblet Squat,3,15
Big Boy Jitler,60,3,4,8,Standing Calf Raise,4,15
Big Boy Jitler,60,3,4,8,Abs Crunch (Weighted),3,15
Big Boy Jitler,60,3,4,8,Side Plank,3,15
Big Boy Jitler,60,3,4,8,Lying Leg Raise,1,15
Big Boy Jitler,60,3,5,6,Single Arm Row (Dumbbell),3,60
Big Boy Jitler,60,3,5,6,Arnold Press,3,12
Big Boy Jitler,60,3,5,6,Incline Bench Press (Dumbbell),3,15
Big Boy Jitler,60,3,5,6,Shrug (Dumbbell),3,15
Big Boy Jitler,60,3,5,6,Dip (Bodyweight),3,15
Big Boy Jitler,60,3,5,6,Pull-Up (Bodyweight),3,15
Big Boy Jitler,60,3,6,3,Squat (Barbell),1,12
Big Boy Jitler,60,3,6,3,Deadlift (Barbell),1,15
Big Boy Jitler,60,3,6,3,Bench Press (Barbell),1,15
Big Boy Jitler,60,4,1,8,Goblet Squat,3,15
Big Boy Jitler,60,4,1,8,Romanian Deadlift (Dumbbell),3,15
Big Boy Jitler,60,4,1,8,Standing Calf Raise,5,20
Big Boy Jitler,60,4,1,8,Leg Extension,3,15
Big Boy Jitler,60,4,1,8,Leg Curl,3,10
Big Boy Jitler,60,4,1,8,Abs Crunch (Weighted),3,15
Big Boy Jitler,60,4,1,8,Side Plank,3,15
Big Boy Jitler,60,4,1,8,Lying Leg Raise,1,15
Big Boy Jitler,60,4,2,6,Bench Press (Dumbbell),3,12
Big Boy Jitler,60,4,2,6,Incline Bench Press (Dumbbell),3,15
Big Boy Jitler,60,4,2,6,Seated Shoulder Press (Dumbbell),3,15
Big Boy Jitler,60,4,2,6,Face Pull,3,15
Big Boy Jitler,60,4,2,6,Lateral Raise (Dumbbell),3,15
Big Boy Jitler,60,4,2,6,Overhead Tricep Extension (Cable),3,12
Big Boy Jitler,60,4,3,6,Lat Pulldown,3,15
Big Boy Jitler,60,4,3,6,Chest Supported Row (Machine),3,15
Big Boy Jitler,60,4,3,6,Standing Pullover (Cable),3,15
Big Boy Jitler,60,4,3,6,Bent Over Row (Dumbbell),3,15
Big Boy Jitler,60,4,3,6,Incline Curl (Dumbbell),3,20
Big Boy Jitler,60,4,3,6,Rear Delt Fly (Machine),3,15
Big Boy Jitler,60,4,4,8,Lunge (Dumbbell),3,15
Big Boy Jitler,60,4,4,8,Squat (Dumbbell),3,15
Big Boy Jitler,60,4,4,8,Pallof Press,3,15
Big Boy Jitler,60,4,4,8,Goblet Squat,3,15
Big Boy Jitler,60,4,4,8,Standing Calf Raise,4,15
Big Boy Jitler,60,4,4,8,Abs Crunch (Weighted),3,60
Big Boy Jitler,60,4,4,8,Side Plank,3,12
Big Boy Jitler,60,4,4,8,Lying Leg Raise,1,15
Big Boy Jitler,60,4,5,6,Single Arm Row (Dumbbell),3,15
Big Boy Jitler,60,4,5,6,Arnold Press,3,15
Big Boy Jitler,60,4,5,6,Incline Bench Press (Dumbbell),3,15
Big Boy Jitler,60,4,5,6,Shrug (Dumbbell),3,12
Big Boy Jitler,60,4,5,6,Dip (Bodyweight),3,15
Big Boy Jitler,60,4,5,6,Pull-Up (Bodyweight),3,15
Big Boy Jitler,60,4,6,3,Squat (Barbell),1,15
Big Boy Jitler,60,4,6,3,Deadlift (Barbell),1,15
Big Boy Jitler,60,4,6,3,Bench Press (Barbell),1,20
Big Boy Jitler,60,5,1,8,Goblet Squat,3,15
Big Boy Jitler,60,5,1,8,Romanian Deadlift (Dumbbell),3,10
Big Boy Jitler,60,5,1,8,Standing Calf Raise,5,15
Big Boy Jitler,60,5,1,8,Leg Extension,3,15
Big Boy Jitler,60,5,1,8,Leg Curl,3,15
Big Boy Jitler,60,5,1,8,Abs Crunch (Weighted),3,12
Big Boy Jitler,60,5,1,8,Side Plank,3,15
Big Boy Jitler,60,5,1,8,Lying Leg Raise,1,15
Big Boy Jitler,60,5,2,6,Bench Press (Dumbbell),3,15
Big Boy Jitler,60,5,2,6,Incline Bench Press (Dumbbell),3,15
Big Boy Jitler,60,5,2,6,Seated Shoulder Press (Dumbbell),3,12
Big Boy Jitler,60,5,2,6,Face Pull,3,15
Big Boy Jitler,60,5,2,6,Lateral Raise (Dumbbell),3,15
Big Boy Jitler,60,5,2,6,Overhead Tricep Extension (Cable),3,15
Big Boy Jitler,60,5,3,6,Lat Pulldown,3,15
Big Boy Jitler,60,5,3,6,Chest Supported Row (Machine),3,20
Big Boy Jitler,60,5,3,6,Standing Pullover (Cable),3,15
Big Boy Jitler,60,5,3,6,Bent Over Row (Dumbbell),3,15
Big Boy Jitler,60,5,3,6,Incline Curl (Dumbbell),3,15
Big Boy Jitler,60,5,3,6,Rear Delt Fly (Machine),3,15
Big Boy Jitler,60,5,4,8,Lunge (Dumbbell),3,15
Big Boy Jitler,60,5,4,8,Squat (Dumbbell),3,15
Big Boy Jitler,60,5,4,8,Pallof Press,3,60
Big Boy Jitler,60,5,4,8,Goblet Squat,3,12
Big Boy Jitler,60,5,4,8,Standing Calf Raise,4,15
Big Boy Jitler,60,5,4,8,Abs Crunch (Weighted),3,15
Big Boy Jitler,60,5,4,8,Side Plank,3,15
Big Boy Jitler,60,5,4,8,Lying Leg Raise,1,15
Big Boy Jitler,60,5,5,6,Single Arm Row (Dumbbell),3,12
Big Boy Jitler,60,5,5,6,Arnold Press,3,15
Big Boy Jitler,60,5,5,6,Incline Bench Press (Dumbbell),3,15
Big Boy Jitler,60,5,5,6,Shrug (Dumbbell),3,15
Big Boy Jitler,60,5,5,6,Dip (Bodyweight),3,15
Big Boy Jitler,60,5,5,6,Pull-Up (Bodyweight),3,20
Big Boy Jitler,60,5,6,3,Squat (Barbell),1,15
Big Boy Jitler,60,5,6,3,Deadlift (Barbell),1,10
Big Boy Jitler,60,5,6,3,Bench Press (Barbell),1,15
Big Boy Jitler,60,6,1,8,Goblet Squat,3,15
Big Boy Jitler,60,6,1,8,Romanian Deadlift (Dumbbell),3,15
Big Boy Jitler,60,6,1,8,Standing Calf Raise,5,12
Big Boy Jitler,60,6,1,8,Leg Extension,3,15
Big Boy Jitler,60,6,1,8,Leg Curl,3,15
Big Boy Jitler,60,6,1,8,Abs Crunch (Weighted),3,15
Big Boy Jitler,60,6,1,8,Side Plank,3,15
Big Boy Jitler,60,6,1,8,Lying Leg Raise,1,12
Big Boy Jitler,60,6,2,6,Bench Press (Dumbbell),3,15
Big Boy Jitler,60,6,2,6,Incline Bench Press (Dumbbell),3,15
Big Boy Jitler,60,6,2,6,Seated Shoulder Press (Dumbbell),3,15
Big Boy Jitler,60,6,2,6,Face Pull,3,15
Big Boy Jitler,60,6,2,6,Lateral Raise (Dumbbell),3,20
Big Boy Jitler,60,6,2,6,Overhead Tricep Extension (Cable),3,15
Big Boy Jitler,60,6,3,6,Lat Pulldown,3,15
Big Boy Jitler,60,6,3,6,Chest Supported Row (Machine),3,15
Big Boy Jitler,60,6,3,6,Standing Pullover (Cable),3,15
Big Boy Jitler,60,6,3,6,Bent Over Row (Dumbbell),3,15
Big Boy Jitler,60,6,3,6,Incline Curl (Dumbbell),3,15
Big Boy Jitler,60,6,3,6,Rear Delt Fly (Machine),3,60
Big Boy Jitler,60,6,4,8,Lunge (Dumbbell),3,6
Big Boy Jitler,60,6,4,8,Squat (Dumbbell),3,6
Big Boy Jitler,60,6,4,8,Pallof Press,3,6
Big Boy Jitler,60,6,4,8,Goblet Squat,3,6
Big Boy Jitler,60,6,4,8,Standing Calf Raise,4,6
Big Boy Jitler,60,6,4,8,Abs Crunch (Weighted),3,1
Big Boy Jitler,60,6,4,8,Side Plank,3,6
Big Boy Jitler,60,6,4,8,Lying Leg Raise,1,6
Big Boy Jitler,60,6,5,6,Single Arm Row (Dumbbell),3,6
Big Boy Jitler,60,6,5,6,Arnold Press,3,6
Big Boy Jitler,60,6,5,6,Incline Bench Press (Dumbbell),3,6
Big Boy Jitler,60,6,5,6,Shrug (Dumbbell),3,6
Big Boy Jitler,60,6,5,6,Dip (Bodyweight),3,6
Big Boy Jitler,60,6,5,6,Pull-Up (Bodyweight),3,1
Big Boy Jitler,60,6,6,3,Squat (Barbell),1,6
Big Boy Jitler,60,6,6,3,Deadlift (Barbell),1,6
Big Boy Jitler,60,6,6,3,Bench Press (Barbell),1,6
Big Boy Jitler,60,7,1,8,Goblet Squat,3,6
Big Boy Jitler,60,7,1,8,Romanian Deadlift (Dumbbell),3,6
Big Boy Jitler,60,7,1,8,Standing Calf Raise,5,6
Big Boy Jitler,60,7,1,8,Leg Extension,3,6
Big Boy Jitler,60,7,1,8,Leg Curl,3,1
Big Boy Jitler,60,7,1,8,Abs Crunch (Weighted),3,6
Big Boy Jitler,60,7,1,8,Side Plank,3,1
Big Boy Jitler,60,7,1,8,Lying Leg Raise,1,6
Big Boy Jitler,60,7,2,6,Bench Press (Dumbbell),3,6
Big Boy Jitler,60,7,2,6,Incline Bench Press (Dumbbell),3,6
Big Boy Jitler,60,7,2,6,Seated Shoulder Press (Dumbbell),3,6
Big Boy Jitler,60,7,2,6,Face Pull,3,6
Big Boy Jitler,60,7,2,6,Lateral Raise (Dumbbell),3,1
Big Boy Jitler,60,7,2,6,Overhead Tricep Extension (Cable),3,6
Big Boy Jitler,60,7,3,6,Lat Pulldown,3,6
Big Boy Jitler,60,7,3,6,Chest Supported Row (Machine),3,6
Big Boy Jitler,60,7,3,6,Standing Pullover (Cable),3,6
Big Boy Jitler,60,7,3,6,Bent Over Row (Dumbbell),3,6
Big Boy Jitler,60,7,3,6,Incline Curl (Dumbbell),3,6
Big Boy Jitler,60,7,3,6,Rear Delt Fly (Machine),3,6
Big Boy Jitler,60,7,4,8,Lunge (Dumbbell),3,1
Big Boy Jitler,60,7,4,8,Squat (Dumbbell),3,6
Big Boy Jitler,60,7,4,8,Pallof Press,3,6
Big Boy Jitler,60,7,4,8,Goblet Squat,3,6
Big Boy Jitler,60,7,4,8,Standing Calf Raise,4,6
Big Boy Jitler,60,7,4,8,Abs Crunch (Weighted),3,6
Big Boy Jitler,60,7,4,8,Side Plank,3,6
Big Boy Jitler,60,7,4,8,Lying Leg Raise,1,6
Big Boy Jitler,60,7,5,6,Single Arm Row (Dumbbell),3,1
Big Boy Jitler,60,7,5,6,Arnold Press,3,6
Big Boy Jitler,60,7,5,6,Incline Bench Press (Dumbbell),3,1
Big Boy Jitler,60,7,5,6,Shrug (Dumbbell),3,6
Big Boy Jitler,60,7,5,6,Dip (Bodyweight),3,6
Big Boy Jitler,60,7,5,6,Pull-Up (Bodyweight),3,6
Big Boy Jitler,60,7,6,3,Squat (Barbell),1,6
Big Boy Jitler,60,7,6,3,Deadlift (Barbell),1,6
Big Boy Jitler,60,7,6,3,Bench Press (Barbell),1,1
Big Boy Jitler,60,8,1,8,Goblet Squat,3,6
Big Boy Jitler,60,8,1,8,Romanian Deadlift (Dumbbell),3,6
Big Boy Jitler,60,8,1,8,Standing Calf Raise,5,6
Big Boy Jitler,60,8,1,8,Leg Extension,3,6
Big Boy Jitler,60,8,1,8,Leg Curl,3,6
Big Boy Jitler,60,8,1,8,Abs Crunch (Weighted),3,6
Big Boy Jitler,60,8,1,8,Side Plank,3,6
Big Boy Jitler,60,8,1,8,Lying Leg Raise,1,1
Big Boy Jitler,60,8,2,6,Bench Press (Dumbbell),3,6
Big Boy Jitler,60,8,2,6,Incline Bench Press (Dumbbell),3,6
Big Boy Jitler,60,8,2,6,Seated Shoulder Press (Dumbbell),3,6
Big Boy Jitler,60,8,2,6,Face Pull,3,6
Big Boy Jitler,60,8,2,6,Lateral Raise (Dumbbell),3,6
Big Boy Jitler,60,8,2,6,Overhead Tricep Extension (Cable),3,6
Big Boy Jitler,60,8,3,6,Lat Pulldown,3,6
Big Boy Jitler,60,8,3,6,Chest Supported Row (Machine),3,1
Big Boy Jitler,60,8,3,6,Standing Pullover (Cable),3,6
Big Boy Jitler,60,8,3,6,Bent Over Row (Dumbbell),3,1
Big Boy Jitler,60,8,3,6,Incline Curl (Dumbbell),3,6
Big Boy Jitler,60,8,3,6,Rear Delt Fly (Machine),3,6
Big Boy Jitler,60,8,4,8,Lunge (Dumbbell),3,6
Big Boy Jitler,60,8,4,8,Squat (Dumbbell),3,6
Big Boy Jitler,60,8,4,8,Pallof Press,3,6
Big Boy Jitler,60,8,4,8,Goblet Squat,3,1
Big Boy Jitler,60,8,4,8,Standing Calf Raise,4,6
Big Boy Jitler,60,8,4,8,Abs Crunch (Weighted),3,6
Big Boy Jitler,60,8,4,8,Side Plank,3,6
Big Boy Jitler,60,8,4,8,Lying Leg Raise,1,6
Big Boy Jitler,60,8,5,6,Single Arm Row (Dumbbell),3,6
Big Boy Jitler,60,8,5,6,Arnold Press,3,6
Big Boy Jitler,60,8,5,6,Incline Bench Press (Dumbbell),3,6
Big Boy Jitler,60,8,5,6,Shrug (Dumbbell),3,1
Big Boy Jitler,60,8,5,6,Dip (Bodyweight),3,6
Big Boy Jitler,60,8,5,6,Pull-Up (Bodyweight),3,6
Big Boy Jitler,60,8,6,3,Squat (Barbell),1,6
Big Boy Jitler,60,8,6,3,Deadlift (Barbell),1,6
Big Boy Jitler,60,8,6,3,Bench Press (Barbell),1,6
Big Boy Jitler,60,9,1,8,Goblet Squat,3,6
Big Boy Jitler,60,9,1,8,Romanian Deadlift (Dumbbell),3,6
Big Boy Jitler,60,9,1,8,Standing Calf Raise,5,1
Big Boy Jitler,60,9,1,8,Leg Extension,3,6
Big Boy Jitler,60,9,1,8,Leg Curl,3,1
Big Boy Jitler,60,9,1,8,Abs Crunch (Weighted),3,10
Big Boy Jitler,60,9,1,8,Side Plank,3,5
Big Boy Jitler,60,9,1,8,Lying Leg Raise,1,10
Big Boy Jitler,60,9,2,6,Bench Press (Dumbbell),3,10
Big Boy Jitler,60,9,2,6,Incline Bench Press (Dumbbell),3,10
Big Boy Jitler,60,9,2,6,Seated Shoulder Press (Dumbbell),3,10
Big Boy Jitler,60,9,2,6,Face Pull,3,5
Big Boy Jitler,60,9,2,6,Lateral Raise (Dumbbell),3,8
Big Boy Jitler,60,9,2,6,Overhead Tricep Extension (Cable),3,10
Big Boy Jitler,60,9,3,6,Lat Pulldown,3,10
Big Boy Jitler,60,9,3,6,Chest Supported Row (Machine),3,12
Big Boy Jitler,60,9,3,6,Standing Pullover (Cable),3,5
Big Boy Jitler,60,9,3,6,Bent Over Row (Dumbbell),3,8
Big Boy Jitler,60,9,3,6,Incline Curl (Dumbbell),3,10
Big Boy Jitler,60,9,3,6,Rear Delt Fly (Machine),3,10
Big Boy Jitler,60,9,4,8,Lunge (Dumbbell),3,8
Big Boy Jitler,60,9,4,8,Squat (Dumbbell),3,10
Big Boy Jitler,60,9,4,8,Pallof Press,3,5
Big Boy Jitler,60,9,4,8,Goblet Squat,3,3
Big Boy Jitler,60,9,4,8,Standing Calf Raise,4,8
Big Boy Jitler,60,9,4,8,Abs Crunch (Weighted),3,3
Big Boy Jitler,60,9,4,8,Side Plank,3,3
Big Boy Jitler,60,9,4,8,Lying Leg Raise,1,10
Big Boy Jitler,60,9,5,6,Single Arm Row (Dumbbell),3,10
Big Boy Jitler,60,9,5,6,Arnold Press,3,8
Big Boy Jitler,60,9,5,6,Incline Bench Press (Dumbbell),3,10
Big Boy Jitler,60,9,5,6,Shrug (Dumbbell),3,10
Big Boy Jitler,60,9,5,6,Dip (Bodyweight),3,10
Big Boy Jitler,60,9,5,6,Pull-Up (Bodyweight),3,10
Big Boy Jitler,60,9,6,3,Squat (Barbell),1,5
Big Boy Jitler,60,9,6,3,Deadlift (Barbell),1,10
Big Boy Jitler,60,9,6,3,Bench Press (Barbell),1,10
Big Boy Jitler,60,10,1,8,Goblet Squat,3,10
Big Boy Jitler,60,10,1,8,Romanian Deadlift (Dumbbell),3,10
Big Boy Jitler,60,10,1,8,Standing Calf Raise,5,5
Big Boy Jitler,60,10,1,8,Leg Extension,3,8
Big Boy Jitler,60,10,1,8,Leg Curl,3,10
Big Boy Jitler,60,10,1,8,Abs Crunch (Weighted),3,10
Big Boy Jitler,60,10,1,8,Side Plank,3,12
Big Boy Jitler,60,10,1,8,Lying Leg Raise,1,5
Big Boy Jitler,60,10,2,6,Bench Press (Dumbbell),3,8
Big Boy Jitler,60,10,2,6,Incline Bench Press (Dumbbell),3,10
Big Boy Jitler,60,10,2,6,Seated Shoulder Press (Dumbbell),3,10
Big Boy Jitler,60,10,2,6,Face Pull,3,8
Big Boy Jitler,60,10,2,6,Lateral Raise (Dumbbell),3,10
Big Boy Jitler,60,10,2,6,Overhead Tricep Extension (Cable),3,5
Big Boy Jitler,60,10,3,6,Lat Pulldown,3,3
Big Boy Jitler,60,10,3,6,Chest Supported Row (Machine),3,8
Big Boy Jitler,60,10,3,6,Standing Pullover (Cable),3,3
Big Boy Jitler,60,10,3,6,Bent Over Row (Dumbbell),3,3
Big Boy Jitler,60,10,3,6,Incline Curl (Dumbbell),3,10
Big Boy Jitler,60,10,3,6,Rear Delt Fly (Machine),3,10
Big Boy Jitler,60,10,4,8,Lunge (Dumbbell),3,8
Big Boy Jitler,60,10,4,8,Squat (Dumbbell),3,10
Big Boy Jitler,60,10,4,8,Pallof Press,3,10
Big Boy Jitler,60,10,4,8,Goblet Squat,3,10
Big Boy Jitler,60,10,4,8,Standing Calf Raise,4,10
Big Boy Jitler,60,10,4,8,Abs Crunch (Weighted),3,5
Big Boy Jitler,60,10,4,8,Side Plank,3,10
Big Boy Jitler,60,10,4,8,Lying Leg Raise,1,10
Big Boy Jitler,60,10,5,6,Single Arm Row (Dumbbell),3,10
Big Boy Jitler,60,10,5,6,Arnold Press,3,10
Big Boy Jitler,60,10,5,6,Incline Bench Press (Dumbbell),3,5
Big Boy Jitler,60,10,5,6,Shrug (Dumbbell),3,8
Big Boy Jitler,60,10,5,6,Dip (Bodyweight),3,10
Big Boy Jitler,60,10,5,6,Pull-Up (Bodyweight),3,10
Big Boy Jitler,60,10,6,3,Squat (Barbell),1,12
Big Boy Jitler,60,10,6,3,Deadlift (Barbell),1,5
Big Boy Jitler,60,10,6,3,Bench Press (Barbell),1,8
Big Boy Jitler,60,11,1,8,Goblet Squat,3,10
Big Boy Jitler,60,11,1,8,Romanian Deadlift (Dumbbell),3,10
Big Boy Jitler,60,11,1,8,Standing Calf Raise,5,8
Big Boy Jitler,60,11,1,8,Leg Extension,3,10
Big Boy Jitler,60,11,1,8,Leg Curl,3,5
Big Boy Jitler,60,11,1,8,Abs Crunch (Weighted),3,3
Big Boy Jitler,60,11,1,8,Side Plank,3,8
Big Boy Jitler,60,11,1,8,Lying Leg Raise,1,3
Big Boy Jitler,60,11,2,6,Bench Press (Dumbbell),3,3
Big Boy Jitler,60,11,2,6,Incline Bench Press (Dumbbell),3,10
Big Boy Jitler,60,11,2,6,Seated Shoulder Press (Dumbbell),3,10
Big Boy Jitler,60,11,2,6,Face Pull,3,8
Big Boy Jitler,60,11,2,6,Lateral Raise (Dumbbell),3,10
Big Boy Jitler,60,11,2,6,Overhead Tricep Extension (Cable),3,10
Big Boy Jitler,60,11,3,6,Lat Pulldown,3,10
Big Boy Jitler,60,11,3,6,Chest Supported Row (Machine),3,5
Big Boy Jitler,60,11,3,6,Standing Pullover (Cable),3,3
Big Boy Jitler,60,11,3,6,Bent Over Row (Dumbbell),3,10
Big Boy Jitler,60,11,3,6,Incline Curl (Dumbbell),3,10
Big Boy Jitler,60,11,3,6,Rear Delt Fly (Machine),3,5
Big Boy Jitler,60,11,4,8,Lunge (Dumbbell),3,3
Big Boy Jitler,60,11,4,8,Squat (Dumbbell),3,6
Big Boy Jitler,60,11,4,8,Pallof Press,3,5
Big Boy Jitler,60,11,4,8,Goblet Squat,3,10
Big Boy Jitler,60,11,4,8,Standing Calf Raise,4,6
Big Boy Jitler,60,11,4,8,Abs Crunch (Weighted),3,10
Big Boy Jitler,60,11,4,8,Side Plank,3,10
Big Boy Jitler,60,11,4,8,Lying Leg Raise,1,10
Big Boy Jitler,60,11,5,6,Single Arm Row (Dumbbell),3,3
Big Boy Jitler,60,11,5,6,Arnold Press,3,3
Big Boy Jitler,60,11,5,6,Incline Bench Press (Dumbbell),3,8
Big Boy Jitler,60,11,5,6,Shrug (Dumbbell),3,3
Big Boy Jitler,60,11,5,6,Dip (Bodyweight),3,3
Big Boy Jitler,60,11,5,6,Pull-Up (Bodyweight),3,10
Big Boy Jitler,60,11,6,3,Squat (Barbell),1,10
Big Boy Jitler,60,11,6,3,Deadlift (Barbell),1,8
Big Boy Jitler,60,11,6,3,Bench Press (Barbell),1,10
Big Boy Jitler,60,12,1,8,Goblet Squat,3,2
Big Boy Jitler,60,12,1,8,Romanian Deadlift (Dumbbell),3,3
Big Boy Jitler,60,12,1,8,Standing Calf Raise,5,10
Big Boy Jitler,60,12,1,8,Leg Extension,3,10
Big Boy Jitler,60,12,1,8,Leg Curl,3,10
Big Boy Jitler,60,12,1,8,Abs Crunch (Weighted),3,10
Big Boy Jitler,60,12,1,8,Side Plank,3,8
Big Boy Jitler,60,12,1,8,Lying Leg Raise,1,10
Big Boy Jitler,60,12,2,6,Bench Press (Dumbbell),3,10
Big Boy Jitler,60,12,2,6,Incline Bench Press (Dumbbell),3,10
Big Boy Jitler,60,12,2,6,Seated Shoulder Press (Dumbbell),3,5
Big Boy Jitler,60,12,2,6,Face Pull,3,3
Big Boy Jitler,60,12,2,6,Lateral Raise (Dumbbell),3,10
Big Boy Jitler,60,12,2,6,Overhead Tricep Extension (Cable),3,10
Big Boy Jitler,60,12,3,6,Lat Pulldown,3,5
Big Boy Jitler,60,12,3,6,Chest Supported Row (Machine),3,3
Big Boy Jitler,60,12,3,6,Standing Pullover (Cable),3,6
Big Boy Jitler,60,12,3,6,Bent Over Row (Dumbbell),3,5
Big Boy Jitler,60,12,3,6,Incline Curl (Dumbbell),3,10
Big Boy Jitler,60,12,3,6,Rear Delt Fly (Machine),3,6
Big Boy Jitler,60,12,4,8,Lunge (Dumbbell),3,10
Big Boy Jitler,60,12,4,8,Squat (Dumbbell),3,10
Big Boy Jitler,60,12,4,8,Pallof Press,3,10
Big Boy Jitler,60,12,4,8,Goblet Squat,3,3
Big Boy Jitler,60,12,4,8,Standing Calf Raise,4,3
Big Boy Jitler,60,12,4,8,Abs Crunch (Weighted),3,8
Big Boy Jitler,60,12,4,8,Side Plank,3,3
Big Boy Jitler,60,12,4,8,Lying Leg Raise,1,3
Big Boy Jitler,60,12,5,6,Single Arm Row (Dumbbell),3,10
Big Boy Jitler,60,12,5,6,Arnold Press,3,10
Big Boy Jitler,60,12,5,6,Incline Bench Press (Dumbbell),3,8
Big Boy Jitler,60,12,5,6,Shrug (Dumbbell),3,10
Big Boy Jitler,60,12,5,6,Dip (Bodyweight),3,2
Big Boy Jitler,60,12,5,6,Pull-Up (Bodyweight),3,3
Big Boy Jitler,60,12,6,3,Squat (Barbell),1,10
Big Boy Jitler,60,12,6,3,Deadlift (Barbell),1,10
Big Boy Jitler,60,12,6,3,Bench Press (Barbell),1,5
Woodys power building,50,1,1,4,Bench Press (Barbell),1,15
Woodys power building,50,1,1,4,Incline Bench Press (Barbell),4,15
Woodys power building,50,1,1,4,Chest Fly (Cable),4,10
Woodys power building,50,1,1,4,Chest Press (Machine),5,10
Woodys power building,50,1,2,5,Squat (Barbell),1,10
Woodys power building,50,1,2,5,Romanian Deadlift (Barbell),5,10
Woodys power building,50,1,2,5,Leg Extension,4,10
Woodys power building,50,1,2,5,Leg Press,4,10
Woodys power building,50,1,2,5,Leg Curl,4,15
Woodys power building,50,1,3,1,Walk,1,15
Woodys power building,50,1,4,6,Overhead Press (Barbell),1,15
Woodys power building,50,1,4,6,Lateral Raise (Dumbbell),4,15
Woodys power building,50,1,4,6,Rear Delt Fly (Dumbbell),4,15
Woodys power building,50,1,4,6,Dip (Weighted),5,15
Woodys power building,50,1,4,6,Bicep Curl (Barbell),4,10
Woodys power building,50,1,4,6,Tricep Pushdown (Cable),4,10
Woodys power building,50,1,5,5,Deadlift (Barbell),1,10
Woodys power building,50,1,5,5,Bent Over Row (Barbell),4,10
Woodys power building,50,1,5,5,Lat Pulldown,4,10
Woodys power building,50,1,5,5,Seated Row (Cable),4,10
Woodys power building,50,1,5,5,Face Pull,4,10
Woodys power building,50,1,6,1,Walk,1,10
Woodys power building,50,2,1,4,Bench Press (Barbell),1,10
Woodys power building,50,2,1,4,Incline Bench Press (Barbell),4,10
Woodys power building,50,2,1,4,Chest Fly (Cable),4,15
Woodys power building,50,2,1,4,Chest Press (Machine),5,15
Woodys power building,50,2,2,5,Squat (Barbell),1,15
Woodys power building,50,2,2,5,Romanian Deadlift (Barbell),5,15
Woodys power building,50,2,2,5,Leg Extension,4,15
Woodys power building,50,2,2,5,Leg Press,4,15
Woodys power building,50,2,2,5,Leg Curl,4,15
Woodys power building,50,2,3,1,Walk,1,15
Woodys power building,50,2,4,6,Overhead Press (Barbell),1,10
Woodys power building,50,2,4,6,Lateral Raise (Dumbbell),4,10
Woodys power building,50,2,4,6,Rear Delt Fly (Dumbbell),4,10
Woodys power building,50,2,4,6,Dip (Weighted),5,10
Woodys power building,50,2,4,6,Bicep Curl (Barbell),4,10
Woodys power building,50,2,4,6,Tricep Pushdown (Cable),4,10
Woodys power building,50,2,5,5,Deadlift (Barbell),1,10
Woodys power building,50,2,5,5,Bent Over Row (Barbell),4,15
Woodys power building,50,2,5,5,Lat Pulldown,4,15
Woodys power building,50,2,5,5,Seated Row (Cable),4,15
Woodys power building,50,2,5,5,Face Pull,4,15
Woodys power building,50,2,6,1,Walk,1,15
Woodys power building,50,3,1,4,Bench Press (Barbell),1,15
Woodys power building,50,3,1,4,Incline Bench Press (Barbell),4,15
Woodys power building,50,3,1,4,Chest Fly (Cable),4,10
Woodys power building,50,3,1,4,Chest Press (Machine),5,10
Woodys power building,50,3,2,5,Squat (Barbell),1,10
Woodys power building,50,3,2,5,Romanian Deadlift (Barbell),5,10
Woodys power building,50,3,2,5,Leg Extension,4,10
Woodys power building,50,3,2,5,Leg Press,4,10
Woodys power building,50,3,2,5,Leg Curl,4,15
Woodys power building,50,3,3,1,Walk,1,15
Woodys power building,50,3,4,6,Overhead Press (Barbell),1,15
Woodys power building,50,3,4,6,Lateral Raise (Dumbbell),4,15
Woodys power building,50,3,4,6,Rear Delt Fly (Dumbbell),4,15
Woodys power building,50,3,4,6,Dip (Weighted),5,15
Woodys power building,50,3,4,6,Bicep Curl (Barbell),4,10
Woodys power building,50,3,4,6,Tricep Pushdown (Cable),4,10
Woodys power building,50,3,5,5,Deadlift (Barbell),1,10
Woodys power building,50,3,5,5,Bent Over Row (Barbell),4,10
Woodys power building,50,3,5,5,Lat Pulldown,4,10
Woodys power building,50,3,5,5,Seated Row (Cable),4,10
Woodys power building,50,3,5,5,Face Pull,4,10
Woodys power building,50,3,6,1,Walk,1,10
Woodys power building,50,4,1,4,Bench Press (Barbell),1,10
Woodys power building,50,4,1,4,Incline Bench Press (Barbell),4,10
Woodys power building,50,4,1,4,Chest Fly (Cable),4,15
Woodys power building,50,4,1,4,Chest Press (Machine),5,15
Woodys power building,50,4,2,5,Squat (Barbell),1,15
Woodys power building,50,4,2,5,Romanian Deadlift (Barbell),5,15
Woodys power building,50,4,2,5,Leg Extension,4,15
Woodys power building,50,4,2,5,Leg Press,4,15
Woodys power building,50,4,2,5,Leg Curl,4,15
Woodys power building,50,4,3,1,Walk,1,15
Woodys power building,50,4,4,6,Overhead Press (Barbell),1,10
Woodys power building,50,4,4,6,Lateral Raise (Dumbbell),4,10
Woodys power building,50,4,4,6,Rear Delt Fly (Dumbbell),4,10
Woodys power building,50,4,4,6,Dip (Weighted),5,10
Woodys power building,50,4,4,6,Bicep Curl (Barbell),4,10
Woodys power building,50,4,4,6,Tricep Pushdown (Cable),4,10
Woodys power building,50,4,5,5,Deadlift (Barbell),1,10
Woodys power building,50,4,5,5,Bent Over Row (Barbell),4,15
Woodys power building,50,4,5,5,Lat Pulldown,4,15
Woodys power building,50,4,5,5,Seated Row (Cable),4,15
Woodys power building,50,4,5,5,Face Pull,4,15
Woodys power building,50,4,6,1,Walk,1,15
Woodys power building,50,5,1,4,Bench Press (Barbell),1,15
Woodys power building,50,5,1,4,Incline Bench Press (Barbell),4,15
Woodys power building,50,5,1,4,Chest Fly (Cable),4,10
Woodys power building,50,5,1,4,Chest Press (Machine),5,10
Woodys power building,50,5,2,5,Squat (Barbell),1,10
Woodys power building,50,5,2,5,Romanian Deadlift (Barbell),5,10
Woodys power building,50,5,2,5,Leg Extension,4,10
Woodys power building,50,5,2,5,Leg Press,4,10
Woodys power building,50,5,2,5,Leg Curl,4,15
Woodys power building,50,5,3,1,Walk,1,15
Woodys power building,50,5,4,6,Overhead Press (Barbell),1,15
Woodys power building,50,5,4,6,Lateral Raise (Dumbbell),4,15
Woodys power building,50,5,4,6,Rear Delt Fly (Dumbbell),4,15
Woodys power building,50,5,4,6,Dip (Weighted),5,15
Woodys power building,50,5,4,6,Bicep Curl (Barbell),4,10
Woodys power building,50,5,4,6,Tricep Pushdown (Cable),4,10
Woodys power building,50,5,5,5,Deadlift (Barbell),1,10
Woodys power building,50,5,5,5,Bent Over Row (Barbell),4,10
Woodys power building,50,5,5,5,Lat Pulldown,4,10
Woodys power building,50,5,5,5,Seated Row (Cable),4,10
Woodys power building,50,5,5,5,Face Pull,4,10
Woodys power building,50,5,6,1,Walk,1,10
Woodys power building,50,6,1,4,Bench Press (Barbell),1,10
Woodys power building,50,6,1,4,Incline Bench Press (Barbell),4,10
Woodys power building,50,6,1,4,Chest Fly (Cable),4,15
Woodys power building,50,6,1,4,Chest Press (Machine),5,15
Woodys power building,50,6,2,5,Squat (Barbell),1,15
Woodys power building,50,6,2,5,Romanian Deadlift (Barbell),5,15
Woodys power building,50,6,2,5,Leg Extension,4,15
Woodys power building,50,6,2,5,Leg Press,4,15
Woodys power building,50,6,2,5,Leg Curl,4,15
Woodys power building,50,6,3,1,Walk,1,15
Woodys power building,50,6,4,6,Overhead Press (Barbell),1,10
Woodys power building,50,6,4,6,Lateral Raise (Dumbbell),4,10
Woodys power building,50,6,4,6,Rear Delt Fly (Dumbbell),4,10
Woodys power building,50,6,4,6,Dip (Weighted),5,10
Woodys power building,50,6,4,6,Bicep Curl (Barbell),4,10
Woodys power building,50,6,4,6,Tricep Pushdown (Cable),4,10
Woodys power building,50,6,5,5,Deadlift (Barbell),1,10
Woodys power building,50,6,5,5,Bent Over Row (Barbell),4,15
Woodys power building,50,6,5,5,Lat Pulldown,4,15
Woodys power building,50,6,5,5,Seated Row (Cable),4,15
Woodys power building,50,6,5,5,Face Pull,4,15
Woodys power building,50,6,6,1,Walk,1,15
Prep Strong,70,1,1,8,Pec Deck (Machine),2,18
Prep Strong,70,1,1,8,Chest Press (Machine),2,15
Prep Strong,70,1,1,8,Incline Bench Press (Dumbbell),3,8
Prep Strong,70,1,1,8,Chest Fly (Dumbbell),2,10
Prep Strong,70,1,1,8,Fly Press (Dumbbell),2,10
Prep Strong,70,1,1,8,Single Arm Tricep Extension (Cable),3,12
Prep Strong,70,1,1,8,Single Arm Overhead Tricep Extension,3,12
Prep Strong,70,1,1,8,Wood Chop,3,9
Prep Strong,70,1,2,6,Lateral Raise (Dumbbell),3,9
Prep Strong,70,1,2,6,Front Raise,3,10
Prep Strong,70,1,2,6,Seated Shoulder Press (Dumbbell),3,8
Prep Strong,70,1,2,6,One Arm Lateral Raise (Cable),3,12
Prep Strong,70,1,2,6,Upright Row (Barbell),2,12
Prep Strong,70,1,2,6,Reverse Pec Deck,3,12
Prep Strong,70,1,3,7,Straight Bar Lat Extension,3,6
Prep Strong,70,1,3,7,Behind-the-Neck Lat Pulldown,3,15
Prep Strong,70,1,3,7,Barbell Row,3,10
Prep Strong,70,1,3,7,Rack Pull (Barbell),1,12
Prep Strong,70,1,3,7,Preacher Curl (EZ Bar),3,4
Prep Strong,70,1,3,7,Concentration Curl,3,10
Prep Strong,70,1,3,7,Hammer Curl (Cable),2,15
Prep Strong,70,1,4,8,Incline Bench Press (Barbell),1,12
Prep Strong,70,1,4,8,Bench Press (Barbell),1,10
Prep Strong,70,1,4,8,Decline Bench Press (Barbell),1,10
Prep Strong,70,1,4,8,Chest Fly (Cable),1,18
Prep Strong,70,1,4,8,Seated Dip (Machine),1,15
Prep Strong,70,1,4,8,Tricep Pushdown (Cable),1,8
Prep Strong,70,1,4,8,Overhead Extension (Dumbbell),1,10
Prep Strong,70,1,4,8,Abs Crunch (Machine),1,10
Prep Strong,70,1,5,8,Shoulder Press (Plate Loaded),1,12
Prep Strong,70,1,5,8,Shoulder Press (Machine),1,12
Prep Strong,70,1,5,8,Lateral Raise (Machine),1,9
Prep Strong,70,1,5,8,Front Raise,1,9
Prep Strong,70,1,5,8,Rear Delt Fly (Cable),1,10
Prep Strong,70,1,5,8,Single-Leg Leg Curl,1,8
Prep Strong,70,1,5,8,Lying Leg Curl,1,12
Prep Strong,70,1,5,8,Seated Calf Raise,1,12
Prep Strong,70,1,6,7,Lat Pulldown (Single Arm),1,12
Prep Strong,70,1,6,7,Seated Row (Cable),1,6
Prep Strong,70,1,6,7,T-Bar Row,1,15
Prep Strong,70,1,6,7,Squat Thruster,1,10
Prep Strong,70,1,6,7,Pendulum Squat,1,12
Prep Strong,70,1,6,7,Preacher Curl (Dumbbell),1,4
Prep Strong,70,1,6,7,Bicep Curl (EZ Bar),1,10
Prep Strong,70,2,1,8,Pec Deck (Machine),2,15
Prep Strong,70,2,1,8,Chest Press (Machine),2,12
Prep Strong,70,2,1,8,Incline Bench Press (Dumbbell),3,10
Prep Strong,70,2,1,8,Chest Fly (Dumbbell),2,10
Prep Strong,70,2,1,8,Fly Press (Dumbbell),2,18
Prep Strong,70,2,1,8,Single Arm Tricep Extension (Cable),3,15
Prep Strong,70,2,1,8,Single Arm Overhead Tricep Extension,3,8
Prep Strong,70,2,1,8,Wood Chop,3,10
Prep Strong,70,2,2,7,Lateral Raise (Dumbbell),3,10
Prep Strong,70,2,2,7,Front Raise,3,12
Prep Strong,70,2,2,7,Seated Shoulder Press (Dumbbell),3,12
Prep Strong,70,2,2,7,One Arm Lateral Raise (Cable),3,9
Prep Strong,70,2,2,7,Upright Row (Barbell),2,9
Prep Strong,70,2,2,7,Reverse Pec Deck,3,10
Prep Strong,70,2,2,7,Cable Crunch,1,8
Prep Strong,70,2,3,8,Straight Bar Lat Extension,3,12
Prep Strong,70,2,3,8,Behind-the-Neck Lat Pulldown,3,12
Prep Strong,70,2,3,8,Barbell Row,3,12
Prep Strong,70,2,3,8,Rack Pull (Barbell),1,6
Prep Strong,70,2,3,8,Preacher Curl (EZ Bar),3,15
Prep Strong,70,2,3,8,Concentration Curl,3,10
Prep Strong,70,2,3,8,Hammer Curl (Cable),2,12
Prep Strong,70,2,3,8,Russian Twist,1,4
Prep Strong,70,2,4,8,Incline Bench Press (Barbell),1,10
Prep Strong,70,2,4,8,Bench Press (Barbell),1,15
Prep Strong,70,2,4,8,Decline Bench Press (Barbell),1,12
Prep Strong,70,2,4,8,Chest Fly (Cable),1,10
Prep Strong,70,2,4,8,Seated Dip (Machine),1,10
Prep Strong,70,2,4,8,Tricep Pushdown (Cable),1,18
Prep Strong,70,2,4,8,Overhead Extension (Dumbbell),1,15
Prep Strong,70,2,4,8,Abs Crunch (Machine),1,8
Prep Strong,70,2,5,8,Shoulder Press (Plate Loaded),1,10
Prep Strong,70,2,5,8,Shoulder Press (Machine),1,10
Prep Strong,70,2,5,8,Lateral Raise (Machine),1,12
Prep Strong,70,2,5,8,Front Raise,1,12
Prep Strong,70,2,5,8,Rear Delt Fly (Cable),1,9
Prep Strong,70,2,5,8,Single-Leg Leg Curl,1,9
Prep Strong,70,2,5,8,Lying Leg Curl,1,10
Prep Strong,70,2,5,8,Seated Calf Raise,1,8
Prep Strong,70,2,6,8,Lat Pulldown (Single Arm),1,12
Prep Strong,70,2,6,8,Seated Row (Cable),1,12
Prep Strong,70,2,6,8,T-Bar Row,1,12
Prep Strong,70,2,6,8,Squat Thruster,1,6
Prep Strong,70,2,6,8,Pendulum Squat,1,15
Prep Strong,70,2,6,8,Preacher Curl (Dumbbell),1,10
Prep Strong,70,2,6,8,Bicep Curl (EZ Bar),1,12
Prep Strong,70,2,6,8,Lying Leg Raise,1,4
Prep Strong,70,3,1,8,Pec Deck (Machine),2,10
Prep Strong,70,3,1,8,Chest Press (Machine),2,15
Prep Strong,70,3,1,8,Incline Bench Press (Dumbbell),3,12
Prep Strong,70,3,1,8,Chest Fly (Dumbbell),2,10
Prep Strong,70,3,1,8,Fly Press (Dumbbell),2,10
Prep Strong,70,3,1,8,Single Arm Tricep Extension (Cable),3,18
Prep Strong,70,3,1,8,Single Arm Overhead Tricep Extension,3,15
Prep Strong,70,3,1,8,Wood Chop,3,8
Prep Strong,70,3,2,6,Lateral Raise (Dumbbell),3,10
Prep Strong,70,3,2,6,Front Raise,3,10
Prep Strong,70,3,2,6,Seated Shoulder Press (Dumbbell),3,12
Prep Strong,70,3,2,6,One Arm Lateral Raise (Cable),3,12
Prep Strong,70,3,2,6,Upright Row (Barbell),2,9
Prep Strong,70,3,2,6,Reverse Pec Deck,3,9
Prep Strong,70,3,3,7,Straight Bar Lat Extension,3,10
Prep Strong,70,3,3,7,Behind-the-Neck Lat Pulldown,3,8
Prep Strong,70,3,3,7,Barbell Row,3,12
Prep Strong,70,3,3,7,Rack Pull (Barbell),1,12
Prep Strong,70,3,3,7,Preacher Curl (EZ Bar),3,12
Prep Strong,70,3,3,7,Concentration Curl,3,6
Prep Strong,70,3,3,7,Hammer Curl (Cable),2,15
Prep Strong,70,3,4,8,Incline Bench Press (Barbell),1,10
Prep Strong,70,3,4,8,Bench Press (Barbell),1,12
Prep Strong,70,3,4,8,Decline Bench Press (Barbell),1,4
Prep Strong,70,3,4,8,Chest Fly (Cable),1,10
Prep Strong,70,3,4,8,Seated Dip (Machine),1,15
Prep Strong,70,3,4,8,Tricep Pushdown (Cable),1,12
Prep Strong,70,3,4,8,Overhead Extension (Dumbbell),1,10
Prep Strong,70,3,4,8,Abs Crunch (Machine),1,10
Prep Strong,70,3,5,8,Shoulder Press (Plate Loaded),1,18
Prep Strong,70,3,5,8,Shoulder Press (Machine),1,15
Prep Strong,70,3,5,8,Lateral Raise (Machine),1,8
Prep Strong,70,3,5,8,Front Raise,1,10
Prep Strong,70,3,5,8,Rear Delt Fly (Cable),1,10
Prep Strong,70,3,5,8,Single-Leg Leg Curl,1,12
Prep Strong,70,3,5,8,Lying Leg Curl,1,12
Prep Strong,70,3,5,8,Seated Calf Raise,1,9
Prep Strong,70,3,6,7,Lat Pulldown (Single Arm),1,9
Prep Strong,70,3,6,7,Seated Row (Cable),1,10
Prep Strong,70,3,6,7,T-Bar Row,1,8
Prep Strong,70,3,6,7,Squat Thruster,1,12
Prep Strong,70,3,6,7,Pendulum Squat,1,12
Prep Strong,70,3,6,7,Preacher Curl (Dumbbell),1,12
Prep Strong,70,3,6,7,Bicep Curl (EZ Bar),1,6
Prep Strong,70,4,1,8,Pec Deck (Machine),2,15
Prep Strong,70,4,1,8,Chest Press (Machine),2,10
Prep Strong,70,4,1,8,Incline Bench Press (Dumbbell),3,12
Prep Strong,70,4,1,8,Chest Fly (Dumbbell),2,4
Prep Strong,70,4,1,8,Fly Press (Dumbbell),2,10
Prep Strong,70,4,1,8,Single Arm Tricep Extension (Cable),3,15
Prep Strong,70,4,1,8,Single Arm Overhead Tricep Extension,3,12
Prep Strong,70,4,1,8,Wood Chop,3,10
Prep Strong,70,4,2,6,Lateral Raise (Dumbbell),3,10
Prep Strong,70,4,2,6,Front Raise,3,18
Prep Strong,70,4,2,6,Seated Shoulder Press (Dumbbell),3,15
Prep Strong,70,4,2,6,One Arm Lateral Raise (Cable),3,8
Prep Strong,70,4,2,6,Upright Row (Barbell),2,10
Prep Strong,70,4,2,6,Reverse Pec Deck,3,10
Prep Strong,70,4,3,7,Straight Bar Lat Extension,3,12
Prep Strong,70,4,3,7,Behind-the-Neck Lat Pulldown,3,12
Prep Strong,70,4,3,7,Barbell Row,3,9
Prep Strong,70,4,3,7,Rack Pull (Barbell),1,9
Prep Strong,70,4,3,7,Preacher Curl (EZ Bar),3,10
Prep Strong,70,4,3,7,Concentration Curl,3,8
Prep Strong,70,4,3,7,Hammer Curl (Cable),2,12
Prep Strong,70,4,4,8,Incline Bench Press (Barbell),1,12
Prep Strong,70,4,4,8,Bench Press (Barbell),1,12
Prep Strong,70,4,4,8,Decline Bench Press (Barbell),1,6
Prep Strong,70,4,4,8,Chest Fly (Cable),1,15
Prep Strong,70,4,4,8,Seated Dip (Machine),1,10
Prep Strong,70,4,4,8,Tricep Pushdown (Cable),1,12
Prep Strong,70,4,4,8,Overhead Extension (Dumbbell),1,4
Prep Strong,70,4,4,8,Abs Crunch (Machine),1,10
Prep Strong,70,4,5,8,Shoulder Press (Plate Loaded),1,15
Prep Strong,70,4,5,8,Shoulder Press (Machine),1,12
Prep Strong,70,4,5,8,Lateral Raise (Machine),1,10
Prep Strong,70,4,5,8,Front Raise,1,10
Prep Strong,70,4,5,8,Rear Delt Fly (Cable),1,18
Prep Strong,70,4,5,8,Single-Leg Leg Curl,1,15
Prep Strong,70,4,5,8,Lying Leg Curl,1,8
Prep Strong,70,4,5,8,Seated Calf Raise,1,10
Prep Strong,70,4,6,7,Lat Pulldown (Single Arm),1,10
Prep Strong,70,4,6,7,Seated Row (Cable),1,12
Prep Strong,70,4,6,7,T-Bar Row,1,12
Prep Strong,70,4,6,7,Squat Thruster,1,9
Prep Strong,70,4,6,7,Pendulum Squat,1,9
Prep Strong,70,4,6,7,Preacher Curl (Dumbbell),1,10
Prep Strong,70,4,6,7,Bicep Curl (EZ Bar),1,8
Prep Strong,70,5,1,8,Pec Deck (Machine),2,12
Prep Strong,70,5,1,8,Chest Press (Machine),2,12
Prep Strong,70,5,1,8,Incline Bench Press (Dumbbell),3,12
Prep Strong,70,5,1,8,Chest Fly (Dumbbell),2,6
Prep Strong,70,5,1,8,Fly Press (Dumbbell),2,15
Prep Strong,70,5,1,8,Single Arm Tricep Extension (Cable),3,10
Prep Strong,70,5,1,8,Single Arm Overhead Tricep Extension,3,12
Prep Strong,70,5,1,8,Wood Chop,3,4
Prep Strong,70,5,2,6,Lateral Raise (Dumbbell),3,10
Prep Strong,70,5,2,6,Front Raise,3,15
Prep Strong,70,5,2,6,Seated Shoulder Press (Dumbbell),3,12
Prep Strong,70,5,2,6,One Arm Lateral Raise (Cable),3,10
Prep Strong,70,5,2,6,Upright Row (Barbell),2,10
Prep Strong,70,5,2,6,Reverse Pec Deck,3,18
Prep Strong,70,5,3,7,Straight Bar Lat Extension,3,15
Prep Strong,70,5,3,7,Behind-the-Neck Lat Pulldown,3,8
Prep Strong,70,5,3,7,Barbell Row,3,10
Prep Strong,70,5,3,7,Rack Pull (Barbell),1,10
Prep Strong,70,5,3,7,Preacher Curl (EZ Bar),3,12
Prep Strong,70,5,3,7,Concentration Curl,3,12
Prep Strong,70,5,3,7,Hammer Curl (Cable),2,9
Prep Strong,70,5,4,8,Incline Bench Press (Barbell),1,9
Prep Strong,70,5,4,8,Bench Press (Barbell),1,10
Prep Strong,70,5,4,8,Decline Bench Press (Barbell),1,8
Prep Strong,70,5,4,8,Chest Fly (Cable),1,12
Prep Strong,70,5,4,8,Seated Dip (Machine),1,12
Prep Strong,70,5,4,8,Tricep Pushdown (Cable),1,12
Prep Strong,70,5,4,8,Overhead Extension (Dumbbell),1,6
Prep Strong,70,5,4,8,Abs Crunch (Machine),1,15
Prep Strong,70,5,5,8,Shoulder Press (Plate Loaded),1,10
Prep Strong,70,5,5,8,Shoulder Press (Machine),1,12
Prep Strong,70,5,5,8,Lateral Raise (Machine),1,4
Prep Strong,70,5,5,8,Front Raise,1,10
Prep Strong,70,5,5,8,Rear Delt Fly (Cable),1,15
Prep Strong,70,5,5,8,Single-Leg Leg Curl,1,12
Prep Strong,70,5,5,8,Lying Leg Curl,1,10
Prep Strong,70,5,5,8,Seated Calf Raise,1,10
Prep Strong,70,5,6,7,Lat Pulldown (Single Arm),1,18
Prep Strong,70,5,6,7,Seated Row (Cable),1,15
Prep Strong,70,5,6,7,T-Bar Row,1,8
Prep Strong,70,5,6,7,Squat Thruster,1,10
Prep Strong,70,5,6,7,Pendulum Squat,1,10
Prep Strong,70,5,6,7,Preacher Curl (Dumbbell),1,12
Prep Strong,70,5,6,7,Bicep Curl (EZ Bar),1,12
Prep Strong,70,6,1,8,Pec Deck (Machine),2,9
Prep Strong,70,6,1,8,Chest Press (Machine),2,9
Prep Strong,70,6,1,8,Incline Bench Press (Dumbbell),3,10
Prep Strong,70,6,1,8,Chest Fly (Dumbbell),2,8
Prep Strong,70,6,1,8,Fly Press (Dumbbell),2,12
Prep Strong,70,6,1,8,Single Arm Tricep Extension (Cable),3,12
Prep Strong,70,6,1,8,Single Arm Overhead Tricep Extension,3,12
Prep Strong,70,6,1,8,Wood Chop,3,6
Prep Strong,70,6,2,6,Lateral Raise (Dumbbell),3,15
Prep Strong,70,6,2,6,Front Raise,3,10
Prep Strong,70,6,2,6,Seated Shoulder Press (Dumbbell),3,12
Prep Strong,70,6,2,6,One Arm Lateral Raise (Cable),3,4
Prep Strong,70,6,2,6,Upright Row (Barbell),2,10
Prep Strong,70,6,2,6,Reverse Pec Deck,3,15
Prep Strong,70,6,3,7,Straight Bar Lat Extension,3,12
Prep Strong,70,6,3,7,Behind-the-Neck Lat Pulldown,3,10
Prep Strong,70,6,3,7,Barbell Row,3,10
Prep Strong,70,6,3,7,Rack Pull (Barbell),1,18
Prep Strong,70,6,3,7,Preacher Curl (EZ Bar),3,15
Prep Strong,70,6,3,7,Concentration Curl,3,8
Prep Strong,70,6,3,7,Hammer Curl (Cable),2,10
Prep Strong,70,6,4,8,Incline Bench Press (Barbell),1,10
Prep Strong,70,6,4,8,Bench Press (Barbell),1,12
Prep Strong,70,6,4,8,Decline Bench Press (Barbell),1,12
Prep Strong,70,6,4,8,Chest Fly (Cable),1,9
Prep Strong,70,6,4,8,Seated Dip (Machine),1,9
Prep Strong,70,6,4,8,Tricep Pushdown (Cable),1,10
Prep Strong,70,6,4,8,Overhead Extension (Dumbbell),1,8
Prep Strong,70,6,4,8,Abs Crunch (Machine),1,12
Prep Strong,70,6,5,8,Shoulder Press (Plate Loaded),1,12
Prep Strong,70,6,5,8,Shoulder Press (Machine),1,12
Prep Strong,70,6,5,8,Lateral Raise (Machine),1,6
Prep Strong,70,6,5,8,Front Raise,1,15
Prep Strong,70,6,5,8,Rear Delt Fly (Cable),1,10
Prep Strong,70,6,5,8,Single-Leg Leg Curl,1,12
Prep Strong,70,6,5,8,Lying Leg Curl,1,4
Prep Strong,70,6,5,8,Seated Calf Raise,1,10
Prep Strong,70,6,6,7,Lat Pulldown (Single Arm),1,15
Prep Strong,70,6,6,7,Seated Row (Cable),1,12
Prep Strong,70,6,6,7,T-Bar Row,1,10
Prep Strong,70,6,6,7,Squat Thruster,1,10
Prep Strong,70,6,6,7,Pendulum Squat,1,18
Prep Strong,70,6,6,7,Preacher Curl (Dumbbell),1,15
Prep Strong,70,6,6,7,Bicep Curl (EZ Bar),1,8
Beginner Intermediate Program,60,1,1,6,Bench Press (Barbell),3,14
Beginner Intermediate Program,60,1,1,6,Kroc Row,3,14
Beginner Intermediate Program,60,1,1,6,Bicep Curl (Dumbbell),3,14
Beginner Intermediate Program,60,1,1,6,French Press,3,14
Beginner Intermediate Program,60,1,1,6,Seated Overhead Press (Dumbbell),3,14
Beginner Intermediate Program,60,1,1,6,Pull-Up (Weighted),3,14
Beginner Intermediate Program,60,1,2,4,Squat (Barbell),3,14
Beginner Intermediate Program,60,1,2,4,Deadlift (Barbell),2,14
Beginner Intermediate Program,60,1,2,4,Standing Calf Raise,3,14
Beginner Intermediate Program,60,1,2,4,Hanging Leg Raise,3,14
Beginner Intermediate Program,60,1,3,5,Dip (Weighted),3,14
Beginner Intermediate Program,60,1,3,5,Chin-Up (Weighted),3,14
Beginner Intermediate Program,60,1,3,5,Incline Bench Press (Dumbbell),3,14
Beginner Intermediate Program,60,1,3,5,Pullover (Dumbbell),3,18
Beginner Intermediate Program,60,1,3,5,Sit Up,2,14
Beginner Intermediate Program,60,1,4,3,Squat (Barbell),2,14
Beginner Intermediate Program,60,1,4,3,Leg Press,3,14
Beginner Intermediate Program,60,1,4,3,Romanian Deadlift (Barbell),2,14
Beginner Intermediate Program,60,2,1,6,Incline Bench Press (Barbell),3,14
Beginner Intermediate Program,60,2,1,6,Kroc Row,3,14
Beginner Intermediate Program,60,2,1,6,Bicep Curl (Barbell),3,14
Beginner Intermediate Program,60,2,1,6,French Press,3,14
Beginner Intermediate Program,60,2,1,6,Overhead Press (Barbell),3,14
Beginner Intermediate Program,60,2,1,6,Wide Neutral Pullups,3,14
Beginner Intermediate Program,60,2,2,4,Squat (Barbell),3,14
Beginner Intermediate Program,60,2,2,4,Deadlift (Barbell),2,14
Beginner Intermediate Program,60,2,2,4,Standing Calf Raise,3,14
Beginner Intermediate Program,60,2,2,4,Hanging Leg Raise,3,14
Beginner Intermediate Program,60,2,3,5,Bicep Curl (Dumbbell),3,7
Beginner Intermediate Program,60,2,3,5,French Press,3,14
Beginner Intermediate Program,60,2,3,5,Chin-Up (Weighted),3,14
Beginner Intermediate Program,60,2,3,5,Dip (Weighted),3,14
Beginner Intermediate Program,60,2,3,5,Sit Up,2,20
Beginner Intermediate Program,60,2,4,3,Squat (Barbell),2,14
Beginner Intermediate Program,60,2,4,3,Leg Press,3,14
Beginner Intermediate Program,60,2,4,3,Romanian Deadlift (Barbell),2,14
Beginner Intermediate Program,60,3,1,6,Incline Bench Press (Barbell),3,14
Beginner Intermediate Program,60,3,1,6,Kroc Row,3,14
Beginner Intermediate Program,60,3,1,6,Bicep Curl (Barbell),3,14
Beginner Intermediate Program,60,3,1,6,French Press,3,14
Beginner Intermediate Program,60,3,1,6,Overhead Press (Barbell),3,14
Beginner Intermediate Program,60,3,1,6,Wide Neutral Pullups,3,14
Beginner Intermediate Program,60,3,2,4,Squat (Barbell),3,14
Beginner Intermediate Program,60,3,2,4,Deadlift (Barbell),2,14
Beginner Intermediate Program,60,3,2,4,Standing Calf Raise,3,14
Beginner Intermediate Program,60,3,2,4,Hanging Leg Raise,3,14
Beginner Intermediate Program,60,3,3,6,Bicep Curl (Dumbbell),3,14
Beginner Intermediate Program,60,3,3,6,French Press,3,14
Beginner Intermediate Program,60,3,3,6,Chin-Up (Weighted),3,18
Beginner Intermediate Program,60,3,3,6,Dip (Weighted),3,14
Beginner Intermediate Program,60,3,3,6,Chest Fly (Dumbbell),2,14
Beginner Intermediate Program,60,3,3,6,Sit Up,3,14
Beginner Intermediate Program,60,3,4,3,Squat (Barbell),2,14
Beginner Intermediate Program,60,3,4,3,Leg Press,3,14
Beginner Intermediate Program,60,3,4,3,Romanian Deadlift (Barbell),2,14
Beginner Intermediate Program,60,4,1,6,Incline Bench Press (Barbell),3,14
Beginner Intermediate Program,60,4,1,6,Kroc Row,3,14
Beginner Intermediate Program,60,4,1,6,Bicep Curl (Barbell),3,14
Beginner Intermediate Program,60,4,1,6,French Press,3,14
Beginner Intermediate Program,60,4,1,6,Overhead Press (Barbell),3,14
Beginner Intermediate Program,60,4,1,6,Wide Neutral Pullups,3,14
Beginner Intermediate Program,60,4,2,4,Squat (Barbell),3,14
Beginner Intermediate Program,60,4,2,4,Deadlift (Barbell),2,14
Beginner Intermediate Program,60,4,2,4,Standing Calf Raise,3,7
Beginner Intermediate Program,60,4,2,4,Hanging Leg Raise,3,14
Beginner Intermediate Program,60,4,3,6,Bicep Curl (Dumbbell),3,14
Beginner Intermediate Program,60,4,3,6,French Press,3,14
Beginner Intermediate Program,60,4,3,6,Chin-Up (Weighted),3,20
Beginner Intermediate Program,60,4,3,6,Dip (Weighted),3,14
Beginner Intermediate Program,60,4,3,6,Chest Fly (Dumbbell),2,14
Beginner Intermediate Program,60,4,3,6,Sit Up,3,14
Beginner Intermediate Program,60,4,4,3,Squat (Barbell),2,14
Beginner Intermediate Program,60,4,4,3,Leg Press,3,14
Beginner Intermediate Program,60,4,4,3,Romanian Deadlift (Barbell),3,14
Beginner Intermediate Program,60,5,1,7,Incline Bench Press (Dumbbell),3,14
Beginner Intermediate Program,60,5,1,7,Kroc Row,3,14
Beginner Intermediate Program,60,5,1,7,Alternating Dumbbell Curl,3,14
Beginner Intermediate Program,60,5,1,7,French Press,3,14
Beginner Intermediate Program,60,5,1,7,Dip (Weighted),3,14
Beginner Intermediate Program,60,5,1,7,Close Neutral Chinups,3,14
Beginner Intermediate Program,60,5,1,7,Lateral Raise (Dumbbell),3,14
Beginner Intermediate Program,60,5,2,4,Squat (Barbell),3,14
Beginner Intermediate Program,60,5,2,4,Trap Bar Deadlift,2,14
Beginner Intermediate Program,60,5,2,4,Standing Calf Raise,3,18
Beginner Intermediate Program,60,5,2,4,Hanging Leg Raise,3,14
Beginner Intermediate Program,60,5,3,7,Bicep Curl (Dumbbell),3,14
Beginner Intermediate Program,60,5,3,7,French Press,3,14
Beginner Intermediate Program,60,5,3,7,Chin-Up (Weighted),3,14
Beginner Intermediate Program,60,5,3,7,Seated Overhead Press (Dumbbell),3,14
Beginner Intermediate Program,60,5,3,7,Chest Fly (Dumbbell),2,14
Beginner Intermediate Program,60,5,3,7,Tricep Pushdown (Cable),3,14
Beginner Intermediate Program,60,5,3,7,Sit Up,3,14
Beginner Intermediate Program,60,5,4,3,Squat (Barbell),2,14
Beginner Intermediate Program,60,5,4,3,Leg Press,3,14
Beginner Intermediate Program,60,5,4,3,Romanian Deadlift (Barbell),3,14
Beginner Intermediate Program,60,6,1,7,Incline Bench Press (Dumbbell),3,14
Beginner Intermediate Program,60,6,1,7,Kroc Row,3,14
Beginner Intermediate Program,60,6,1,7,Alternating Dumbbell Curl,3,14
Beginner Intermediate Program,60,6,1,7,French Press,3,7
Beginner Intermediate Program,60,6,1,7,Dip (Weighted),3,14
Beginner Intermediate Program,60,6,1,7,Close Neutral Chinups,3,14
Beginner Intermediate Program,60,6,1,7,Lateral Raise (Dumbbell),3,14
Beginner Intermediate Program,60,6,2,4,Squat (Barbell),3,20
Beginner Intermediate Program,60,6,2,4,Trap Bar Deadlift,2,14
Beginner Intermediate Program,60,6,2,4,Standing Calf Raise,3,14
Beginner Intermediate Program,60,6,2,4,Hanging Leg Raise,3,14
Beginner Intermediate Program,60,6,3,7,Bicep Curl (Dumbbell),3,14
Beginner Intermediate Program,60,6,3,7,French Press,3,14
Beginner Intermediate Program,60,6,3,7,Chin-Up (Weighted),3,14
Beginner Intermediate Program,60,6,3,7,Seated Overhead Press (Dumbbell),3,14
Beginner Intermediate Program,60,6,3,7,Chest Fly (Dumbbell),2,14
Beginner Intermediate Program,60,6,3,7,Tricep Pushdown (Cable),3,14
Beginner Intermediate Program,60,6,3,7,Sit Up,3,14
Beginner Intermediate Program,60,6,4,4,Squat (Barbell),3,14
Beginner Intermediate Program,60,6,4,4,Leg Press,3,14
Beginner Intermediate Program,60,6,4,4,Romanian Deadlift (Barbell),3,14
Beginner Intermediate Program,60,6,4,4,Dragon Flag,2,14
Beginner Intermediate Program,60,7,1,7,Bench Press (Close Grip),3,14
Beginner Intermediate Program,60,7,1,7,Kroc Row,3,18
Beginner Intermediate Program,60,7,1,7,Hammer Curl,3,14
Beginner Intermediate Program,60,7,1,7,French Press,3,14
Beginner Intermediate Program,60,7,1,7,High Incline DB Press,3,14
Beginner Intermediate Program,60,7,1,7,Close Neutral Chinups,3,14
Beginner Intermediate Program,60,7,1,7,Lateral Raise (Dumbbell),3,14
Beginner Intermediate Program,60,7,2,4,Squat (Barbell),3,14
Beginner Intermediate Program,60,7,2,4,Trap Bar Deadlift,2,14
Beginner Intermediate Program,60,7,2,4,Standing Calf Raise,3,14
Beginner Intermediate Program,60,7,2,4,Hanging Leg Raise,3,14
Beginner Intermediate Program,60,7,3,8,Bicep Curl (Barbell),3,14
Beginner Intermediate Program,60,7,3,8,French Press,3,14
Beginner Intermediate Program,60,7,3,8,Chin-Up (Weighted),4,14
Beginner Intermediate Program,60,7,3,8,Dip (Weighted),4,14
Beginner Intermediate Program,60,7,3,8,Chest Fly (Dumbbell),3,14
Beginner Intermediate Program,60,7,3,8,Pullover (Dumbbell),2,7
Beginner Intermediate Program,60,7,3,8,Tricep Pushdown (Cable),3,14
Beginner Intermediate Program,60,7,3,8,Sit Up,3,14
Beginner Intermediate Program,60,7,4,5,Squat (Barbell),3,14
Beginner Intermediate Program,60,7,4,5,Leg Press,3,20
Beginner Intermediate Program,60,7,4,5,Romanian Deadlift (Barbell),3,14
Beginner Intermediate Program,60,7,4,5,45 Degree Back Raise,2,14
Beginner Intermediate Program,60,7,4,5,Dragon Flag,2,14
Beginner Intermediate Program,60,8,1,7,Bench Press (Close Grip),3,14
Beginner Intermediate Program,60,8,1,7,Kroc Row,3,14
Beginner Intermediate Program,60,8,1,7,Hammer Curl,3,14
Beginner Intermediate Program,60,8,1,7,French Press,3,14
Beginner Intermediate Program,60,8,1,7,High Incline DB Press,3,14
Beginner Intermediate Program,60,8,1,7,Close Neutral Chinups,3,14
Beginner Intermediate Program,60,8,1,7,Lateral Raise (Dumbbell),3,14
Beginner Intermediate Program,60,8,2,5,Squat (Barbell),3,14
Beginner Intermediate Program,60,8,2,5,Trap Bar Deadlift,2,14
Beginner Intermediate Program,60,8,2,5,Good Morning,1,14
Beginner Intermediate Program,60,8,2,5,Standing Calf Raise,3,14
Beginner Intermediate Program,60,8,2,5,Hanging Leg Raise,3,14
Beginner Intermediate Program,60,8,3,8,Bicep Curl (Barbell),3,18
Beginner Intermediate Program,60,8,3,8,French Press,3,14
Beginner Intermediate Program,60,8,3,8,Chin-Up (Weighted),4,14
Beginner Intermediate Program,60,8,3,8,Dip (Weighted),4,14
Beginner Intermediate Program,60,8,3,8,Chest Fly (Dumbbell),3,14
Beginner Intermediate Program,60,8,3,8,Pullover (Dumbbell),2,14
Beginner Intermediate Program,60,8,3,8,Tricep Pushdown (Cable),3,14
Beginner Intermediate Program,60,8,3,8,Sit Up,3,14
Beginner Intermediate Program,60,8,4,5,Squat (Barbell),3,14
Beginner Intermediate Program,60,8,4,5,Leg Press,3,14
Beginner Intermediate Program,60,8,4,5,Romanian Deadlift (Barbell),3,14
Beginner Intermediate Program,60,8,4,5,45 Degree Back Raise,3,14
Beginner Intermediate Program,60,8,4,5,Dragon Flag,2,14
Garou Physique Speedrun,70,1,1,7,Incline Bench Press (Dumbbell),1,3
Garou Physique Speedrun,70,1,1,7,Chest Fly (Cable),3,6
Garou Physique Speedrun,70,1,1,7,Overhead Press (Machine),3,8
Garou Physique Speedrun,70,1,1,7,Overhead Tricep Extension (Cable),3,10
Garou Physique Speedrun,70,1,1,7,V-Handle Tricep Pushdown (Cable),2,4
Garou Physique Speedrun,70,1,1,7,One Arm Lateral Raise (Cable),3,8
Garou Physique Speedrun,70,1,1,7,Lateral Raise (Dumbbell),1,50
Garou Physique Speedrun,70,1,2,7,Pull-Up (Bodyweight),3,15
Garou Physique Speedrun,70,1,2,7,Chest Supported Row (Machine),3,4
Garou Physique Speedrun,70,1,2,7,Standing Pullover (Cable),3,8
Garou Physique Speedrun,70,1,2,7,Reverse Pec Deck,2,6
Garou Physique Speedrun,70,1,2,7,Preacher Curl (EZ Bar),1,12
Garou Physique Speedrun,70,1,2,7,Incline Curl (Dumbbell),2,5
Garou Physique Speedrun,70,1,2,7,Rear Delt Fly (Machine),2,6
Garou Physique Speedrun,70,1,3,5,Squat (Smith Machine),1,10
Garou Physique Speedrun,70,1,3,5,Stiff Leg Deadlift,1,10
Garou Physique Speedrun,70,1,3,5,Leg Press (45 Degrees),3,5
Garou Physique Speedrun,70,1,3,5,Leg Curl,4,5
Garou Physique Speedrun,70,1,3,5,One Arm Lateral Raise (Cable),3,6
Garou Physique Speedrun,70,1,4,6,Cable Crunch,3,10
Garou Physique Speedrun,70,1,4,6,Leg Raise (Captain's Chair),3,3
Garou Physique Speedrun,70,1,4,6,Calf Raise (Leg Press),3,6
Garou Physique Speedrun,70,1,4,6,Straight Leg Calf Raise,3,30
Garou Physique Speedrun,70,1,4,6,Rear Delt Fly (Machine),3,12
Garou Physique Speedrun,70,1,4,6,Shrug (Dumbbell),3,3
Garou Physique Speedrun,70,1,5,7,Incline Bench Press (Smith Machine),1,6
Garou Physique Speedrun,70,1,5,7,Pec Deck (Machine),2,4
Garou Physique Speedrun,70,1,5,7,Overhead Press (Machine),3,12
Garou Physique Speedrun,70,1,5,7,Overhead Tricep Extension (Cable),2,5
Garou Physique Speedrun,70,1,5,7,V-Handle Tricep Pushdown (Cable),3,4
Garou Physique Speedrun,70,1,5,7,One Arm Lateral Raise (Cable),3,8
Garou Physique Speedrun,70,1,5,7,Lateral Raise (Dumbbell),1,9
Garou Physique Speedrun,70,1,6,8,Lat Pulldown (Neutral Grip),3,3
Garou Physique Speedrun,70,1,6,8,Seated Wide-Grip Row (Cable),3,4
Garou Physique Speedrun,70,1,6,8,Seated Row (Cable),2,6
Garou Physique Speedrun,70,1,6,8,Standing Pullover (Cable),1,8
Garou Physique Speedrun,70,1,6,8,Reverse Pec Deck,2,3
Garou Physique Speedrun,70,1,6,8,Preacher Curl (EZ Bar),1,5
Garou Physique Speedrun,70,1,6,8,Incline Curl (Dumbbell),2,20
Garou Physique Speedrun,70,1,6,8,Rear Delt Fly (Machine),2,12
Garou Physique Speedrun,70,2,1,7,Incline Bench Press (Dumbbell),1,3
Garou Physique Speedrun,70,2,1,7,Chest Fly (Cable),3,5
Garou Physique Speedrun,70,2,1,7,Overhead Press (Machine),3,4
Garou Physique Speedrun,70,2,1,7,Overhead Tricep Extension (Cable),3,10
Garou Physique Speedrun,70,2,1,7,V-Handle Tricep Pushdown (Cable),2,1
Garou Physique Speedrun,70,2,1,7,One Arm Lateral Raise (Cable),3,3
Garou Physique Speedrun,70,2,1,7,Lateral Raise (Dumbbell),1,8
Garou Physique Speedrun,70,2,2,7,Pull-Up (Bodyweight),3,8
Garou Physique Speedrun,70,2,2,7,Chest Supported Row (Machine),3,1
Garou Physique Speedrun,70,2,2,7,Standing Pullover (Cable),3,3
Garou Physique Speedrun,70,2,2,7,Reverse Pec Deck,2,5
Garou Physique Speedrun,70,2,2,7,Preacher Curl (EZ Bar),1,8
Garou Physique Speedrun,70,2,2,7,Incline Curl (Dumbbell),2,7
Garou Physique Speedrun,70,2,2,7,Rear Delt Fly (Machine),2,11
Garou Physique Speedrun,70,2,3,5,Squat (Smith Machine),1,10
Garou Physique Speedrun,70,2,3,5,Stiff Leg Deadlift,1,14
Garou Physique Speedrun,70,2,3,5,Leg Press (45 Degrees),3,9
Garou Physique Speedrun,70,2,3,5,Leg Curl,4,9
Garou Physique Speedrun,70,2,3,5,One Arm Lateral Raise (Cable),3,7
Garou Physique Speedrun,70,2,4,6,Cable Crunch,3,9
Garou Physique Speedrun,70,2,4,6,Leg Raise (Captain's Chair),3,11
Garou Physique Speedrun,70,2,4,6,Calf Raise (Leg Press),3,14
Garou Physique Speedrun,70,2,4,6,Straight Leg Calf Raise,3,4
Garou Physique Speedrun,70,2,4,6,Rear Delt Fly (Machine),3,11
Garou Physique Speedrun,70,2,4,6,Shrug (Dumbbell),3,14
Garou Physique Speedrun,70,2,5,7,Incline Bench Press (Smith Machine),1,7
Garou Physique Speedrun,70,2,5,7,Pec Deck (Machine),2,38
Garou Physique Speedrun,70,2,5,7,Overhead Press (Machine),3,9
Garou Physique Speedrun,70,2,5,7,Overhead Tricep Extension (Cable),2,11
Garou Physique Speedrun,70,2,5,7,V-Handle Tricep Pushdown (Cable),3,9
Garou Physique Speedrun,70,2,5,7,One Arm Lateral Raise (Cable),3,11
Garou Physique Speedrun,70,2,5,7,Lateral Raise (Dumbbell),1,14
Garou Physique Speedrun,70,2,6,8,Lat Pulldown (Neutral Grip),3,7
Garou Physique Speedrun,70,2,6,8,Seated Wide-Grip Row (Cable),3,11
Garou Physique Speedrun,70,2,6,8,Seated Row (Cable),2,10
Garou Physique Speedrun,70,2,6,8,Standing Pullover (Cable),1,14
Garou Physique Speedrun,70,2,6,8,Reverse Pec Deck,2,9
Garou Physique Speedrun,70,2,6,8,Preacher Curl (EZ Bar),1,9
Garou Physique Speedrun,70,2,6,8,Incline Curl (Dumbbell),2,7
Garou Physique Speedrun,70,2,6,8,Rear Delt Fly (Machine),2,9
Garou Physique Speedrun,70,3,1,7,Incline Bench Press (Dumbbell),1,11
Garou Physique Speedrun,70,3,1,7,Chest Fly (Cable),3,14
Garou Physique Speedrun,70,3,1,7,Overhead Press (Machine),3,4
Garou Physique Speedrun,70,3,1,7,Overhead Tricep Extension (Cable),3,11
Garou Physique Speedrun,70,3,1,7,V-Handle Tricep Pushdown (Cable),2,14
Garou Physique Speedrun,70,3,1,7,One Arm Lateral Raise (Cable),3,7
Garou Physique Speedrun,70,3,1,7,Lateral Raise (Dumbbell),1,38
Garou Physique Speedrun,70,3,2,7,Pull-Up (Bodyweight),3,9
Garou Physique Speedrun,70,3,2,7,Chest Supported Row (Machine),3,11
Garou Physique Speedrun,70,3,2,7,Standing Pullover (Cable),3,9
Garou Physique Speedrun,70,3,2,7,Reverse Pec Deck,2,11
Garou Physique Speedrun,70,3,2,7,Preacher Curl (EZ Bar),1,14
Garou Physique Speedrun,70,3,2,7,Incline Curl (Dumbbell),2,7
Garou Physique Speedrun,70,3,2,7,Rear Delt Fly (Machine),2,11
Garou Physique Speedrun,70,3,3,5,Squat (Smith Machine),1,10
Garou Physique Speedrun,70,3,3,5,Stiff Leg Deadlift,1,14
Garou Physique Speedrun,70,3,3,5,Leg Press (45 Degrees),3,9
Garou Physique Speedrun,70,3,3,5,Leg Curl,4,9
Garou Physique Speedrun,70,3,3,5,One Arm Lateral Raise (Cable),3,7
Garou Physique Speedrun,70,3,4,6,Cable Crunch,3,9
Garou Physique Speedrun,70,3,4,6,Leg Raise (Captain's Chair),3,11
Garou Physique Speedrun,70,3,4,6,Calf Raise (Leg Press),3,14
Garou Physique Speedrun,70,3,4,6,Straight Leg Calf Raise,3,4
Garou Physique Speedrun,70,3,4,6,Rear Delt Fly (Machine),3,11
Garou Physique Speedrun,70,3,4,6,Shrug (Dumbbell),3,14
Garou Physique Speedrun,70,3,5,7,Incline Bench Press (Smith Machine),1,7
Garou Physique Speedrun,70,3,5,7,Pec Deck (Machine),2,38
Garou Physique Speedrun,70,3,5,7,Overhead Press (Machine),3,9
Garou Physique Speedrun,70,3,5,7,Overhead Tricep Extension (Cable),2,11
Garou Physique Speedrun,70,3,5,7,V-Handle Tricep Pushdown (Cable),3,9
Garou Physique Speedrun,70,3,5,7,One Arm Lateral Raise (Cable),3,11
Garou Physique Speedrun,70,3,5,7,Lateral Raise (Dumbbell),1,14
Garou Physique Speedrun,70,3,6,8,Lat Pulldown (Neutral Grip),3,7
Garou Physique Speedrun,70,3,6,8,Seated Wide-Grip Row (Cable),3,11
Garou Physique Speedrun,70,3,6,8,Seated Row (Cable),2,10
Garou Physique Speedrun,70,3,6,8,Standing Pullover (Cable),1,14
Garou Physique Speedrun,70,3,6,8,Reverse Pec Deck,2,9
Garou Physique Speedrun,70,3,6,8,Preacher Curl (EZ Bar),1,9
Garou Physique Speedrun,70,3,6,8,Incline Curl (Dumbbell),2,7
Garou Physique Speedrun,70,3,6,8,Rear Delt Fly (Machine),2,9
Garou Physique Speedrun,70,4,1,7,Incline Bench Press (Dumbbell),1,11
Garou Physique Speedrun,70,4,1,7,Chest Fly (Cable),3,14
Garou Physique Speedrun,70,4,1,7,Overhead Press (Machine),3,4
Garou Physique Speedrun,70,4,1,7,Overhead Tricep Extension (Cable),3,11
Garou Physique Speedrun,70,4,1,7,V-Handle Tricep Pushdown (Cable),2,14
Garou Physique Speedrun,70,4,1,7,One Arm Lateral Raise (Cable),3,7
Garou Physique Speedrun,70,4,1,7,Lateral Raise (Dumbbell),1,38
Garou Physique Speedrun,70,4,2,7,Pull-Up (Bodyweight),3,9
Garou Physique Speedrun,70,4,2,7,Chest Supported Row (Machine),3,11
Garou Physique Speedrun,70,4,2,7,Standing Pullover (Cable),3,9
Garou Physique Speedrun,70,4,2,7,Reverse Pec Deck,2,11
Garou Physique Speedrun,70,4,2,7,Preacher Curl (EZ Bar),1,14
Garou Physique Speedrun,70,4,2,7,Incline Curl (Dumbbell),2,7
Garou Physique Speedrun,70,4,2,7,Rear Delt Fly (Machine),2,11
Garou Physique Speedrun,70,4,3,5,Squat (Smith Machine),1,10
Garou Physique Speedrun,70,4,3,5,Stiff Leg Deadlift,1,14
Garou Physique Speedrun,70,4,3,5,Leg Press (45 Degrees),3,9
Garou Physique Speedrun,70,4,3,5,Leg Curl,4,9
Garou Physique Speedrun,70,4,3,5,One Arm Lateral Raise (Cable),3,7
Garou Physique Speedrun,70,4,4,6,Cable Crunch,3,9
Garou Physique Speedrun,70,4,4,6,Leg Raise (Captain's Chair),3,11
Garou Physique Speedrun,70,4,4,6,Calf Raise (Leg Press),3,14
Garou Physique Speedrun,70,4,4,6,Straight Leg Calf Raise,3,4
Garou Physique Speedrun,70,4,4,6,Rear Delt Fly (Machine),3,11
Garou Physique Speedrun,70,4,4,6,Shrug (Dumbbell),3,14
Garou Physique Speedrun,70,4,5,7,Incline Bench Press (Smith Machine),1,7
Garou Physique Speedrun,70,4,5,7,Pec Deck (Machine),2,38
Garou Physique Speedrun,70,4,5,7,Overhead Press (Machine),3,9
Garou Physique Speedrun,70,4,5,7,Overhead Tricep Extension (Cable),2,11
Garou Physique Speedrun,70,4,5,7,V-Handle Tricep Pushdown (Cable),3,9
Garou Physique Speedrun,70,4,5,7,One Arm Lateral Raise (Cable),3,11
Garou Physique Speedrun,70,4,5,7,Lateral Raise (Dumbbell),1,14
Garou Physique Speedrun,70,4,6,8,Lat Pulldown (Neutral Grip),3,7
Garou Physique Speedrun,70,4,6,8,Seated Wide-Grip Row (Cable),3,11
Garou Physique Speedrun,70,4,6,8,Seated Row (Cable),2,10
Garou Physique Speedrun,70,4,6,8,Standing Pullover (Cable),1,14
Garou Physique Speedrun,70,4,6,8,Reverse Pec Deck,2,9
Garou Physique Speedrun,70,4,6,8,Preacher Curl (EZ Bar),1,9
Garou Physique Speedrun,70,4,6,8,Incline Curl (Dumbbell),2,7
Garou Physique Speedrun,70,4,6,8,Rear Delt Fly (Machine),2,9
Garou Physique Speedrun,70,5,1,7,Incline Bench Press (Dumbbell),1,11
Garou Physique Speedrun,70,5,1,7,Chest Fly (Cable),3,14
Garou Physique Speedrun,70,5,1,7,Overhead Press (Machine),3,4
Garou Physique Speedrun,70,5,1,7,Overhead Tricep Extension (Cable),3,11
Garou Physique Speedrun,70,5,1,7,V-Handle Tricep Pushdown (Cable),2,14
Garou Physique Speedrun,70,5,1,7,One Arm Lateral Raise (Cable),3,7
Garou Physique Speedrun,70,5,1,7,Lateral Raise (Dumbbell),1,38
Garou Physique Speedrun,70,5,2,7,Pull-Up (Bodyweight),3,9
Garou Physique Speedrun,70,5,2,7,Chest Supported Row (Machine),3,11
Garou Physique Speedrun,70,5,2,7,Standing Pullover (Cable),3,9
Garou Physique Speedrun,70,5,2,7,Reverse Pec Deck,2,11
Garou Physique Speedrun,70,5,2,7,Preacher Curl (EZ Bar),1,14
Garou Physique Speedrun,70,5,2,7,Incline Curl (Dumbbell),2,7
Garou Physique Speedrun,70,5,2,7,Rear Delt Fly (Machine),2,11
Garou Physique Speedrun,70,5,3,5,Squat (Smith Machine),1,10
Garou Physique Speedrun,70,5,3,5,Stiff Leg Deadlift,1,14
Garou Physique Speedrun,70,5,3,5,Leg Press (45 Degrees),3,9
Garou Physique Speedrun,70,5,3,5,Leg Curl,4,9
Garou Physique Speedrun,70,5,3,5,One Arm Lateral Raise (Cable),3,7
Garou Physique Speedrun,70,5,4,6,Cable Crunch,3,9
Garou Physique Speedrun,70,5,4,6,Leg Raise (Captain's Chair),3,11
Garou Physique Speedrun,70,5,4,6,Calf Raise (Leg Press),3,14
Garou Physique Speedrun,70,5,4,6,Straight Leg Calf Raise,3,4
Garou Physique Speedrun,70,5,4,6,Rear Delt Fly (Machine),3,11
Garou Physique Speedrun,70,5,4,6,Shrug (Dumbbell),3,14
Garou Physique Speedrun,70,5,5,7,Incline Bench Press (Smith Machine),1,7
Garou Physique Speedrun,70,5,5,7,Pec Deck (Machine),2,38
Garou Physique Speedrun,70,5,5,7,Overhead Press (Machine),3,9
Garou Physique Speedrun,70,5,5,7,Overhead Tricep Extension (Cable),2,11
Garou Physique Speedrun,70,5,5,7,V-Handle Tricep Pushdown (Cable),3,9
Garou Physique Speedrun,70,5,5,7,One Arm Lateral Raise (Cable),3,11
Garou Physique Speedrun,70,5,5,7,Lateral Raise (Dumbbell),1,14
Garou Physique Speedrun,70,5,6,8,Lat Pulldown (Neutral Grip),3,7
Garou Physique Speedrun,70,5,6,8,Seated Wide-Grip Row (Cable),3,11
Garou Physique Speedrun,70,5,6,8,Seated Row (Cable),2,10
Garou Physique Speedrun,70,5,6,8,Standing Pullover (Cable),1,14
Garou Physique Speedrun,70,5,6,8,Reverse Pec Deck,2,9
Garou Physique Speedrun,70,5,6,8,Preacher Curl (EZ Bar),1,9
Garou Physique Speedrun,70,5,6,8,Incline Curl (Dumbbell),2,7
Garou Physique Speedrun,70,5,6,8,Rear Delt Fly (Machine),2,9
Garou Physique Speedrun,70,6,1,7,Incline Bench Press (Dumbbell),1,11
Garou Physique Speedrun,70,6,1,7,Chest Fly (Cable),3,14
Garou Physique Speedrun,70,6,1,7,Overhead Press (Machine),3,4
Garou Physique Speedrun,70,6,1,7,Overhead Tricep Extension (Cable),3,11
Garou Physique Speedrun,70,6,1,7,V-Handle Tricep Pushdown (Cable),2,14
Garou Physique Speedrun,70,6,1,7,One Arm Lateral Raise (Cable),3,7
Garou Physique Speedrun,70,6,1,7,Lateral Raise (Dumbbell),1,38
Garou Physique Speedrun,70,6,2,7,Pull-Up (Bodyweight),3,9
Garou Physique Speedrun,70,6,2,7,Chest Supported Row (Machine),3,11
Garou Physique Speedrun,70,6,2,7,Standing Pullover (Cable),3,9
Garou Physique Speedrun,70,6,2,7,Reverse Pec Deck,2,11
Garou Physique Speedrun,70,6,2,7,Preacher Curl (EZ Bar),1,14
Garou Physique Speedrun,70,6,2,7,Incline Curl (Dumbbell),2,7
Garou Physique Speedrun,70,6,2,7,Rear Delt Fly (Machine),2,11
Garou Physique Speedrun,70,6,3,5,Squat (Smith Machine),1,10
Garou Physique Speedrun,70,6,3,5,Stiff Leg Deadlift,1,14
Garou Physique Speedrun,70,6,3,5,Leg Press (45 Degrees),3,9
Garou Physique Speedrun,70,6,3,5,Leg Curl,4,9
Garou Physique Speedrun,70,6,3,5,One Arm Lateral Raise (Cable),3,7
Garou Physique Speedrun,70,6,4,6,Cable Crunch,3,9
Garou Physique Speedrun,70,6,4,6,Leg Raise (Captain's Chair),3,11
Garou Physique Speedrun,70,6,4,6,Calf Raise (Leg Press),3,14
Garou Physique Speedrun,70,6,4,6,Straight Leg Calf Raise,3,4
Garou Physique Speedrun,70,6,4,6,Rear Delt Fly (Machine),3,11
Garou Physique Speedrun,70,6,4,6,Shrug (Dumbbell),3,14
Garou Physique Speedrun,70,6,5,7,Incline Bench Press (Smith Machine),1,7
Garou Physique Speedrun,70,6,5,7,Pec Deck (Machine),2,38
Garou Physique Speedrun,70,6,5,7,Overhead Press (Machine),3,9
Garou Physique Speedrun,70,6,5,7,Overhead Tricep Extension (Cable),2,11
Garou Physique Speedrun,70,6,5,7,V-Handle Tricep Pushdown (Cable),3,9
Garou Physique Speedrun,70,6,5,7,One Arm Lateral Raise (Cable),3,11
Garou Physique Speedrun,70,6,5,7,Lateral Raise (Dumbbell),1,14
Garou Physique Speedrun,70,6,6,8,Lat Pulldown (Neutral Grip),3,7
Garou Physique Speedrun,70,6,6,8,Seated Wide-Grip Row (Cable),3,11
Garou Physique Speedrun,70,6,6,8,Seated Row (Cable),2,10
Garou Physique Speedrun,70,6,6,8,Standing Pullover (Cable),1,14
Garou Physique Speedrun,70,6,6,8,Reverse Pec Deck,2,9
Garou Physique Speedrun,70,6,6,8,Preacher Curl (EZ Bar),1,9
Garou Physique Speedrun,70,6,6,8,Incline Curl (Dumbbell),2,7
Garou Physique Speedrun,70,6,6,8,Rear Delt Fly (Machine),2,9
12 Weeks Muscle Building Program,180,1,1,15,Bench Press (Barbell),3,10
12 Weeks Muscle Building Program,180,1,1,15,Incline Bench Press (Barbell),3,10
12 Weeks Muscle Building Program,180,1,1,15,Decline Bench Press (Barbell),3,8
12 Weeks Muscle Building Program,180,1,1,15,Pec Deck (Machine),3,6
12 Weeks Muscle Building Program,180,1,1,15,Face Pull,3,12
12 Weeks Muscle Building Program,180,1,1,15,Reverse Pec Deck,3,8
12 Weeks Muscle Building Program,180,1,1,15,Lying Rear Lateral Raise,3,8
12 Weeks Muscle Building Program,180,1,1,15,Lateral Raise (Machine),3,10
12 Weeks Muscle Building Program,180,1,1,15,Lateral Raise (Dumbbell),3,10
12 Weeks Muscle Building Program,180,1,1,15,Tricep Pushdown (Cable),3,18
12 Weeks Muscle Building Program,180,1,1,15,Skull Crusher,3,5
12 Weeks Muscle Building Program,180,1,1,15,Tricep Rope Push Down (Cable),3,9
12 Weeks Muscle Building Program,180,1,1,15,V-Handle Tricep Pushdown (Cable),3,10
12 Weeks Muscle Building Program,180,1,1,15,Tricep Extension (Cable),3,10
12 Weeks Muscle Building Program,180,1,1,15,Tricep Extension (Dumbbell),3,8
12 Weeks Muscle Building Program,180,1,2,3,Run,1,6
12 Weeks Muscle Building Program,180,1,2,3,Elliptical,1,12
12 Weeks Muscle Building Program,180,1,2,3,Cycling,1,12
12 Weeks Muscle Building Program,180,1,3,17,Deadlift (Paused),3,8
12 Weeks Muscle Building Program,180,1,3,17,Squat (Paused),3,10
12 Weeks Muscle Building Program,180,1,3,17,Leg Curl,3,10
12 Weeks Muscle Building Program,180,1,3,17,Belt Squat,3,18
12 Weeks Muscle Building Program,180,1,3,17,Pendulum Squat,3,10
12 Weeks Muscle Building Program,180,1,3,17,Good Morning,3,10
12 Weeks Muscle Building Program,180,1,3,17,Leg Press,3,10
12 Weeks Muscle Building Program,180,1,3,17,Hip Extension,3,10
12 Weeks Muscle Building Program,180,1,3,17,Standing Calf Raise,3,8
12 Weeks Muscle Building Program,180,1,3,17,Deadlift (Dumbbell),3,6
12 Weeks Muscle Building Program,180,1,3,17,Leg Extension,3,12
12 Weeks Muscle Building Program,180,1,3,17,Back Extension,3,8
12 Weeks Muscle Building Program,180,1,3,17,Bulgarian Split Squat (Dumbbell),3,8
12 Weeks Muscle Building Program,180,1,3,17,Seated Hamstring Curl,3,10
12 Weeks Muscle Building Program,180,1,3,17,Walking Lunge,3,10
12 Weeks Muscle Building Program,180,1,3,17,Glute-Ham Raise,3,18
12 Weeks Muscle Building Program,180,1,3,17,Seated Calf Raise,3,5
12 Weeks Muscle Building Program,180,1,5,17,Pull-Up (Band),3,10
12 Weeks Muscle Building Program,180,1,5,17,Chin-Up (Assisted),3,10
12 Weeks Muscle Building Program,180,1,5,17,Barbell Row,3,8
12 Weeks Muscle Building Program,180,1,5,17,Lat Pulldown,3,6
12 Weeks Muscle Building Program,180,1,5,17,Dumbbell Row,3,12
12 Weeks Muscle Building Program,180,1,5,17,Single Arm Iso Row,3,12
12 Weeks Muscle Building Program,180,1,5,17,Seated Row (Cable),3,8
12 Weeks Muscle Building Program,180,1,5,17,Single Arm Row (Dumbbell),3,10
12 Weeks Muscle Building Program,180,1,5,17,T-Bar Row,3,10
12 Weeks Muscle Building Program,180,1,5,17,Bicep Curl (Barbell),3,18
12 Weeks Muscle Building Program,180,1,5,17,Bicep Curl (Machine),3,10
12 Weeks Muscle Building Program,180,1,5,17,Bicep Curl (Cable),3,10
12 Weeks Muscle Building Program,180,1,5,17,Bicep Curl (Dumbbell),3,10
12 Weeks Muscle Building Program,180,1,5,17,Concentration Curl,3,10
12 Weeks Muscle Building Program,180,1,5,17,Reverse Wrist Curl (Barbell),3,8
12 Weeks Muscle Building Program,180,1,5,17,Wrist Curls,3,6
12 Weeks Muscle Building Program,180,1,5,17,Reverse Wrist Curl (Dumbbell),3,12
12 Weeks Muscle Building Program,180,1,6,3,Run,1,8
12 Weeks Muscle Building Program,180,1,6,3,Elliptical,1,8
12 Weeks Muscle Building Program,180,1,6,3,Cycling,1,10
12 Weeks Muscle Building Program,180,1,7,1,Swim,1,10
12 Weeks Muscle Building Program,180,2,1,15,Bench Press (Barbell),3,18
12 Weeks Muscle Building Program,180,2,1,15,Incline Bench Press (Barbell),3,5
12 Weeks Muscle Building Program,180,2,1,15,Decline Bench Press (Barbell),3,9
12 Weeks Muscle Building Program,180,2,1,15,Pec Deck (Machine),3,10
12 Weeks Muscle Building Program,180,2,1,15,Face Pull,3,10
12 Weeks Muscle Building Program,180,2,1,15,Reverse Pec Deck,3,8
12 Weeks Muscle Building Program,180,2,1,15,Lying Rear Lateral Raise,3,6
12 Weeks Muscle Building Program,180,2,1,15,Lateral Raise (Machine),3,12
12 Weeks Muscle Building Program,180,2,1,15,Lateral Raise (Dumbbell),3,12
12 Weeks Muscle Building Program,180,2,1,15,Tricep Pushdown (Cable),3,8
12 Weeks Muscle Building Program,180,2,1,15,Skull Crusher,3,10
12 Weeks Muscle Building Program,180,2,1,15,Tricep Rope Push Down (Cable),3,10
12 Weeks Muscle Building Program,180,2,1,15,V-Handle Tricep Pushdown (Cable),3,18
12 Weeks Muscle Building Program,180,2,1,15,Tricep Extension (Cable),3,10
12 Weeks Muscle Building Program,180,2,1,15,Tricep Extension (Dumbbell),3,10
12 Weeks Muscle Building Program,180,2,2,3,Run,1,10
12 Weeks Muscle Building Program,180,2,2,3,Elliptical,1,10
12 Weeks Muscle Building Program,180,2,2,3,Cycling,1,5
12 Weeks Muscle Building Program,180,2,3,17,Deadlift (Paused),3,5
12 Weeks Muscle Building Program,180,2,3,17,Squat (Paused),3,10
12 Weeks Muscle Building Program,180,2,3,17,Leg Curl,3,12
12 Weeks Muscle Building Program,180,2,3,17,Belt Squat,3,16
12 Weeks Muscle Building Program,180,2,3,17,Pendulum Squat,3,16
12 Weeks Muscle Building Program,180,2,3,17,Good Morning,3,16
12 Weeks Muscle Building Program,180,2,3,17,Leg Press,3,5
12 Weeks Muscle Building Program,180,2,3,17,Hip Extension,3,5
12 Weeks Muscle Building Program,180,2,3,17,Standing Calf Raise,3,16
12 Weeks Muscle Building Program,180,2,3,17,Deadlift (Dumbbell),3,16
12 Weeks Muscle Building Program,180,2,3,17,Leg Extension,3,16
12 Weeks Muscle Building Program,180,2,3,17,Back Extension,3,16
12 Weeks Muscle Building Program,180,2,3,17,Bulgarian Split Squat (Dumbbell),3,16
12 Weeks Muscle Building Program,180,2,3,17,Seated Hamstring Curl,3,4
12 Weeks Muscle Building Program,180,2,3,17,Walking Lunge,3,4
12 Weeks Muscle Building Program,180,2,3,17,Glute-Ham Raise,3,10
12 Weeks Muscle Building Program,180,2,3,17,Seated Calf Raise,3,12
12 Weeks Muscle Building Program,180,2,5,17,Pull-Up (Band),3,16
12 Weeks Muscle Building Program,180,2,5,17,Chin-Up (Assisted),3,16
12 Weeks Muscle Building Program,180,2,5,17,Barbell Row,3,4
12 Weeks Muscle Building Program,180,2,5,17,Lat Pulldown,3,4
12 Weeks Muscle Building Program,180,2,5,17,Dumbbell Row,3,16
12 Weeks Muscle Building Program,180,2,5,17,Single Arm Iso Row,3,16
12 Weeks Muscle Building Program,180,2,5,17,Seated Row (Cable),3,16
12 Weeks Muscle Building Program,180,2,5,17,Single Arm Row (Dumbbell),3,16
12 Weeks Muscle Building Program,180,2,5,17,T-Bar Row,3,16
12 Weeks Muscle Building Program,180,2,5,17,Bicep Curl (Barbell),3,3
12 Weeks Muscle Building Program,180,2,5,17,Bicep Curl (Machine),3,5
12 Weeks Muscle Building Program,180,2,5,17,Bicep Curl (Cable),3,10
12 Weeks Muscle Building Program,180,2,5,17,Bicep Curl (Dumbbell),3,12
12 Weeks Muscle Building Program,180,2,5,17,Concentration Curl,3,16
12 Weeks Muscle Building Program,180,2,5,17,Reverse Wrist Curl (Barbell),3,16
12 Weeks Muscle Building Program,180,2,5,17,Wrist Curls,3,16
12 Weeks Muscle Building Program,180,2,5,17,Reverse Wrist Curl (Dumbbell),3,3
12 Weeks Muscle Building Program,180,2,6,3,Run,1,3
12 Weeks Muscle Building Program,180,2,6,3,Elliptical,1,16
12 Weeks Muscle Building Program,180,2,6,3,Cycling,1,16
12 Weeks Muscle Building Program,180,2,7,1,Swim,1,16
12 Weeks Muscle Building Program,180,3,1,15,Bench Press (Barbell),3,16
12 Weeks Muscle Building Program,180,3,1,15,Incline Bench Press (Barbell),3,16
12 Weeks Muscle Building Program,180,3,1,15,Decline Bench Press (Barbell),3,5
12 Weeks Muscle Building Program,180,3,1,15,Pec Deck (Machine),3,5
12 Weeks Muscle Building Program,180,3,1,15,Face Pull,3,10
12 Weeks Muscle Building Program,180,3,1,15,Reverse Pec Deck,3,12
12 Weeks Muscle Building Program,180,3,1,15,Lying Rear Lateral Raise,3,16
12 Weeks Muscle Building Program,180,3,1,15,Lateral Raise (Machine),3,16
12 Weeks Muscle Building Program,180,3,1,15,Lateral Raise (Dumbbell),3,16
12 Weeks Muscle Building Program,180,3,1,15,Tricep Pushdown (Cable),3,5
12 Weeks Muscle Building Program,180,3,1,15,Skull Crusher,3,5
12 Weeks Muscle Building Program,180,3,1,15,Tricep Rope Push Down (Cable),3,16
12 Weeks Muscle Building Program,180,3,1,15,V-Handle Tricep Pushdown (Cable),3,16
12 Weeks Muscle Building Program,180,3,1,15,Tricep Extension (Cable),3,16
12 Weeks Muscle Building Program,180,3,1,15,Tricep Extension (Dumbbell),3,16
12 Weeks Muscle Building Program,180,3,2,3,Run,1,16
12 Weeks Muscle Building Program,180,3,2,3,Elliptical,1,4
12 Weeks Muscle Building Program,180,3,2,3,Cycling,1,4
12 Weeks Muscle Building Program,180,3,3,17,Deadlift (Paused),3,10
12 Weeks Muscle Building Program,180,3,3,17,Squat (Paused),3,12
12 Weeks Muscle Building Program,180,3,3,17,Leg Curl,3,16
12 Weeks Muscle Building Program,180,3,3,17,Belt Squat,3,16
12 Weeks Muscle Building Program,180,3,3,17,Pendulum Squat,3,16
12 Weeks Muscle Building Program,180,3,3,17,Good Morning,3,4
12 Weeks Muscle Building Program,180,3,3,17,Leg Press,3,4
12 Weeks Muscle Building Program,180,3,3,17,Hip Extension,3,16
12 Weeks Muscle Building Program,180,3,3,17,Standing Calf Raise,3,16
12 Weeks Muscle Building Program,180,3,3,17,Deadlift (Dumbbell),3,16
12 Weeks Muscle Building Program,180,3,3,17,Leg Extension,3,16
12 Weeks Muscle Building Program,180,3,3,17,Back Extension,3,16
12 Weeks Muscle Building Program,180,3,3,17,Bulgarian Split Squat (Dumbbell),3,3
12 Weeks Muscle Building Program,180,3,3,17,Seated Hamstring Curl,3,3
12 Weeks Muscle Building Program,180,3,3,17,Walking Lunge,3,10
12 Weeks Muscle Building Program,180,3,3,17,Glute-Ham Raise,3,12
12 Weeks Muscle Building Program,180,3,3,17,Seated Calf Raise,3,16
12 Weeks Muscle Building Program,180,3,5,17,Pull-Up (Band),3,16
12 Weeks Muscle Building Program,180,3,5,17,Chin-Up (Assisted),3,3
12 Weeks Muscle Building Program,180,3,5,17,Barbell Row,3,3
12 Weeks Muscle Building Program,180,3,5,17,Lat Pulldown,3,16
12 Weeks Muscle Building Program,180,3,5,17,Dumbbell Row,3,16
12 Weeks Muscle Building Program,180,3,5,17,Single Arm Iso Row,3,16
12 Weeks Muscle Building Program,180,3,5,17,Seated Row (Cable),3,16
12 Weeks Muscle Building Program,180,3,5,17,Single Arm Row (Dumbbell),3,16
12 Weeks Muscle Building Program,180,3,5,17,T-Bar Row,3,5
12 Weeks Muscle Building Program,180,3,5,17,Bicep Curl (Barbell),3,9
12 Weeks Muscle Building Program,180,3,5,17,Bicep Curl (Machine),3,11
12 Weeks Muscle Building Program,180,3,5,17,Bicep Curl (Cable),3,7
12 Weeks Muscle Building Program,180,3,5,17,Bicep Curl (Dumbbell),3,11
12 Weeks Muscle Building Program,180,3,5,17,Concentration Curl,3,60
12 Weeks Muscle Building Program,180,3,5,17,Reverse Wrist Curl (Barbell),3,1800
12 Weeks Muscle Building Program,180,3,5,17,Wrist Curls,3,7
12 Weeks Muscle Building Program,180,3,5,17,Reverse Wrist Curl (Dumbbell),3,7
12 Weeks Muscle Building Program,180,3,6,3,Run,1,11
12 Weeks Muscle Building Program,180,3,6,3,Elliptical,1,7
12 Weeks Muscle Building Program,180,3,6,3,Cycling,1,7
12 Weeks Muscle Building Program,180,3,7,1,Swim,1,7
12 Weeks Muscle Building Program,180,4,1,15,Bench Press (Barbell),3,120
12 Weeks Muscle Building Program,180,4,1,15,Incline Bench Press (Barbell),3,1800
12 Weeks Muscle Building Program,180,4,1,15,Decline Bench Press (Barbell),3,7
12 Weeks Muscle Building Program,180,4,1,15,Pec Deck (Machine),3,7
12 Weeks Muscle Building Program,180,4,1,15,Face Pull,3,7
12 Weeks Muscle Building Program,180,4,1,15,Reverse Pec Deck,3,11
12 Weeks Muscle Building Program,180,4,1,15,Lying Rear Lateral Raise,3,7
12 Weeks Muscle Building Program,180,4,1,15,Lateral Raise (Machine),3,9
12 Weeks Muscle Building Program,180,4,1,15,Lateral Raise (Dumbbell),3,7
12 Weeks Muscle Building Program,180,4,1,15,Tricep Pushdown (Cable),3,7
12 Weeks Muscle Building Program,180,4,1,15,Skull Crusher,3,9
12 Weeks Muscle Building Program,180,4,1,15,Tricep Rope Push Down (Cable),3,7
12 Weeks Muscle Building Program,180,4,1,15,V-Handle Tricep Pushdown (Cable),3,7
12 Weeks Muscle Building Program,180,4,1,15,Tricep Extension (Cable),3,11
12 Weeks Muscle Building Program,180,4,1,15,Tricep Extension (Dumbbell),3,11
12 Weeks Muscle Building Program,180,4,2,3,Run,1,1800
12 Weeks Muscle Building Program,180,4,2,3,Elliptical,1,60
12 Weeks Muscle Building Program,180,4,2,3,Cycling,1,300
12 Weeks Muscle Building Program,180,4,3,17,Deadlift (Paused),3,1800
12 Weeks Muscle Building Program,180,4,3,17,Squat (Paused),3,1800
12 Weeks Muscle Building Program,180,4,3,17,Leg Curl,3,5
12 Weeks Muscle Building Program,180,4,3,17,Belt Squat,3,9
12 Weeks Muscle Building Program,180,4,3,17,Pendulum Squat,3,11
12 Weeks Muscle Building Program,180,4,3,17,Good Morning,3,7
12 Weeks Muscle Building Program,180,4,3,17,Leg Press,3,11
12 Weeks Muscle Building Program,180,4,3,17,Hip Extension,3,60
12 Weeks Muscle Building Program,180,4,3,17,Standing Calf Raise,3,1800
12 Weeks Muscle Building Program,180,4,3,17,Deadlift (Dumbbell),3,7
12 Weeks Muscle Building Program,180,4,3,17,Leg Extension,3,7
12 Weeks Muscle Building Program,180,4,3,17,Back Extension,3,11
12 Weeks Muscle Building Program,180,4,3,17,Bulgarian Split Squat (Dumbbell),3,7
12 Weeks Muscle Building Program,180,4,3,17,Seated Hamstring Curl,3,7
12 Weeks Muscle Building Program,180,4,3,17,Walking Lunge,3,7
12 Weeks Muscle Building Program,180,4,3,17,Glute-Ham Raise,3,120
12 Weeks Muscle Building Program,180,4,3,17,Seated Calf Raise,3,1800
12 Weeks Muscle Building Program,180,4,5,17,Pull-Up (Band),3,7
12 Weeks Muscle Building Program,180,4,5,17,Chin-Up (Assisted),3,7
12 Weeks Muscle Building Program,180,4,5,17,Barbell Row,3,11
12 Weeks Muscle Building Program,180,4,5,17,Lat Pulldown,3,7
12 Weeks Muscle Building Program,180,4,5,17,Dumbbell Row,3,9
12 Weeks Muscle Building Program,180,4,5,17,Single Arm Iso Row,3,7
12 Weeks Muscle Building Program,180,4,5,17,Seated Row (Cable),3,7
12 Weeks Muscle Building Program,180,4,5,17,Single Arm Row (Dumbbell),3,9
12 Weeks Muscle Building Program,180,4,5,17,T-Bar Row,3,7
12 Weeks Muscle Building Program,180,4,5,17,Bicep Curl (Barbell),3,7
12 Weeks Muscle Building Program,180,4,5,17,Bicep Curl (Machine),3,11
12 Weeks Muscle Building Program,180,4,5,17,Bicep Curl (Cable),3,11
12 Weeks Muscle Building Program,180,4,5,17,Bicep Curl (Dumbbell),3,1800
12 Weeks Muscle Building Program,180,4,5,17,Concentration Curl,3,60
12 Weeks Muscle Building Program,180,4,5,17,Reverse Wrist Curl (Barbell),3,300
12 Weeks Muscle Building Program,180,4,5,17,Wrist Curls,3,1800
12 Weeks Muscle Building Program,180,4,5,17,Reverse Wrist Curl (Dumbbell),3,1800
12 Weeks Muscle Building Program,180,4,6,3,Run,1,5
12 Weeks Muscle Building Program,180,4,6,3,Elliptical,1,9
12 Weeks Muscle Building Program,180,4,6,3,Cycling,1,11
12 Weeks Muscle Building Program,180,4,7,1,Swim,1,7
12 Weeks Muscle Building Program,180,5,1,15,Bench Press (Barbell),3,11
12 Weeks Muscle Building Program,180,5,1,15,Incline Bench Press (Barbell),3,60
12 Weeks Muscle Building Program,180,5,1,15,Decline Bench Press (Barbell),3,1800
12 Weeks Muscle Building Program,180,5,1,15,Pec Deck (Machine),3,7
12 Weeks Muscle Building Program,180,5,1,15,Face Pull,3,7
12 Weeks Muscle Building Program,180,5,1,15,Reverse Pec Deck,3,11
12 Weeks Muscle Building Program,180,5,1,15,Lying Rear Lateral Raise,3,7
12 Weeks Muscle Building Program,180,5,1,15,Lateral Raise (Machine),3,7
12 Weeks Muscle Building Program,180,5,1,15,Lateral Raise (Dumbbell),3,7
12 Weeks Muscle Building Program,180,5,1,15,Tricep Pushdown (Cable),3,120
12 Weeks Muscle Building Program,180,5,1,15,Skull Crusher,3,1800
12 Weeks Muscle Building Program,180,5,1,15,Tricep Rope Push Down (Cable),3,7
12 Weeks Muscle Building Program,180,5,1,15,V-Handle Tricep Pushdown (Cable),3,7
12 Weeks Muscle Building Program,180,5,1,15,Tricep Extension (Cable),3,7
12 Weeks Muscle Building Program,180,5,1,15,Tricep Extension (Dumbbell),3,11
12 Weeks Muscle Building Program,180,5,2,3,Run,1,7
12 Weeks Muscle Building Program,180,5,2,3,Elliptical,1,9
12 Weeks Muscle Building Program,180,5,2,3,Cycling,1,7
12 Weeks Muscle Building Program,180,5,3,17,Deadlift (Paused),3,7
12 Weeks Muscle Building Program,180,5,3,17,Squat (Paused),3,9
12 Weeks Muscle Building Program,180,5,3,17,Leg Curl,3,7
12 Weeks Muscle Building Program,180,5,3,17,Belt Squat,3,7
12 Weeks Muscle Building Program,180,5,3,17,Pendulum Squat,3,11
12 Weeks Muscle Building Program,180,5,3,17,Good Morning,3,11
12 Weeks Muscle Building Program,180,5,3,17,Leg Press,3,1800
12 Weeks Muscle Building Program,180,5,3,17,Hip Extension,3,60
12 Weeks Muscle Building Program,180,5,3,17,Standing Calf Raise,3,300
12 Weeks Muscle Building Program,180,5,3,17,Deadlift (Dumbbell),3,1800
12 Weeks Muscle Building Program,180,5,3,17,Leg Extension,3,1800
12 Weeks Muscle Building Program,180,5,3,17,Back Extension,3,5
12 Weeks Muscle Building Program,180,5,3,17,Bulgarian Split Squat (Dumbbell),3,9
12 Weeks Muscle Building Program,180,5,3,17,Seated Hamstring Curl,3,11
12 Weeks Muscle Building Program,180,5,3,17,Walking Lunge,3,7
12 Weeks Muscle Building Program,180,5,3,17,Glute-Ham Raise,3,11
12 Weeks Muscle Building Program,180,5,3,17,Seated Calf Raise,3,60
12 Weeks Muscle Building Program,180,5,5,17,Pull-Up (Band),3,7
12 Weeks Muscle Building Program,180,5,5,17,Chin-Up (Assisted),3,7
12 Weeks Muscle Building Program,180,5,5,17,Barbell Row,3,11
12 Weeks Muscle Building Program,180,5,5,17,Lat Pulldown,3,7
12 Weeks Muscle Building Program,180,5,5,17,Dumbbell Row,3,7
12 Weeks Muscle Building Program,180,5,5,17,Single Arm Iso Row,3,7
12 Weeks Muscle Building Program,180,5,5,17,Seated Row (Cable),3,120
12 Weeks Muscle Building Program,180,5,5,17,Single Arm Row (Dumbbell),3,1800
12 Weeks Muscle Building Program,180,5,5,17,T-Bar Row,3,7
12 Weeks Muscle Building Program,180,5,5,17,Bicep Curl (Barbell),3,7
12 Weeks Muscle Building Program,180,5,5,17,Bicep Curl (Machine),3,7
12 Weeks Muscle Building Program,180,5,5,17,Bicep Curl (Cable),3,11
12 Weeks Muscle Building Program,180,5,5,17,Bicep Curl (Dumbbell),3,7
12 Weeks Muscle Building Program,180,5,5,17,Concentration Curl,3,9
12 Weeks Muscle Building Program,180,5,5,17,Reverse Wrist Curl (Barbell),3,7
12 Weeks Muscle Building Program,180,5,5,17,Wrist Curls,3,7
12 Weeks Muscle Building Program,180,5,5,17,Reverse Wrist Curl (Dumbbell),3,9
12 Weeks Muscle Building Program,180,5,6,3,Run,1,7
12 Weeks Muscle Building Program,180,5,6,3,Elliptical,1,7
12 Weeks Muscle Building Program,180,5,6,3,Cycling,1,11
12 Weeks Muscle Building Program,180,5,7,1,Swim,1,11
12 Weeks Muscle Building Program,180,6,1,15,Bench Press (Barbell),3,1800
12 Weeks Muscle Building Program,180,6,1,15,Incline Bench Press (Barbell),3,60
12 Weeks Muscle Building Program,180,6,1,15,Decline Bench Press (Barbell),3,300
12 Weeks Muscle Building Program,180,6,1,15,Pec Deck (Machine),3,1800
12 Weeks Muscle Building Program,180,6,1,15,Face Pull,3,1800
12 Weeks Muscle Building Program,180,6,1,15,Reverse Pec Deck,3,5
12 Weeks Muscle Building Program,180,6,1,15,Lying Rear Lateral Raise,3,9
12 Weeks Muscle Building Program,180,6,1,15,Lateral Raise (Machine),3,11
12 Weeks Muscle Building Program,180,6,1,15,Lateral Raise (Dumbbell),3,7
12 Weeks Muscle Building Program,180,6,1,15,Tricep Pushdown (Cable),3,11
12 Weeks Muscle Building Program,180,6,1,15,Skull Crusher,3,60
12 Weeks Muscle Building Program,180,6,1,15,Tricep Rope Push Down (Cable),3,1800
12 Weeks Muscle Building Program,180,6,1,15,V-Handle Tricep Pushdown (Cable),3,7
12 Weeks Muscle Building Program,180,6,1,15,Tricep Extension (Cable),3,7
12 Weeks Muscle Building Program,180,6,1,15,Tricep Extension (Dumbbell),3,11
12 Weeks Muscle Building Program,180,6,2,3,Run,1,7
12 Weeks Muscle Building Program,180,6,2,3,Elliptical,1,7
12 Weeks Muscle Building Program,180,6,2,3,Cycling,1,7
12 Weeks Muscle Building Program,180,6,3,17,Deadlift (Paused),3,120
12 Weeks Muscle Building Program,180,6,3,17,Squat (Paused),3,1800
12 Weeks Muscle Building Program,180,6,3,17,Leg Curl,3,7
12 Weeks Muscle Building Program,180,6,3,17,Belt Squat,3,7
12 Weeks Muscle Building Program,180,6,3,17,Pendulum Squat,3,7
12 Weeks Muscle Building Program,180,6,3,17,Good Morning,3,11
12 Weeks Muscle Building Program,180,6,3,17,Leg Press,3,7
12 Weeks Muscle Building Program,180,6,3,17,Hip Extension,3,9
12 Weeks Muscle Building Program,180,6,3,17,Standing Calf Raise,3,7
12 Weeks Muscle Building Program,180,6,3,17,Deadlift (Dumbbell),3,7
12 Weeks Muscle Building Program,180,6,3,17,Leg Extension,3,9
12 Weeks Muscle Building Program,180,6,3,17,Back Extension,3,7
12 Weeks Muscle Building Program,180,6,3,17,Bulgarian Split Squat (Dumbbell),3,7
12 Weeks Muscle Building Program,180,6,3,17,Seated Hamstring Curl,3,11
12 Weeks Muscle Building Program,180,6,3,17,Walking Lunge,3,11
12 Weeks Muscle Building Program,180,6,3,17,Glute-Ham Raise,3,1800
12 Weeks Muscle Building Program,180,6,3,17,Seated Calf Raise,3,60
12 Weeks Muscle Building Program,180,6,5,17,Pull-Up (Band),3,1800
12 Weeks Muscle Building Program,180,6,5,17,Chin-Up (Assisted),3,1800
12 Weeks Muscle Building Program,180,6,5,17,Barbell Row,3,5
12 Weeks Muscle Building Program,180,6,5,17,Lat Pulldown,3,9
12 Weeks Muscle Building Program,180,6,5,17,Dumbbell Row,3,11
12 Weeks Muscle Building Program,180,6,5,17,Single Arm Iso Row,3,7
12 Weeks Muscle Building Program,180,6,5,17,Seated Row (Cable),3,11
12 Weeks Muscle Building Program,180,6,5,17,Single Arm Row (Dumbbell),3,60
12 Weeks Muscle Building Program,180,6,5,17,T-Bar Row,3,1800
12 Weeks Muscle Building Program,180,6,5,17,Bicep Curl (Barbell),3,7
12 Weeks Muscle Building Program,180,6,5,17,Bicep Curl (Machine),3,7
12 Weeks Muscle Building Program,180,6,5,17,Bicep Curl (Cable),3,11
12 Weeks Muscle Building Program,180,6,5,17,Bicep Curl (Dumbbell),3,7
12 Weeks Muscle Building Program,180,6,5,17,Concentration Curl,3,7
12 Weeks Muscle Building Program,180,6,5,17,Reverse Wrist Curl (Barbell),3,7
12 Weeks Muscle Building Program,180,6,5,17,Wrist Curls,3,120
12 Weeks Muscle Building Program,180,6,5,17,Reverse Wrist Curl (Dumbbell),3,1800
12 Weeks Muscle Building Program,180,6,6,3,Run,1,7
12 Weeks Muscle Building Program,180,6,6,3,Elliptical,1,7
12 Weeks Muscle Building Program,180,6,6,3,Cycling,1,7
12 Weeks Muscle Building Program,180,6,7,1,Swim,1,11
12 Weeks Muscle Building Program,180,7,1,15,Bench Press (Barbell),3,7
12 Weeks Muscle Building Program,180,7,1,15,Incline Bench Press (Barbell),3,9
12 Weeks Muscle Building Program,180,7,1,15,Decline Bench Press (Barbell),3,7
12 Weeks Muscle Building Program,180,7,1,15,Pec Deck (Machine),3,7
12 Weeks Muscle Building Program,180,7,1,15,Face Pull,3,9
12 Weeks Muscle Building Program,180,7,1,15,Reverse Pec Deck,3,7
12 Weeks Muscle Building Program,180,7,1,15,Lying Rear Lateral Raise,3,7
12 Weeks Muscle Building Program,180,7,1,15,Lateral Raise (Machine),3,11
12 Weeks Muscle Building Program,180,7,1,15,Lateral Raise (Dumbbell),3,11
12 Weeks Muscle Building Program,180,7,1,15,Tricep Pushdown (Cable),3,1800
12 Weeks Muscle Building Program,180,7,1,15,Skull Crusher,3,60
12 Weeks Muscle Building Program,180,7,1,15,Tricep Rope Push Down (Cable),3,300
12 Weeks Muscle Building Program,180,7,1,15,V-Handle Tricep Pushdown (Cable),3,1800
12 Weeks Muscle Building Program,180,7,1,15,Tricep Extension (Cable),3,1800
12 Weeks Muscle Building Program,180,7,1,15,Tricep Extension (Dumbbell),3,5
12 Weeks Muscle Building Program,180,7,2,3,Run,1,9
12 Weeks Muscle Building Program,180,7,2,3,Elliptical,1,11
12 Weeks Muscle Building Program,180,7,2,3,Cycling,1,7
12 Weeks Muscle Building Program,180,7,3,17,Deadlift (Paused),3,11
12 Weeks Muscle Building Program,180,7,3,17,Squat (Paused),3,60
12 Weeks Muscle Building Program,180,7,3,17,Leg Curl,3,1800
12 Weeks Muscle Building Program,180,7,3,17,Belt Squat,3,7
12 Weeks Muscle Building Program,180,7,3,17,Pendulum Squat,3,7
12 Weeks Muscle Building Program,180,7,3,17,Good Morning,3,11
12 Weeks Muscle Building Program,180,7,3,17,Leg Press,3,7
12 Weeks Muscle Building Program,180,7,3,17,Hip Extension,3,7
12 Weeks Muscle Building Program,180,7,3,17,Standing Calf Raise,3,7
12 Weeks Muscle Building Program,180,7,3,17,Deadlift (Dumbbell),3,120
12 Weeks Muscle Building Program,180,7,3,17,Leg Extension,3,1800
12 Weeks Muscle Building Program,180,7,3,17,Back Extension,3,7
12 Weeks Muscle Building Program,180,7,3,17,Bulgarian Split Squat (Dumbbell),3,7
12 Weeks Muscle Building Program,180,7,3,17,Seated Hamstring Curl,3,7
12 Weeks Muscle Building Program,180,7,3,17,Walking Lunge,3,11
12 Weeks Muscle Building Program,180,7,3,17,Glute-Ham Raise,3,7
12 Weeks Muscle Building Program,180,7,3,17,Seated Calf Raise,3,9
12 Weeks Muscle Building Program,180,7,5,17,Pull-Up (Band),3,7
12 Weeks Muscle Building Program,180,7,5,17,Chin-Up (Assisted),3,9
12 Weeks Muscle Building Program,180,7,5,17,Barbell Row,3,7
12 Weeks Muscle Building Program,180,7,5,17,Lat Pulldown,3,7
12 Weeks Muscle Building Program,180,7,5,17,Dumbbell Row,3,11
12 Weeks Muscle Building Program,180,7,5,17,Single Arm Iso Row,3,11
12 Weeks Muscle Building Program,180,7,5,17,Seated Row (Cable),3,1800
12 Weeks Muscle Building Program,180,7,5,17,Single Arm Row (Dumbbell),3,60
12 Weeks Muscle Building Program,180,7,5,17,T-Bar Row,3,300
12 Weeks Muscle Building Program,180,7,5,17,Bicep Curl (Barbell),3,1800
12 Weeks Muscle Building Program,180,7,5,17,Bicep Curl (Machine),3,1800
12 Weeks Muscle Building Program,180,7,5,17,Bicep Curl (Cable),3,5
12 Weeks Muscle Building Program,180,7,5,17,Bicep Curl (Dumbbell),3,9
12 Weeks Muscle Building Program,180,7,5,17,Concentration Curl,3,11
12 Weeks Muscle Building Program,180,7,5,17,Reverse Wrist Curl (Barbell),3,7
12 Weeks Muscle Building Program,180,7,5,17,Wrist Curls,3,11
12 Weeks Muscle Building Program,180,7,5,17,Reverse Wrist Curl (Dumbbell),3,60
12 Weeks Muscle Building Program,180,7,6,3,Run,1,1800
12 Weeks Muscle Building Program,180,7,6,3,Elliptical,1,7
12 Weeks Muscle Building Program,180,7,6,3,Cycling,1,7
12 Weeks Muscle Building Program,180,7,7,1,Swim,1,11
12 Weeks Muscle Building Program,180,8,1,15,Bench Press (Barbell),3,7
12 Weeks Muscle Building Program,180,8,1,15,Incline Bench Press (Barbell),3,7
12 Weeks Muscle Building Program,180,8,1,15,Decline Bench Press (Barbell),3,7
12 Weeks Muscle Building Program,180,8,1,15,Pec Deck (Machine),3,120
12 Weeks Muscle Building Program,180,8,1,15,Face Pull,3,1800
12 Weeks Muscle Building Program,180,8,1,15,Reverse Pec Deck,3,7
12 Weeks Muscle Building Program,180,8,1,15,Lying Rear Lateral Raise,3,7
12 Weeks Muscle Building Program,180,8,1,15,Lateral Raise (Machine),3,7
12 Weeks Muscle Building Program,180,8,1,15,Lateral Raise (Dumbbell),3,11
12 Weeks Muscle Building Program,180,8,1,15,Tricep Pushdown (Cable),3,7
12 Weeks Muscle Building Program,180,8,1,15,Skull Crusher,3,9
12 Weeks Muscle Building Program,180,8,1,15,Tricep Rope Push Down (Cable),3,7
12 Weeks Muscle Building Program,180,8,1,15,V-Handle Tricep Pushdown (Cable),3,7
12 Weeks Muscle Building Program,180,8,1,15,Tricep Extension (Cable),3,9
12 Weeks Muscle Building Program,180,8,1,15,Tricep Extension (Dumbbell),3,7
12 Weeks Muscle Building Program,180,8,2,3,Run,1,7
12 Weeks Muscle Building Program,180,8,2,3,Elliptical,1,11
12 Weeks Muscle Building Program,180,8,2,3,Cycling,1,11
12 Weeks Muscle Building Program,180,8,3,17,Deadlift (Paused),3,1800
12 Weeks Muscle Building Program,180,8,3,17,Squat (Paused),3,60
12 Weeks Muscle Building Program,180,8,3,17,Leg Curl,3,300
12 Weeks Muscle Building Program,180,8,3,17,Belt Squat,3,1800
12 Weeks Muscle Building Program,180,8,3,17,Pendulum Squat,3,1800
12 Weeks Muscle Building Program,180,8,3,17,Good Morning,3,2
12 Weeks Muscle Building Program,180,8,3,17,Leg Press,3,9
12 Weeks Muscle Building Program,180,8,3,17,Hip Extension,3,9
12 Weeks Muscle Building Program,180,8,3,17,Standing Calf Raise,3,10
12 Weeks Muscle Building Program,180,8,3,17,Deadlift (Dumbbell),3,2
12 Weeks Muscle Building Program,180,8,3,17,Leg Extension,3,9
12 Weeks Muscle Building Program,180,8,3,17,Back Extension,3,10
12 Weeks Muscle Building Program,180,8,3,17,Bulgarian Split Squat (Dumbbell),3,1
12 Weeks Muscle Building Program,180,8,3,17,Seated Hamstring Curl,3,1
12 Weeks Muscle Building Program,180,8,3,17,Walking Lunge,3,8
12 Weeks Muscle Building Program,180,8,3,17,Glute-Ham Raise,3,6
12 Weeks Muscle Building Program,180,8,3,17,Seated Calf Raise,3,1
12 Weeks Muscle Building Program,180,8,5,17,Pull-Up (Band),3,10
12 Weeks Muscle Building Program,180,8,5,17,Chin-Up (Assisted),3,3
12 Weeks Muscle Building Program,180,8,5,17,Barbell Row,3,9
12 Weeks Muscle Building Program,180,8,5,17,Lat Pulldown,3,9
12 Weeks Muscle Building Program,180,8,5,17,Dumbbell Row,3,10
12 Weeks Muscle Building Program,180,8,5,17,Single Arm Iso Row,3,3
12 Weeks Muscle Building Program,180,8,5,17,Seated Row (Cable),3,9
12 Weeks Muscle Building Program,180,8,5,17,Single Arm Row (Dumbbell),3,10
12 Weeks Muscle Building Program,180,8,5,17,T-Bar Row,3,1
12 Weeks Muscle Building Program,180,8,5,17,Bicep Curl (Barbell),3,1
12 Weeks Muscle Building Program,180,8,5,17,Bicep Curl (Machine),3,8
12 Weeks Muscle Building Program,180,8,5,17,Bicep Curl (Cable),3,6
12 Weeks Muscle Building Program,180,8,5,17,Bicep Curl (Dumbbell),3,1
12 Weeks Muscle Building Program,180,8,5,17,Concentration Curl,3,9
12 Weeks Muscle Building Program,180,8,5,17,Reverse Wrist Curl (Barbell),3,10
12 Weeks Muscle Building Program,180,8,5,17,Wrist Curls,3,4
12 Weeks Muscle Building Program,180,8,5,17,Reverse Wrist Curl (Dumbbell),3,9
12 Weeks Muscle Building Program,180,8,6,3,Run,1,9
12 Weeks Muscle Building Program,180,8,6,3,Elliptical,1,10
12 Weeks Muscle Building Program,180,8,6,3,Cycling,1,4
12 Weeks Muscle Building Program,180,8,7,1,Swim,1,9
12 Weeks Muscle Building Program,180,9,1,15,Bench Press (Barbell),3,10
12 Weeks Muscle Building Program,180,9,1,15,Incline Bench Press (Barbell),3,1
12 Weeks Muscle Building Program,180,9,1,15,Decline Bench Press (Barbell),3,1
12 Weeks Muscle Building Program,180,9,1,15,Pec Deck (Machine),3,8
12 Weeks Muscle Building Program,180,9,1,15,Face Pull,3,6
12 Weeks Muscle Building Program,180,9,1,15,Reverse Pec Deck,3,1
12 Weeks Muscle Building Program,180,9,1,15,Lying Rear Lateral Raise,3,9
12 Weeks Muscle Building Program,180,9,1,15,Lateral Raise (Machine),3,10
12 Weeks Muscle Building Program,180,9,1,15,Lateral Raise (Dumbbell),3,3
12 Weeks Muscle Building Program,180,9,1,15,Tricep Pushdown (Cable),3,6
12 Weeks Muscle Building Program,180,9,1,15,Skull Crusher,3,8
12 Weeks Muscle Building Program,180,9,1,15,Tricep Rope Push Down (Cable),3,12
12 Weeks Muscle Building Program,180,9,1,15,V-Handle Tricep Pushdown (Cable),3,12
12 Weeks Muscle Building Program,180,9,1,15,Tricep Extension (Cable),3,8
12 Weeks Muscle Building Program,180,9,1,15,Tricep Extension (Dumbbell),3,3
12 Weeks Muscle Building Program,180,9,2,3,Run,1,8
12 Weeks Muscle Building Program,180,9,2,3,Elliptical,1,8
12 Weeks Muscle Building Program,180,9,2,3,Cycling,1,12
12 Weeks Muscle Building Program,180,9,3,17,Deadlift (Paused),3,10
12 Weeks Muscle Building Program,180,9,3,17,Squat (Paused),3,8
12 Weeks Muscle Building Program,180,9,3,17,Leg Curl,3,2
12 Weeks Muscle Building Program,180,9,3,17,Belt Squat,3,8
12 Weeks Muscle Building Program,180,9,3,17,Pendulum Squat,3,9
12 Weeks Muscle Building Program,180,9,3,17,Good Morning,3,10
12 Weeks Muscle Building Program,180,9,3,17,Leg Press,3,3
12 Weeks Muscle Building Program,180,9,3,17,Hip Extension,3,6
12 Weeks Muscle Building Program,180,9,3,17,Standing Calf Raise,3,8
12 Weeks Muscle Building Program,180,9,3,17,Deadlift (Dumbbell),3,12
12 Weeks Muscle Building Program,180,9,3,17,Leg Extension,3,10
12 Weeks Muscle Building Program,180,9,3,17,Back Extension,3,6
12 Weeks Muscle Building Program,180,9,3,17,Bulgarian Split Squat (Dumbbell),3,6
12 Weeks Muscle Building Program,180,9,3,17,Seated Hamstring Curl,3,9
12 Weeks Muscle Building Program,180,9,3,17,Walking Lunge,3,12
12 Weeks Muscle Building Program,180,9,3,17,Glute-Ham Raise,3,12
12 Weeks Muscle Building Program,180,9,3,17,Seated Calf Raise,3,3
12 Weeks Muscle Building Program,180,9,5,17,Pull-Up (Band),3,8
12 Weeks Muscle Building Program,180,9,5,17,Chin-Up (Assisted),3,12
12 Weeks Muscle Building Program,180,9,5,17,Barbell Row,3,12
12 Weeks Muscle Building Program,180,9,5,17,Lat Pulldown,3,8
12 Weeks Muscle Building Program,180,9,5,17,Dumbbell Row,3,3
12 Weeks Muscle Building Program,180,9,5,17,Single Arm Iso Row,3,8
12 Weeks Muscle Building Program,180,9,5,17,Seated Row (Cable),3,8
12 Weeks Muscle Building Program,180,9,5,17,Single Arm Row (Dumbbell),3,12
12 Weeks Muscle Building Program,180,9,5,17,T-Bar Row,3,10
12 Weeks Muscle Building Program,180,9,5,17,Bicep Curl (Barbell),3,8
12 Weeks Muscle Building Program,180,9,5,17,Bicep Curl (Machine),3,2
12 Weeks Muscle Building Program,180,9,5,17,Bicep Curl (Cable),3,9
12 Weeks Muscle Building Program,180,9,5,17,Bicep Curl (Dumbbell),3,8
12 Weeks Muscle Building Program,180,9,5,17,Concentration Curl,3,10
12 Weeks Muscle Building Program,180,9,5,17,Reverse Wrist Curl (Barbell),3,3
12 Weeks Muscle Building Program,180,9,5,17,Wrist Curls,3,6
12 Weeks Muscle Building Program,180,9,5,17,Reverse Wrist Curl (Dumbbell),3,8
12 Weeks Muscle Building Program,180,9,6,3,Run,1,12
12 Weeks Muscle Building Program,180,9,6,3,Elliptical,1,10
12 Weeks Muscle Building Program,180,9,6,3,Cycling,1,6
12 Weeks Muscle Building Program,180,9,7,1,Swim,1,6
12 Weeks Muscle Building Program,180,10,1,15,Bench Press (Barbell),3,9
12 Weeks Muscle Building Program,180,10,1,15,Incline Bench Press (Barbell),3,12
12 Weeks Muscle Building Program,180,10,1,15,Decline Bench Press (Barbell),3,12
12 Weeks Muscle Building Program,180,10,1,15,Pec Deck (Machine),3,3
12 Weeks Muscle Building Program,180,10,1,15,Face Pull,3,6
12 Weeks Muscle Building Program,180,10,1,15,Reverse Pec Deck,3,8
12 Weeks Muscle Building Program,180,10,1,15,Lying Rear Lateral Raise,3,12
12 Weeks Muscle Building Program,180,10,1,15,Lateral Raise (Machine),3,12
12 Weeks Muscle Building Program,180,10,1,15,Lateral Raise (Dumbbell),3,8
12 Weeks Muscle Building Program,180,10,1,15,Tricep Pushdown (Cable),3,3
12 Weeks Muscle Building Program,180,10,1,15,Skull Crusher,3,8
12 Weeks Muscle Building Program,180,10,1,15,Tricep Rope Push Down (Cable),3,8
12 Weeks Muscle Building Program,180,10,1,15,V-Handle Tricep Pushdown (Cable),3,12
12 Weeks Muscle Building Program,180,10,1,15,Tricep Extension (Cable),3,10
12 Weeks Muscle Building Program,180,10,1,15,Tricep Extension (Dumbbell),3,8
12 Weeks Muscle Building Program,180,10,2,3,Run,1,2
12 Weeks Muscle Building Program,180,10,2,3,Elliptical,1,9
12 Weeks Muscle Building Program,180,10,2,3,Cycling,1,8
12 Weeks Muscle Building Program,180,10,3,17,Deadlift (Paused),3,10
12 Weeks Muscle Building Program,180,10,3,17,Squat (Paused),3,3
12 Weeks Muscle Building Program,180,10,3,17,Leg Curl,3,6
12 Weeks Muscle Building Program,180,10,3,17,Belt Squat,3,8
12 Weeks Muscle Building Program,180,10,3,17,Pendulum Squat,3,12
12 Weeks Muscle Building Program,180,10,3,17,Good Morning,3,10
12 Weeks Muscle Building Program,180,10,3,17,Leg Press,3,6
12 Weeks Muscle Building Program,180,10,3,17,Hip Extension,3,6
12 Weeks Muscle Building Program,180,10,3,17,Standing Calf Raise,3,9
12 Weeks Muscle Building Program,180,10,3,17,Deadlift (Dumbbell),3,12
12 Weeks Muscle Building Program,180,10,3,17,Leg Extension,3,12
12 Weeks Muscle Building Program,180,10,3,17,Back Extension,3,3
12 Weeks Muscle Building Program,180,10,3,17,Bulgarian Split Squat (Dumbbell),3,6
12 Weeks Muscle Building Program,180,10,3,17,Seated Hamstring Curl,3,8
12 Weeks Muscle Building Program,180,10,3,17,Walking Lunge,3,12
12 Weeks Muscle Building Program,180,10,3,17,Glute-Ham Raise,3,12
12 Weeks Muscle Building Program,180,10,3,17,Seated Calf Raise,3,8
12 Weeks Muscle Building Program,180,10,5,17,Pull-Up (Band),3,8
12 Weeks Muscle Building Program,180,10,5,17,Chin-Up (Assisted),3,8
12 Weeks Muscle Building Program,180,10,5,17,Barbell Row,3,12
12 Weeks Muscle Building Program,180,10,5,17,Lat Pulldown,3,10
12 Weeks Muscle Building Program,180,10,5,17,Dumbbell Row,3,8
12 Weeks Muscle Building Program,180,10,5,17,Single Arm Iso Row,3,2
12 Weeks Muscle Building Program,180,10,5,17,Seated Row (Cable),3,8
12 Weeks Muscle Building Program,180,10,5,17,Single Arm Row (Dumbbell),3,9
12 Weeks Muscle Building Program,180,10,5,17,T-Bar Row,3,10
12 Weeks Muscle Building Program,180,10,5,17,Bicep Curl (Barbell),3,3
12 Weeks Muscle Building Program,180,10,5,17,Bicep Curl (Machine),3,6
12 Weeks Muscle Building Program,180,10,5,17,Bicep Curl (Cable),3,8
12 Weeks Muscle Building Program,180,10,5,17,Bicep Curl (Dumbbell),3,10
12 Weeks Muscle Building Program,180,10,5,17,Concentration Curl,3,10
12 Weeks Muscle Building Program,180,10,5,17,Reverse Wrist Curl (Barbell),3,6
12 Weeks Muscle Building Program,180,10,5,17,Wrist Curls,3,6
12 Weeks Muscle Building Program,180,10,5,17,Reverse Wrist Curl (Dumbbell),3,9
12 Weeks Muscle Building Program,180,10,6,3,Run,1,12
12 Weeks Muscle Building Program,180,10,6,3,Elliptical,1,12
12 Weeks Muscle Building Program,180,10,6,3,Cycling,1,3
12 Weeks Muscle Building Program,180,10,7,1,Swim,1,6
12 Weeks Muscle Building Program,180,11,1,15,Bench Press (Barbell),3,8
12 Weeks Muscle Building Program,180,11,1,15,Incline Bench Press (Barbell),3,12
12 Weeks Muscle Building Program,180,11,1,15,Decline Bench Press (Barbell),3,12
12 Weeks Muscle Building Program,180,11,1,15,Pec Deck (Machine),3,8
12 Weeks Muscle Building Program,180,11,1,15,Face Pull,3,3
12 Weeks Muscle Building Program,180,11,1,15,Reverse Pec Deck,3,8
12 Weeks Muscle Building Program,180,11,1,15,Lying Rear Lateral Raise,3,8
12 Weeks Muscle Building Program,180,11,1,15,Lateral Raise (Machine),3,12
12 Weeks Muscle Building Program,180,11,1,15,Lateral Raise (Dumbbell),3,10
12 Weeks Muscle Building Program,180,11,1,15,Tricep Pushdown (Cable),3,8
12 Weeks Muscle Building Program,180,11,1,15,Skull Crusher,3,2
12 Weeks Muscle Building Program,180,11,1,15,Tricep Rope Push Down (Cable),3,8
12 Weeks Muscle Building Program,180,11,1,15,V-Handle Tricep Pushdown (Cable),3,9
12 Weeks Muscle Building Program,180,11,1,15,Tricep Extension (Cable),3,10
12 Weeks Muscle Building Program,180,11,1,15,Tricep Extension (Dumbbell),3,3
12 Weeks Muscle Building Program,180,11,2,3,Run,1,6
12 Weeks Muscle Building Program,180,11,2,3,Elliptical,1,8
12 Weeks Muscle Building Program,180,11,2,3,Cycling,1,12
12 Weeks Muscle Building Program,180,11,3,17,Deadlift (Paused),3,10
12 Weeks Muscle Building Program,180,11,3,17,Squat (Paused),3,6
12 Weeks Muscle Building Program,180,11,3,17,Leg Curl,3,6
12 Weeks Muscle Building Program,180,11,3,17,Belt Squat,3,9
12 Weeks Muscle Building Program,180,11,3,17,Pendulum Squat,3,12
12 Weeks Muscle Building Program,180,11,3,17,Good Morning,3,12
12 Weeks Muscle Building Program,180,11,3,17,Leg Press,3,3
12 Weeks Muscle Building Program,180,11,3,17,Hip Extension,3,6
12 Weeks Muscle Building Program,180,11,3,17,Standing Calf Raise,3,8
12 Weeks Muscle Building Program,180,11,3,17,Deadlift (Dumbbell),3,12
12 Weeks Muscle Building Program,180,11,3,17,Leg Extension,3,12
12 Weeks Muscle Building Program,180,11,3,17,Back Extension,3,8
12 Weeks Muscle Building Program,180,11,3,17,Bulgarian Split Squat (Dumbbell),3,2
12 Weeks Muscle Building Program,180,11,3,17,Seated Hamstring Curl,3,8
12 Weeks Muscle Building Program,180,11,3,17,Walking Lunge,3,8
12 Weeks Muscle Building Program,180,11,3,17,Glute-Ham Raise,3,12
12 Weeks Muscle Building Program,180,11,3,17,Seated Calf Raise,3,10
12 Weeks Muscle Building Program,180,11,5,17,Pull-Up (Band),3,2
12 Weeks Muscle Building Program,180,11,5,17,Chin-Up (Assisted),3,8
12 Weeks Muscle Building Program,180,11,5,17,Barbell Row,3,9
12 Weeks Muscle Building Program,180,11,5,17,Lat Pulldown,3,10
12 Weeks Muscle Building Program,180,11,5,17,Dumbbell Row,3,2
12 Weeks Muscle Building Program,180,11,5,17,Single Arm Iso Row,3,6
12 Weeks Muscle Building Program,180,11,5,17,Seated Row (Cable),3,8
12 Weeks Muscle Building Program,180,11,5,17,Single Arm Row (Dumbbell),3,12
12 Weeks Muscle Building Program,180,11,5,17,T-Bar Row,3,10
12 Weeks Muscle Building Program,180,11,5,17,Bicep Curl (Barbell),3,6
12 Weeks Muscle Building Program,180,11,5,17,Bicep Curl (Machine),3,6
12 Weeks Muscle Building Program,180,11,5,17,Bicep Curl (Cable),3,9
12 Weeks Muscle Building Program,180,11,5,17,Bicep Curl (Dumbbell),3,12
12 Weeks Muscle Building Program,180,11,5,17,Concentration Curl,3,12
12 Weeks Muscle Building Program,180,11,5,17,Reverse Wrist Curl (Barbell),3,1
12 Weeks Muscle Building Program,180,11,5,17,Wrist Curls,3,6
12 Weeks Muscle Building Program,180,11,5,17,Reverse Wrist Curl (Dumbbell),3,8
12 Weeks Muscle Building Program,180,11,6,3,Run,1,12
12 Weeks Muscle Building Program,180,11,6,3,Elliptical,1,12
12 Weeks Muscle Building Program,180,11,6,3,Cycling,1,8
12 Weeks Muscle Building Program,180,11,7,1,Swim,1,1
12 Weeks Muscle Building Program,180,12,1,15,Bench Press (Barbell),3,8
12 Weeks Muscle Building Program,180,12,1,15,Incline Bench Press (Barbell),3,8
12 Weeks Muscle Building Program,180,12,1,15,Decline Bench Press (Barbell),3,12
12 Weeks Muscle Building Program,180,12,1,15,Pec Deck (Machine),3,10
12 Weeks Muscle Building Program,180,12,1,15,Face Pull,3,8
12 Weeks Muscle Building Program,180,12,1,15,Reverse Pec Deck,3,1
12 Weeks Muscle Building Program,180,12,1,15,Lying Rear Lateral Raise,3,8
12 Weeks Muscle Building Program,180,12,1,15,Lateral Raise (Machine),3,9
12 Weeks Muscle Building Program,180,12,1,15,Lateral Raise (Dumbbell),3,10
12 Weeks Muscle Building Program,180,12,1,15,Tricep Pushdown (Cable),3,2
12 Weeks Muscle Building Program,180,12,1,15,Skull Crusher,3,6
12 Weeks Muscle Building Program,180,12,1,15,Tricep Rope Push Down (Cable),3,8
12 Weeks Muscle Building Program,180,12,1,15,V-Handle Tricep Pushdown (Cable),3,12
12 Weeks Muscle Building Program,180,12,1,15,Tricep Extension (Cable),3,10
12 Weeks Muscle Building Program,180,12,1,15,Tricep Extension (Dumbbell),3,6
12 Weeks Muscle Building Program,180,12,2,3,Run,1,6
12 Weeks Muscle Building Program,180,12,2,3,Elliptical,1,9
12 Weeks Muscle Building Program,180,12,2,3,Cycling,1,12
12 Weeks Muscle Building Program,180,12,3,17,Deadlift (Paused),3,12
12 Weeks Muscle Building Program,180,12,3,17,Squat (Paused),3,1
12 Weeks Muscle Building Program,180,12,3,17,Leg Curl,3,6
12 Weeks Muscle Building Program,180,12,3,17,Belt Squat,3,12
12 Weeks Muscle Building Program,180,12,3,17,Pendulum Squat,3,12
12 Weeks Muscle Building Program,180,12,3,17,Good Morning,3,8
12 Weeks Muscle Building Program,180,12,3,17,Leg Press,3,1
12 Weeks Muscle Building Program,180,12,3,17,Hip Extension,3,8
12 Weeks Muscle Building Program,180,12,3,17,Standing Calf Raise,3,8
12 Weeks Muscle Building Program,180,12,3,17,Deadlift (Dumbbell),3,12
12 Weeks Muscle Building Program,180,12,3,17,Leg Extension,3,10
12 Weeks Muscle Building Program,180,12,3,17,Back Extension,3,8
12 Weeks Muscle Building Program,180,12,3,17,Bulgarian Split Squat (Dumbbell),3,1
12 Weeks Muscle Building Program,180,12,3,17,Seated Hamstring Curl,3,8
12 Weeks Muscle Building Program,180,12,3,17,Walking Lunge,3,9
12 Weeks Muscle Building Program,180,12,3,17,Glute-Ham Raise,3,10
12 Weeks Muscle Building Program,180,12,3,17,Seated Calf Raise,3,1
12 Weeks Muscle Building Program,180,12,5,17,Pull-Up (Band),3,8
12 Weeks Muscle Building Program,180,12,5,17,Chin-Up (Assisted),3,12
12 Weeks Muscle Building Program,180,12,5,17,Barbell Row,3,10
12 Weeks Muscle Building Program,180,12,5,17,Lat Pulldown,3,6
12 Weeks Muscle Building Program,180,12,5,17,Dumbbell Row,3,6
12 Weeks Muscle Building Program,180,12,5,17,Single Arm Iso Row,3,9
12 Weeks Muscle Building Program,180,12,5,17,Seated Row (Cable),3,12
12 Weeks Muscle Building Program,180,12,5,17,Single Arm Row (Dumbbell),3,12
12 Weeks Muscle Building Program,180,12,5,17,T-Bar Row,3,5
12 Weeks Muscle Building Program,180,12,5,17,Bicep Curl (Barbell),3,7
12 Weeks Muscle Building Program,180,12,5,17,Bicep Curl (Machine),3,9
12 Weeks Muscle Building Program,180,12,5,17,Bicep Curl (Cable),3,9
12 Weeks Muscle Building Program,180,12,5,17,Bicep Curl (Dumbbell),3,12
12 Weeks Muscle Building Program,180,12,5,17,Concentration Curl,3,5
12 Weeks Muscle Building Program,180,12,5,17,Reverse Wrist Curl (Barbell),3,7
12 Weeks Muscle Building Program,180,12,5,17,Wrist Curls,3,9
12 Weeks Muscle Building Program,180,12,5,17,Reverse Wrist Curl (Dumbbell),3,9
12 Weeks Muscle Building Program,180,12,6,3,Run,1,9
12 Weeks Muscle Building Program,180,12,6,3,Elliptical,1,5
12 Weeks Muscle Building Program,180,12,6,3,Cycling,1,7
12 Weeks Muscle Building Program,180,12,7,1,Swim,1,9
"5.0 weeks for ['Bodybuilding', 'Muscle & Sculpting']",90,1,1,5,Pistol Squat,5,12
"5.0 weeks for ['Bodybuilding', 'Muscle & Sculpting']",90,1,1,5,Goblet Squat,4,12
"5.0 weeks for ['Bodybuilding', 'Muscle & Sculpting']",90,1,1,5,Romanian Deadlift (Dumbbell),3,12
"5.0 weeks for ['Bodybuilding', 'Muscle & Sculpting']",90,1,1,5,Standing Calf Raise,3,12
"5.0 weeks for ['Bodybuilding', 'Muscle & Sculpting']",90,1,1,5,Hanging Leg Raise,3,12
"5.0 weeks for ['Bodybuilding', 'Muscle & Sculpting']",90,1,2,5,Pull-Up (Weighted),5,12
"5.0 weeks for ['Bodybuilding', 'Muscle & Sculpting']",90,1,2,5,Pullover (Dumbbell),4,12
"5.0 weeks for ['Bodybuilding', 'Muscle & Sculpting']",90,1,2,5,Single Arm Row (Dumbbell),3,15
"5.0 weeks for ['Bodybuilding', 'Muscle & Sculpting']",90,1,2,5,Bicep Curl (EZ Bar),3,12
"5.0 weeks for ['Bodybuilding', 'Muscle & Sculpting']",90,1,2,5,Hammer Curl,3,12
"5.0 weeks for ['Bodybuilding', 'Muscle & Sculpting']",90,1,3,5,Dip (Weighted),5,12
"5.0 weeks for ['Bodybuilding', 'Muscle & Sculpting']",90,1,3,5,Decline Ring push Up,4,15
"5.0 weeks for ['Bodybuilding', 'Muscle & Sculpting']",90,1,3,5,French Press,3,12
"5.0 weeks for ['Bodybuilding', 'Muscle & Sculpting']",90,1,3,5,Lateral Raise (Dumbbell),5,12
"5.0 weeks for ['Bodybuilding', 'Muscle & Sculpting']",90,1,3,5,Rear Delt Fly (Dumbbell),5,12
"5.0 weeks for ['Bodybuilding', 'Muscle & Sculpting']",90,2,1,5,Pistol Squat,5,12
"5.0 weeks for ['Bodybuilding', 'Muscle & Sculpting']",90,2,1,5,Goblet Squat,4,12
"5.0 weeks for ['Bodybuilding', 'Muscle & Sculpting']",90,2,1,5,Romanian Deadlift (Dumbbell),3,12
"5.0 weeks for ['Bodybuilding', 'Muscle & Sculpting']",90,2,1,5,Standing Calf Raise,3,12
"5.0 weeks for ['Bodybuilding', 'Muscle & Sculpting']",90,2,1,5,Hanging Leg Raise,3,12
"5.0 weeks for ['Bodybuilding', 'Muscle & Sculpting']",90,2,2,5,Pull-Up (Weighted),5,12
"5.0 weeks for ['Bodybuilding', 'Muscle & Sculpting']",90,2,2,5,Pullover (Dumbbell),4,12
"5.0 weeks for ['Bodybuilding', 'Muscle & Sculpting']",90,2,2,5,Single Arm Row (Dumbbell),3,12
"5.0 weeks for ['Bodybuilding', 'Muscle & Sculpting']",90,2,2,5,Bicep Curl (EZ Bar),3,15
"5.0 weeks for ['Bodybuilding', 'Muscle & Sculpting']",90,2,2,5,Hammer Curl,3,12
"5.0 weeks for ['Bodybuilding', 'Muscle & Sculpting']",90,2,3,5,Dip (Weighted),5,12
"5.0 weeks for ['Bodybuilding', 'Muscle & Sculpting']",90,2,3,5,Decline Ring push Up,4,12
"5.0 weeks for ['Bodybuilding', 'Muscle & Sculpting']",90,2,3,5,French Press,3,12
"5.0 weeks for ['Bodybuilding', 'Muscle & Sculpting']",90,2,3,5,Lateral Raise (Dumbbell),5,12
"5.0 weeks for ['Bodybuilding', 'Muscle & Sculpting']",90,2,3,5,Rear Delt Fly (Dumbbell),5,12
"5.0 weeks for ['Bodybuilding', 'Muscle & Sculpting']",90,3,1,5,Pistol Squat,5,12
"5.0 weeks for ['Bodybuilding', 'Muscle & Sculpting']",90,3,1,5,Goblet Squat,4,12
"5.0 weeks for ['Bodybuilding', 'Muscle & Sculpting']",90,3,1,5,Romanian Deadlift (Dumbbell),3,12
"5.0 weeks for ['Bodybuilding', 'Muscle & Sculpting']",90,3,1,5,Standing Calf Raise,3,12
"5.0 weeks for ['Bodybuilding', 'Muscle & Sculpting']",90,3,1,5,Hanging Leg Raise,3,12
"5.0 weeks for ['Bodybuilding', 'Muscle & Sculpting']",90,3,2,5,Pull-Up (Weighted),5,15
"5.0 weeks for ['Bodybuilding', 'Muscle & Sculpting']",90,3,2,5,Pullover (Dumbbell),4,12
"5.0 weeks for ['Bodybuilding', 'Muscle & Sculpting']",90,3,2,5,Single Arm Row (Dumbbell),3,12
"5.0 weeks for ['Bodybuilding', 'Muscle & Sculpting']",90,3,2,5,Bicep Curl (EZ Bar),3,12
"5.0 weeks for ['Bodybuilding', 'Muscle & Sculpting']",90,3,2,5,Hammer Curl,3,15
"5.0 weeks for ['Bodybuilding', 'Muscle & Sculpting']",90,3,3,5,Dip (Weighted),5,12
"5.0 weeks for ['Bodybuilding', 'Muscle & Sculpting']",90,3,3,5,Decline Ring push Up,4,12
"5.0 weeks for ['Bodybuilding', 'Muscle & Sculpting']",90,3,3,5,French Press,3,12
"5.0 weeks for ['Bodybuilding', 'Muscle & Sculpting']",90,3,3,5,Lateral Raise (Dumbbell),5,12
"5.0 weeks for ['Bodybuilding', 'Muscle & Sculpting']",90,3,3,5,Rear Delt Fly (Dumbbell),5,12
"5.0 weeks for ['Bodybuilding', 'Muscle & Sculpting']",90,4,1,5,Pistol Squat,5,12
"5.0 weeks for ['Bodybuilding', 'Muscle & Sculpting']",90,4,1,5,Goblet Squat,4,12
"5.0 weeks for ['Bodybuilding', 'Muscle & Sculpting']",90,4,1,5,Romanian Deadlift (Dumbbell),3,12
"5.0 weeks for ['Bodybuilding', 'Muscle & Sculpting']",90,4,1,5,Standing Calf Raise,3,12
"5.0 weeks for ['Bodybuilding', 'Muscle & Sculpting']",90,4,1,5,Hanging Leg Raise,3,12
"5.0 weeks for ['Bodybuilding', 'Muscle & Sculpting']",90,4,2,5,Pull-Up (Weighted),5,12
"5.0 weeks for ['Bodybuilding', 'Muscle & Sculpting']",90,4,2,5,Pullover (Dumbbell),4,15
"5.0 weeks for ['Bodybuilding', 'Muscle & Sculpting']",90,4,2,5,Single Arm Row (Dumbbell),3,12
"5.0 weeks for ['Bodybuilding', 'Muscle & Sculpting']",90,4,2,5,Bicep Curl (EZ Bar),3,12
"5.0 weeks for ['Bodybuilding', 'Muscle & Sculpting']",90,4,2,5,Hammer Curl,3,12
"5.0 weeks for ['Bodybuilding', 'Muscle & Sculpting']",90,4,3,5,Dip (Weighted),5,12
"5.0 weeks for ['Bodybuilding', 'Muscle & Sculpting']",90,4,3,5,Decline Ring push Up,4,12
"5.0 weeks for ['Bodybuilding', 'Muscle & Sculpting']",90,4,3,5,French Press,3,12
"5.0 weeks for ['Bodybuilding', 'Muscle & Sculpting']",90,4,3,5,Lateral Raise (Dumbbell),5,12
"5.0 weeks for ['Bodybuilding', 'Muscle & Sculpting']",90,4,3,5,Rear Delt Fly (Dumbbell),5,12
"5.0 weeks for ['Bodybuilding', 'Muscle & Sculpting']",90,5,1,5,Pistol Squat,5,12
"5.0 weeks for ['Bodybuilding', 'Muscle & Sculpting']",90,5,1,5,Goblet Squat,4,12
"5.0 weeks for ['Bodybuilding', 'Muscle & Sculpting']",90,5,1,5,Romanian Deadlift (Dumbbell),3,12
"5.0 weeks for ['Bodybuilding', 'Muscle & Sculpting']",90,5,1,5,Standing Calf Raise,3,15
"5.0 weeks for ['Bodybuilding', 'Muscle & Sculpting']",90,5,1,5,Hanging Leg Raise,3,12
"5.0 weeks for ['Bodybuilding', 'Muscle & Sculpting']",90,5,2,5,Pull-Up (Weighted),5,12
"5.0 weeks for ['Bodybuilding', 'Muscle & Sculpting']",90,5,2,5,Pullover (Dumbbell),4,12
"5.0 weeks for ['Bodybuilding', 'Muscle & Sculpting']",90,5,2,5,Single Arm Row (Dumbbell),3,15
"5.0 weeks for ['Bodybuilding', 'Muscle & Sculpting']",90,5,2,5,Bicep Curl (EZ Bar),3,12
"5.0 weeks for ['Bodybuilding', 'Muscle & Sculpting']",90,5,2,5,Hammer Curl,3,12
"5.0 weeks for ['Bodybuilding', 'Muscle & Sculpting']",90,5,3,5,Dip (Weighted),5,12
"5.0 weeks for ['Bodybuilding', 'Muscle & Sculpting']",90,5,3,5,Decline Ring push Up,4,12
"5.0 weeks for ['Bodybuilding', 'Muscle & Sculpting']",90,5,3,5,French Press,3,12
"5.0 weeks for ['Bodybuilding', 'Muscle & Sculpting']",90,5,3,5,Lateral Raise (Dumbbell),5,12
"5.0 weeks for ['Bodybuilding', 'Muscle & Sculpting']",90,5,3,5,Rear Delt Fly (Dumbbell),5,12
mishas PPLM,90,1,1,6,Pull-Up (Weighted),3,8
mishas PPLM,90,1,1,6,Leg Raise (Captain's Chair),3,10
mishas PPLM,90,1,1,6,Barbell Row,3,12
mishas PPLM,90,1,1,6,Single Arm High Row (Cable),3,12
mishas PPLM,90,1,1,6,Rear Delt Fly (Dumbbell),4,12
mishas PPLM,90,1,1,6,Bicep Curl (EZ Bar),3,12
mishas PPLM,90,1,2,7,Incline Bench Press (Dumbbell),4,10
mishas PPLM,90,1,2,7,Standing Shoulder Press (Dumbbell),3,12
mishas PPLM,90,1,2,7,Dip (Weighted),3,12
mishas PPLM,90,1,2,7,V-Handle Tricep Pushdown (Cable),3,14
mishas PPLM,90,1,2,7,Sit Up,3,8
mishas PPLM,90,1,2,7,Lateral Raise (Dumbbell),3,12
mishas PPLM,90,1,2,7,Deficit Push Up,2,12
mishas PPLM,90,1,3,8,Squat (Barbell),1,12
mishas PPLM,90,1,3,8,Preacher Curl (EZ Bar),4,12
mishas PPLM,90,1,3,8,Good Morning,3,10
mishas PPLM,90,1,3,8,Leg Extension,3,14
mishas PPLM,90,1,3,8,Standing Calf Raise,4,12
mishas PPLM,90,1,3,8,Leg Curl,3,8
mishas PPLM,90,1,3,8,Neck Curl,3,8
mishas PPLM,90,1,3,8,Wrist Curls,2,10
mishas PPLM,90,1,4,7,One Arm Lateral Raise (Dumbbell),5,12
mishas PPLM,90,1,4,7,Bench Press (Close Grip),4,12
mishas PPLM,90,1,4,7,Hammer Curl,3,12
mishas PPLM,90,1,4,7,Tricep Kickback,2,12
mishas PPLM,90,1,4,7,Neck Extension,3,10
mishas PPLM,90,1,4,7,Lat Pulldown,3,12
mishas PPLM,90,1,4,7,Reverse Wrist Curl (Dumbbell),2,12
mishas PPLM,90,2,1,6,Pull-Up (Weighted),3,14
mishas PPLM,90,2,1,6,Leg Raise (Captain's Chair),3,8
mishas PPLM,90,2,1,6,Barbell Row,3,12
mishas PPLM,90,2,1,6,Single Arm High Row (Cable),3,12
mishas PPLM,90,2,1,6,Rear Delt Fly (Dumbbell),4,12
mishas PPLM,90,2,1,6,Bicep Curl (EZ Bar),3,12
mishas PPLM,90,2,2,7,Incline Bench Press (Dumbbell),4,10
mishas PPLM,90,2,2,7,Standing Shoulder Press (Dumbbell),3,14
mishas PPLM,90,2,2,7,Dip (Weighted),3,12
mishas PPLM,90,2,2,7,V-Handle Tricep Pushdown (Cable),3,8
mishas PPLM,90,2,2,7,Sit Up,3,8
mishas PPLM,90,2,2,7,Lateral Raise (Dumbbell),3,10
mishas PPLM,90,2,2,7,Deficit Push Up,2,12
mishas PPLM,90,2,3,8,Squat (Barbell),1,12
mishas PPLM,90,2,3,8,Preacher Curl (EZ Bar),4,12
mishas PPLM,90,2,3,8,Good Morning,3,12
mishas PPLM,90,2,3,8,Leg Extension,3,10
mishas PPLM,90,2,3,8,Standing Calf Raise,4,12
mishas PPLM,90,2,3,8,Leg Curl,3,12
mishas PPLM,90,2,3,8,Neck Curl,3,14
mishas PPLM,90,2,3,8,Wrist Curls,2,8
mishas PPLM,90,2,4,7,One Arm Lateral Raise (Dumbbell),5,12
mishas PPLM,90,2,4,7,Bench Press (Close Grip),4,12
mishas PPLM,90,2,4,7,Hammer Curl,3,12
mishas PPLM,90,2,4,7,Tricep Kickback,2,12
mishas PPLM,90,2,4,7,Neck Extension,3,10
mishas PPLM,90,2,4,7,Lat Pulldown,3,14
mishas PPLM,90,2,4,7,Reverse Wrist Curl (Dumbbell),2,12
mishas PPLM,90,3,1,6,Pull-Up (Weighted),3,8
mishas PPLM,90,3,1,6,Leg Raise (Captain's Chair),3,8
mishas PPLM,90,3,1,6,Barbell Row,3,10
mishas PPLM,90,3,1,6,Single Arm High Row (Cable),3,12
mishas PPLM,90,3,1,6,Rear Delt Fly (Dumbbell),4,12
mishas PPLM,90,3,1,6,Bicep Curl (EZ Bar),3,12
mishas PPLM,90,3,2,7,Incline Bench Press (Dumbbell),4,12
mishas PPLM,90,3,2,7,Standing Shoulder Press (Dumbbell),3,10
mishas PPLM,90,3,2,7,Dip (Weighted),3,12
mishas PPLM,90,3,2,7,V-Handle Tricep Pushdown (Cable),3,12
mishas PPLM,90,3,2,7,Sit Up,3,14
mishas PPLM,90,3,2,7,Lateral Raise (Dumbbell),3,8
mishas PPLM,90,3,2,7,Deficit Push Up,2,12
mishas PPLM,90,3,3,8,Squat (Barbell),1,12
mishas PPLM,90,3,3,8,Preacher Curl (EZ Bar),4,12
mishas PPLM,90,3,3,8,Good Morning,3,12
mishas PPLM,90,3,3,8,Leg Extension,3,10
mishas PPLM,90,3,3,8,Standing Calf Raise,4,14
mishas PPLM,90,3,3,8,Leg Curl,3,12
mishas PPLM,90,3,3,8,Neck Curl,3,8
mishas PPLM,90,3,3,8,Wrist Curls,2,8
mishas PPLM,90,3,4,7,One Arm Lateral Raise (Dumbbell),5,10
mishas PPLM,90,3,4,7,Bench Press (Close Grip),4,12
mishas PPLM,90,3,4,7,Hammer Curl,3,12
mishas PPLM,90,3,4,7,Tricep Kickback,2,12
mishas PPLM,90,3,4,7,Neck Extension,3,12
mishas PPLM,90,3,4,7,Lat Pulldown,3,10
mishas PPLM,90,3,4,7,Reverse Wrist Curl (Dumbbell),2,12
mishas PPLM,90,4,1,6,Pull-Up (Weighted),3,12
mishas PPLM,90,4,1,6,Leg Raise (Captain's Chair),3,14
mishas PPLM,90,4,1,6,Barbell Row,3,8
mishas PPLM,90,4,1,6,Single Arm High Row (Cable),3,12
mishas PPLM,90,4,1,6,Rear Delt Fly (Dumbbell),4,12
mishas PPLM,90,4,1,6,Bicep Curl (EZ Bar),3,12
mishas PPLM,90,4,2,7,Incline Bench Press (Dumbbell),4,12
mishas PPLM,90,4,2,7,Standing Shoulder Press (Dumbbell),3,10
mishas PPLM,90,4,2,7,Dip (Weighted),3,14
mishas PPLM,90,4,2,7,V-Handle Tricep Pushdown (Cable),3,12
mishas PPLM,90,4,2,7,Sit Up,3,8
mishas PPLM,90,4,2,7,Lateral Raise (Dumbbell),3,8
mishas PPLM,90,4,2,7,Deficit Push Up,2,10
mishas PPLM,90,4,3,8,Squat (Barbell),1,12
mishas PPLM,90,4,3,8,Preacher Curl (EZ Bar),4,12
mishas PPLM,90,4,3,8,Good Morning,3,12
mishas PPLM,90,4,3,8,Leg Extension,3,12
mishas PPLM,90,4,3,8,Standing Calf Raise,4,10
mishas PPLM,90,4,3,8,Leg Curl,3,12
mishas PPLM,90,4,3,8,Neck Curl,3,12
mishas PPLM,90,4,3,8,Wrist Curls,2,14
mishas PPLM,90,4,4,7,One Arm Lateral Raise (Dumbbell),5,8
mishas PPLM,90,4,4,7,Bench Press (Close Grip),4,12
mishas PPLM,90,4,4,7,Hammer Curl,3,12
mishas PPLM,90,4,4,7,Tricep Kickback,2,12
mishas PPLM,90,4,4,7,Neck Extension,3,12
mishas PPLM,90,4,4,7,Lat Pulldown,3,10
mishas PPLM,90,4,4,7,Reverse Wrist Curl (Dumbbell),2,14
mishas PPLM,90,5,1,6,Pull-Up (Weighted),3,12
mishas PPLM,90,5,1,6,Leg Raise (Captain's Chair),3,8
mishas PPLM,90,5,1,6,Barbell Row,3,8
mishas PPLM,90,5,1,6,Single Arm High Row (Cable),3,10
mishas PPLM,90,5,1,6,Rear Delt Fly (Dumbbell),4,12
mishas PPLM,90,5,1,6,Bicep Curl (EZ Bar),3,12
mishas PPLM,90,5,2,7,Incline Bench Press (Dumbbell),4,12
mishas PPLM,90,5,2,7,Standing Shoulder Press (Dumbbell),3,12
mishas PPLM,90,5,2,7,Dip (Weighted),3,10
mishas PPLM,90,5,2,7,V-Handle Tricep Pushdown (Cable),3,12
mishas PPLM,90,5,2,7,Sit Up,3,12
mishas PPLM,90,5,2,7,Lateral Raise (Dumbbell),3,14
mishas PPLM,90,5,2,7,Deficit Push Up,2,8
mishas PPLM,90,5,3,8,Squat (Barbell),1,12
mishas PPLM,90,5,3,8,Preacher Curl (EZ Bar),4,12
mishas PPLM,90,5,3,8,Good Morning,3,12
mishas PPLM,90,5,3,8,Leg Extension,3,12
mishas PPLM,90,5,3,8,Standing Calf Raise,4,10
mishas PPLM,90,5,3,8,Leg Curl,3,14
mishas PPLM,90,5,3,8,Neck Curl,3,12
mishas PPLM,90,5,3,8,Wrist Curls,2,8
mishas PPLM,90,5,4,7,One Arm Lateral Raise (Dumbbell),5,8
mishas PPLM,90,5,4,7,Bench Press (Close Grip),4,10
mishas PPLM,90,5,4,7,Hammer Curl,3,12
mishas PPLM,90,5,4,7,Tricep Kickback,2,12
mishas PPLM,90,5,4,7,Neck Extension,3,12
mishas PPLM,90,5,4,7,Lat Pulldown,3,12
mishas PPLM,90,5,4,7,Reverse Wrist Curl (Dumbbell),2,10
mishas PPLM,90,6,1,6,Pull-Up (Weighted),3,12
mishas PPLM,90,6,1,6,Leg Raise (Captain's Chair),3,12
mishas PPLM,90,6,1,6,Barbell Row,3,14
mishas PPLM,90,6,1,6,Single Arm High Row (Cable),3,8
mishas PPLM,90,6,1,6,Rear Delt Fly (Dumbbell),4,12
mishas PPLM,90,6,1,6,Bicep Curl (EZ Bar),3,12
mishas PPLM,90,6,2,7,Incline Bench Press (Dumbbell),4,12
mishas PPLM,90,6,2,7,Standing Shoulder Press (Dumbbell),3,12
mishas PPLM,90,6,2,7,Dip (Weighted),3,10
mishas PPLM,90,6,2,7,V-Handle Tricep Pushdown (Cable),3,14
mishas PPLM,90,6,2,7,Sit Up,3,12
mishas PPLM,90,6,2,7,Lateral Raise (Dumbbell),3,8
mishas PPLM,90,6,2,7,Deficit Push Up,2,8
mishas PPLM,90,6,3,8,Squat (Barbell),1,10
mishas PPLM,90,6,3,8,Preacher Curl (EZ Bar),4,12
mishas PPLM,90,6,3,8,Good Morning,3,12
mishas PPLM,90,6,3,8,Leg Extension,3,12
mishas PPLM,90,6,3,8,Standing Calf Raise,4,12
mishas PPLM,90,6,3,8,Leg Curl,3,10
mishas PPLM,90,6,3,8,Neck Curl,3,12
mishas PPLM,90,6,3,8,Wrist Curls,2,12
mishas PPLM,90,6,4,7,One Arm Lateral Raise (Dumbbell),5,14
mishas PPLM,90,6,4,7,Bench Press (Close Grip),4,8
mishas PPLM,90,6,4,7,Hammer Curl,3,12
mishas PPLM,90,6,4,7,Tricep Kickback,2,12
mishas PPLM,90,6,4,7,Neck Extension,3,12
mishas PPLM,90,6,4,7,Lat Pulldown,3,12
mishas PPLM,90,6,4,7,Reverse Wrist Curl (Dumbbell),2,10
Silat Martial Arts supplemental weightlifting program,70,1,1,5,Bench Press (Barbell),6,14
Silat Martial Arts supplemental weightlifting program,70,1,1,5,Chest Fly (Cable),4,9
Silat Martial Arts supplemental weightlifting program,70,1,1,5,Tricep Pushdown (Cable),6,11
Silat Martial Arts supplemental weightlifting program,70,1,1,5,Russian Twist,4,7
Silat Martial Arts supplemental weightlifting program,70,1,1,5,Walking Lunge,1,10
Silat Martial Arts supplemental weightlifting program,70,1,2,5,Lat Pulldown,6,14
Silat Martial Arts supplemental weightlifting program,70,1,2,5,Pullover (Dumbbell),4,15
Silat Martial Arts supplemental weightlifting program,70,1,2,5,Bicep Curl (Cable),4,15
Silat Martial Arts supplemental weightlifting program,70,1,2,5,Box Jump,3,7
Silat Martial Arts supplemental weightlifting program,70,1,2,5,Plank,3,11
Silat Martial Arts supplemental weightlifting program,70,1,3,6,Arnold Press,2,11
Silat Martial Arts supplemental weightlifting program,70,1,3,6,Seated Shoulder Press (Dumbbell),4,14
Silat Martial Arts supplemental weightlifting program,70,1,3,6,Lateral Raise (Cable),4,11
Silat Martial Arts supplemental weightlifting program,70,1,3,6,Shrug (Barbell),4,60
Silat Martial Arts supplemental weightlifting program,70,1,3,6,Abs Crunch (Weighted),4,7
Silat Martial Arts supplemental weightlifting program,70,1,3,6,Jog,1,11
Silat Martial Arts supplemental weightlifting program,70,2,1,5,Bench Press (Barbell),6,11
Silat Martial Arts supplemental weightlifting program,70,2,1,5,Chest Fly (Cable),4,15
Silat Martial Arts supplemental weightlifting program,70,2,1,5,Tricep Pushdown (Cable),6,10
Silat Martial Arts supplemental weightlifting program,70,2,1,5,Russian Twist,4,9
Silat Martial Arts supplemental weightlifting program,70,2,1,5,Walking Lunge,1,14
Silat Martial Arts supplemental weightlifting program,70,2,2,5,Lat Pulldown,6,14
Silat Martial Arts supplemental weightlifting program,70,2,2,5,Pullover (Dumbbell),4,9
Silat Martial Arts supplemental weightlifting program,70,2,2,5,Bicep Curl (Cable),4,11
Silat Martial Arts supplemental weightlifting program,70,2,2,5,Box Jump,3,7
Silat Martial Arts supplemental weightlifting program,70,2,2,5,Plank,3,10
Silat Martial Arts supplemental weightlifting program,70,2,3,6,Arnold Press,2,14
Silat Martial Arts supplemental weightlifting program,70,2,3,6,Seated Shoulder Press (Dumbbell),4,15
Silat Martial Arts supplemental weightlifting program,70,2,3,6,Lateral Raise (Cable),4,15
Silat Martial Arts supplemental weightlifting program,70,2,3,6,Shrug (Barbell),4,5
Silat Martial Arts supplemental weightlifting program,70,2,3,6,Abs Crunch (Weighted),4,11
Silat Martial Arts supplemental weightlifting program,70,2,3,6,Jog,1,11
Silat Martial Arts supplemental weightlifting program,70,3,1,5,Bench Press (Barbell),6,14
Silat Martial Arts supplemental weightlifting program,70,3,1,5,Chest Fly (Cable),4,11
Silat Martial Arts supplemental weightlifting program,70,3,1,5,Tricep Pushdown (Cable),6,60
Silat Martial Arts supplemental weightlifting program,70,3,1,5,Russian Twist,4,5
Silat Martial Arts supplemental weightlifting program,70,3,1,5,Walking Lunge,1,11
Silat Martial Arts supplemental weightlifting program,70,3,2,5,Lat Pulldown,6,14
Silat Martial Arts supplemental weightlifting program,70,3,2,5,Pullover (Dumbbell),4,15
Silat Martial Arts supplemental weightlifting program,70,3,2,5,Bicep Curl (Cable),4,10
Silat Martial Arts supplemental weightlifting program,70,3,2,5,Box Jump,3,9
Silat Martial Arts supplemental weightlifting program,70,3,2,5,Plank,3,14
Silat Martial Arts supplemental weightlifting program,70,3,3,6,Arnold Press,2,14
Silat Martial Arts supplemental weightlifting program,70,3,3,6,Seated Shoulder Press (Dumbbell),4,9
Silat Martial Arts supplemental weightlifting program,70,3,3,6,Lateral Raise (Cable),4,14
Silat Martial Arts supplemental weightlifting program,70,3,3,6,Shrug (Barbell),4,5
Silat Martial Arts supplemental weightlifting program,70,3,3,6,Abs Crunch (Weighted),4,10
Silat Martial Arts supplemental weightlifting program,70,3,3,6,Jog,1,14
Jake and Javon Strength Training,70,1,1,7,Bench Press (Barbell),2,10
Jake and Javon Strength Training,70,1,1,7,Pec Deck (Machine),3,10
Jake and Javon Strength Training,70,1,1,7,Lat Pulldown,3,10
Jake and Javon Strength Training,70,1,1,7,Face Pull,3,10
Jake and Javon Strength Training,70,1,1,7,Tricep Extension (Cable),3,10
Jake and Javon Strength Training,70,1,1,7,Tricep Extension (Machine),3,10
Jake and Javon Strength Training,70,1,1,7,Abs Crunch (Machine),5,10
Jake and Javon Strength Training,70,1,2,5,Squat (Barbell),2,10
Jake and Javon Strength Training,70,1,2,5,Leg Extension,3,10
Jake and Javon Strength Training,70,1,2,5,Leg Curl,3,10
Jake and Javon Strength Training,70,1,2,5,Seated Calf Raise,3,10
Jake and Javon Strength Training,70,1,2,5,Abs Crunch (Machine),4,10
Jake and Javon Strength Training,70,1,3,6,Lat Pulldown,4,10
Jake and Javon Strength Training,70,1,3,6,Seated Row (Cable),4,10
Jake and Javon Strength Training,70,1,3,6,One Arm Bent Over Row,3,10
Jake and Javon Strength Training,70,1,3,6,Bicep Curl (Machine),3,10
Jake and Javon Strength Training,70,1,3,6,Bicep Curl (Cable),3,10
Jake and Javon Strength Training,70,1,3,6,Abs Crunch (Machine),4,10
Jake and Javon Strength Training,70,1,4,6,Overhead Press (Barbell),2,10
Jake and Javon Strength Training,70,1,4,6,Lateral Raise (Dumbbell),3,10
Jake and Javon Strength Training,70,1,4,6,Rear Delt Fly (Machine),3,10
Jake and Javon Strength Training,70,1,4,6,Seated Dip (Machine),3,10
Jake and Javon Strength Training,70,1,4,6,Standing Pullover (Cable),3,10
Jake and Javon Strength Training,70,1,4,6,Abs Crunch (Machine),4,10
Jake and Javon Strength Training,70,1,5,6,Deadlift (Barbell),2,10
Jake and Javon Strength Training,70,1,5,6,Leg Press,3,10
Jake and Javon Strength Training,70,1,5,6,Hip Adductor (Machine),3,10
Jake and Javon Strength Training,70,1,5,6,Hip Abductor (Machine),3,10
Jake and Javon Strength Training,70,1,5,6,Back Extension,3,10
Jake and Javon Strength Training,70,1,5,6,Abs Crunch (Machine),3,10
Jake and Javon Strength Training,70,2,1,7,Bench Press (Barbell),1,10
Jake and Javon Strength Training,70,2,1,7,Pec Deck (Machine),3,10
Jake and Javon Strength Training,70,2,1,7,Lat Pulldown,3,10
Jake and Javon Strength Training,70,2,1,7,Face Pull,3,10
Jake and Javon Strength Training,70,2,1,7,Tricep Extension (Cable),3,10
Jake and Javon Strength Training,70,2,1,7,Tricep Extension (Machine),3,10
Jake and Javon Strength Training,70,2,1,7,Abs Crunch (Machine),5,10
Jake and Javon Strength Training,70,2,2,5,Squat (Barbell),1,10
Jake and Javon Strength Training,70,2,2,5,Leg Extension,3,10
Jake and Javon Strength Training,70,2,2,5,Leg Curl,3,10
Jake and Javon Strength Training,70,2,2,5,Seated Calf Raise,3,10
Jake and Javon Strength Training,70,2,2,5,Abs Crunch (Machine),4,10
Jake and Javon Strength Training,70,2,3,6,Lat Pulldown,4,10
Jake and Javon Strength Training,70,2,3,6,Seated Row (Cable),4,10
Jake and Javon Strength Training,70,2,3,6,One Arm Bent Over Row,3,10
Jake and Javon Strength Training,70,2,3,6,Bicep Curl (Machine),3,10
Jake and Javon Strength Training,70,2,3,6,Bicep Curl (Cable),3,10
Jake and Javon Strength Training,70,2,3,6,Abs Crunch (Machine),4,10
Jake and Javon Strength Training,70,2,4,6,Overhead Press (Barbell),2,10
Jake and Javon Strength Training,70,2,4,6,Lateral Raise (Dumbbell),3,10
Jake and Javon Strength Training,70,2,4,6,Rear Delt Fly (Machine),3,10
Jake and Javon Strength Training,70,2,4,6,Seated Dip (Machine),3,10
Jake and Javon Strength Training,70,2,4,6,Standing Pullover (Cable),3,10
Jake and Javon Strength Training,70,2,4,6,Abs Crunch (Machine),4,10
Jake and Javon Strength Training,70,2,5,6,Deadlift (Barbell),2,10
Jake and Javon Strength Training,70,2,5,6,Leg Press,3,10
Jake and Javon Strength Training,70,2,5,6,Hip Adductor (Machine),3,10
Jake and Javon Strength Training,70,2,5,6,Hip Abductor (Machine),3,10
Jake and Javon Strength Training,70,2,5,6,Back Extension,3,10
Jake and Javon Strength Training,70,2,5,6,Abs Crunch (Machine),3,10
Jake and Javon Strength Training,70,3,1,7,Bench Press (Barbell),2,10
Jake and Javon Strength Training,70,3,1,7,Pec Deck (Machine),3,10
Jake and Javon Strength Training,70,3,1,7,Lat Pulldown,3,10
Jake and Javon Strength Training,70,3,1,7,Face Pull,3,10
Jake and Javon Strength Training,70,3,1,7,Tricep Extension (Cable),3,10
Jake and Javon Strength Training,70,3,1,7,Tricep Extension (Machine),3,10
Jake and Javon Strength Training,70,3,1,7,Abs Crunch (Machine),5,10
Jake and Javon Strength Training,70,3,2,5,Squat (Barbell),2,10
Jake and Javon Strength Training,70,3,2,5,Leg Extension,3,10
Jake and Javon Strength Training,70,3,2,5,Leg Curl,3,10
Jake and Javon Strength Training,70,3,2,5,Seated Calf Raise,3,10
Jake and Javon Strength Training,70,3,2,5,Abs Crunch (Machine),4,10
Jake and Javon Strength Training,70,3,3,6,Lat Pulldown,4,10
Jake and Javon Strength Training,70,3,3,6,Seated Row (Cable),4,10
Jake and Javon Strength Training,70,3,3,6,One Arm Bent Over Row,3,10
Jake and Javon Strength Training,70,3,3,6,Bicep Curl (Machine),3,10
Jake and Javon Strength Training,70,3,3,6,Bicep Curl (Cable),3,10
Jake and Javon Strength Training,70,3,3,6,Abs Crunch (Machine),4,10
Jake and Javon Strength Training,70,3,4,6,Overhead Press (Barbell),2,10
Jake and Javon Strength Training,70,3,4,6,Lateral Raise (Dumbbell),3,10
Jake and Javon Strength Training,70,3,4,6,Rear Delt Fly (Machine),3,10
Jake and Javon Strength Training,70,3,4,6,Seated Dip (Machine),3,10
Jake and Javon Strength Training,70,3,4,6,Standing Pullover (Cable),3,10
Jake and Javon Strength Training,70,3,4,6,Abs Crunch (Machine),4,10
Jake and Javon Strength Training,70,3,5,6,Deadlift (Barbell),2,10
Jake and Javon Strength Training,70,3,5,6,Leg Press,3,10
Jake and Javon Strength Training,70,3,5,6,Hip Adductor (Machine),3,10
Jake and Javon Strength Training,70,3,5,6,Hip Abductor (Machine),3,10
Jake and Javon Strength Training,70,3,5,6,Back Extension,3,10
Jake and Javon Strength Training,70,3,5,6,Abs Crunch (Machine),3,10
Jake and Javon Strength Training,70,4,1,7,Bench Press (Barbell),1,10
Jake and Javon Strength Training,70,4,1,7,Pec Deck (Machine),3,10
Jake and Javon Strength Training,70,4,1,7,Lat Pulldown,3,10
Jake and Javon Strength Training,70,4,1,7,Face Pull,3,10
Jake and Javon Strength Training,70,4,1,7,Tricep Extension (Cable),3,10
Jake and Javon Strength Training,70,4,1,7,Tricep Extension (Machine),3,10
Jake and Javon Strength Training,70,4,1,7,Abs Crunch (Machine),5,10
Jake and Javon Strength Training,70,4,2,5,Squat (Barbell),1,10
Jake and Javon Strength Training,70,4,2,5,Leg Extension,3,10
Jake and Javon Strength Training,70,4,2,5,Leg Curl,3,10
Jake and Javon Strength Training,70,4,2,5,Seated Calf Raise,3,10
Jake and Javon Strength Training,70,4,2,5,Abs Crunch (Machine),4,10
Jake and Javon Strength Training,70,4,3,6,Lat Pulldown,4,10
Jake and Javon Strength Training,70,4,3,6,Seated Row (Cable),4,10
Jake and Javon Strength Training,70,4,3,6,One Arm Bent Over Row,3,10
Jake and Javon Strength Training,70,4,3,6,Bicep Curl (Machine),3,10
Jake and Javon Strength Training,70,4,3,6,Bicep Curl (Cable),3,10
Jake and Javon Strength Training,70,4,3,6,Abs Crunch (Machine),4,10
Jake and Javon Strength Training,70,4,4,6,Overhead Press (Barbell),2,10
Jake and Javon Strength Training,70,4,4,6,Lateral Raise (Dumbbell),3,10
Jake and Javon Strength Training,70,4,4,6,Rear Delt Fly (Machine),3,10
Jake and Javon Strength Training,70,4,4,6,Seated Dip (Machine),3,10
Jake and Javon Strength Training,70,4,4,6,Standing Pullover (Cable),3,10
Jake and Javon Strength Training,70,4,4,6,Abs Crunch (Machine),4,10
Jake and Javon Strength Training,70,4,5,6,Deadlift (Barbell),2,10
Jake and Javon Strength Training,70,4,5,6,Leg Press,3,10
Jake and Javon Strength Training,70,4,5,6,Hip Adductor (Machine),3,10
Jake and Javon Strength Training,70,4,5,6,Hip Abductor (Machine),3,10
Jake and Javon Strength Training,70,4,5,6,Back Extension,3,10
Jake and Javon Strength Training,70,4,5,6,Abs Crunch (Machine),3,10
"1.0 weeks for ['Bodybuilding', 'Muscle & Sculpting']",130,1,1,10,Bench Press (Barbell),2,10
"1.0 weeks for ['Bodybuilding', 'Muscle & Sculpting']",130,1,1,10,Incline Bench Press (Barbell),3,9
"1.0 weeks for ['Bodybuilding', 'Muscle & Sculpting']",130,1,1,10,Incline Chest Fly (Dumbbell),3,8
"1.0 weeks for ['Bodybuilding', 'Muscle & Sculpting']",130,1,1,10,Overhead Press (Barbell),3,5
"1.0 weeks for ['Bodybuilding', 'Muscle & Sculpting']",130,1,1,10,Lateral Raise (Cable),3,8
"1.0 weeks for ['Bodybuilding', 'Muscle & Sculpting']",130,1,1,10,Tricep Pushdown (Cable),3,18
"1.0 weeks for ['Bodybuilding', 'Muscle & Sculpting']",130,1,1,10,Overhead Tricep Extension (Cable),3,18
"1.0 weeks for ['Bodybuilding', 'Muscle & Sculpting']",130,1,1,10,Lumberjack,3,120
"1.0 weeks for ['Bodybuilding', 'Muscle & Sculpting']",130,1,1,10,Hanging Knee Raise,3,5
"1.0 weeks for ['Bodybuilding', 'Muscle & Sculpting']",130,1,1,10,Cable Crunch,3,10
"1.0 weeks for ['Bodybuilding', 'Muscle & Sculpting']",130,1,2,6,Squat (Barbell),2,8
"1.0 weeks for ['Bodybuilding', 'Muscle & Sculpting']",130,1,2,6,Lunge (Dumbbell),3,9
"1.0 weeks for ['Bodybuilding', 'Muscle & Sculpting']",130,1,2,6,Leg Extension,3,18
"1.0 weeks for ['Bodybuilding', 'Muscle & Sculpting']",130,1,2,6,Romanian Deadlift (Barbell),3,8
"1.0 weeks for ['Bodybuilding', 'Muscle & Sculpting']",130,1,2,6,Hip Abductor (Machine),3,12
"1.0 weeks for ['Bodybuilding', 'Muscle & Sculpting']",130,1,2,6,Calf Raise (Machine),3,5
"1.0 weeks for ['Bodybuilding', 'Muscle & Sculpting']",130,1,3,9,Pull-Up (Bodyweight),3,5
"1.0 weeks for ['Bodybuilding', 'Muscle & Sculpting']",130,1,3,9,Straight Arm Pulldown,3,10
"1.0 weeks for ['Bodybuilding', 'Muscle & Sculpting']",130,1,3,9,Meadow Row,3,10
"1.0 weeks for ['Bodybuilding', 'Muscle & Sculpting']",130,1,3,9,Bicep Curl (Barbell),3,180
"1.0 weeks for ['Bodybuilding', 'Muscle & Sculpting']",130,1,3,9,Preacher Curl (Dumbbell),3,10
"1.0 weeks for ['Bodybuilding', 'Muscle & Sculpting']",130,1,3,9,Hammer Curl (Dumbbell),3,6
"1.0 weeks for ['Bodybuilding', 'Muscle & Sculpting']",130,1,3,9,Shrug (Dumbbell),3,10
"1.0 weeks for ['Bodybuilding', 'Muscle & Sculpting']",130,1,3,9,Rear Delt Fly (Dumbbell),3,10
"1.0 weeks for ['Bodybuilding', 'Muscle & Sculpting']",130,1,3,9,Behind The Back Arm Extension,3,9
"1.0 weeks for ['Bodybuilding', 'Muscle & Sculpting']",130,1,4,10,Overhead Press (Barbell),2,8
"1.0 weeks for ['Bodybuilding', 'Muscle & Sculpting']",130,1,4,10,Lateral Raise (Cable),3,5
"1.0 weeks for ['Bodybuilding', 'Muscle & Sculpting']",130,1,4,10,Bench Press (Barbell),3,8
"1.0 weeks for ['Bodybuilding', 'Muscle & Sculpting']",130,1,4,10,Incline Bench Press (Barbell),3,18
"1.0 weeks for ['Bodybuilding', 'Muscle & Sculpting']",130,1,4,10,Chest Fly (Cable),3,18
"1.0 weeks for ['Bodybuilding', 'Muscle & Sculpting']",130,1,4,10,Tricep Pushdown (Cable),3,180
"1.0 weeks for ['Bodybuilding', 'Muscle & Sculpting']",130,1,4,10,Skull Crusher (Barbell),3,5
"1.0 weeks for ['Bodybuilding', 'Muscle & Sculpting']",130,1,4,10,Dragon Fly,3,10
"1.0 weeks for ['Bodybuilding', 'Muscle & Sculpting']",130,1,4,10,Lumberjack,3,8
"1.0 weeks for ['Bodybuilding', 'Muscle & Sculpting']",130,1,4,10,Cable Crunch,3,9
"1.0 weeks for ['Bodybuilding', 'Muscle & Sculpting']",130,1,5,7,Hip Thrust (Machine),3,18
"1.0 weeks for ['Bodybuilding', 'Muscle & Sculpting']",130,1,5,7,Glute Kickback,3,8
"1.0 weeks for ['Bodybuilding', 'Muscle & Sculpting']",130,1,5,7,Good Morning,3,12
"1.0 weeks for ['Bodybuilding', 'Muscle & Sculpting']",130,1,5,7,Hamstring Curl,3,4
"1.0 weeks for ['Bodybuilding', 'Muscle & Sculpting']",130,1,5,7,Single Leg Press,3,5
"1.0 weeks for ['Bodybuilding', 'Muscle & Sculpting']",130,1,5,7,Hip Adductor (Machine),3,10
"1.0 weeks for ['Bodybuilding', 'Muscle & Sculpting']",130,1,5,7,Calf Raise (Machine),3,10
"1.0 weeks for ['Bodybuilding', 'Muscle & Sculpting']",130,1,6,9,Barbell Row,3,180
"1.0 weeks for ['Bodybuilding', 'Muscle & Sculpting']",130,1,6,9,Seated Row (Cable),3,10
"1.0 weeks for ['Bodybuilding', 'Muscle & Sculpting']",130,1,6,9,Lat Pulldown,3,6
"1.0 weeks for ['Bodybuilding', 'Muscle & Sculpting']",130,1,6,9,Shrug (Barbell),3,10
"1.0 weeks for ['Bodybuilding', 'Muscle & Sculpting']",130,1,6,9,Chin-Up (Bodyweight),3,10
"1.0 weeks for ['Bodybuilding', 'Muscle & Sculpting']",130,1,6,9,Bicep Curl (Barbell),3,9
"1.0 weeks for ['Bodybuilding', 'Muscle & Sculpting']",130,1,6,9,Hammer Curl (Cable),3,8
"1.0 weeks for ['Bodybuilding', 'Muscle & Sculpting']",130,1,6,9,Face Pull,3,5
"1.0 weeks for ['Bodybuilding', 'Muscle & Sculpting']",130,1,6,9,Reverse Wrist Curl (Dumbbell),3,8
"1.0 weeks for ['Bodybuilding', 'Muscle & Sculpting']",70,1,1,8,Romanian Deadlift (Barbell),2,120
"1.0 weeks for ['Bodybuilding', 'Muscle & Sculpting']",70,1,1,8,Lying Leg Curl,3,900
"1.0 weeks for ['Bodybuilding', 'Muscle & Sculpting']",70,1,1,8,Pendlay Row,2,120
"1.0 weeks for ['Bodybuilding', 'Muscle & Sculpting']",70,1,1,8,Stiff Leg Deadlift (Dumbbell),3,15
"1.0 weeks for ['Bodybuilding', 'Muscle & Sculpting']",70,1,1,8,Seated Wide-Grip Row (Cable),3,120
"1.0 weeks for ['Bodybuilding', 'Muscle & Sculpting']",70,1,1,8,Nordic Curl,2,6
"1.0 weeks for ['Bodybuilding', 'Muscle & Sculpting']",70,1,1,8,Single Leg Press,2,14
"1.0 weeks for ['Bodybuilding', 'Muscle & Sculpting']",70,1,1,8,Face Pull,2,14
"1.0 weeks for ['Bodybuilding', 'Muscle & Sculpting']",70,1,2,9,Incline Chest Press (Machine),1,14
"1.0 weeks for ['Bodybuilding', 'Muscle & Sculpting']",70,1,2,9,Incline Bench Press (Dumbbell),3,14
"1.0 weeks for ['Bodybuilding', 'Muscle & Sculpting']",70,1,2,9,Chest Fly (Cable),2,8
"1.0 weeks for ['Bodybuilding', 'Muscle & Sculpting']",70,1,2,9,Cable Crossover,2,12
"1.0 weeks for ['Bodybuilding', 'Muscle & Sculpting']",70,1,2,9,Overhead Tricep Extension (Cable),3,12
"1.0 weeks for ['Bodybuilding', 'Muscle & Sculpting']",70,1,2,9,21s (EZ Bar),3,14
"1.0 weeks for ['Bodybuilding', 'Muscle & Sculpting']",70,1,2,9,Incline Curl (Dumbbell),3,14
"1.0 weeks for ['Bodybuilding', 'Muscle & Sculpting']",70,1,2,9,Bicep Curl (Cable),3,14
"1.0 weeks for ['Bodybuilding', 'Muscle & Sculpting']",70,1,2,9,Bicep Curl (Cable),3,7
"7.0 weeks for ['Bodybuilding', 'Powerlifting', 'Powerbuilding', 'Muscle & Sculpting', 'Bodyweight Fitness']",130,1,1,7,Bench Press (Barbell),4,10
"7.0 weeks for ['Bodybuilding', 'Powerlifting', 'Powerbuilding', 'Muscle & Sculpting', 'Bodyweight Fitness']",130,1,1,7,Push Press (Barbell),3,15
"7.0 weeks for ['Bodybuilding', 'Powerlifting', 'Powerbuilding', 'Muscle & Sculpting', 'Bodyweight Fitness']",130,1,1,7,Dips Between Chairs,3,3
"7.0 weeks for ['Bodybuilding', 'Powerlifting', 'Powerbuilding', 'Muscle & Sculpting', 'Bodyweight Fitness']",130,1,1,7,Romanian Deadlift (Barbell),3,9
"7.0 weeks for ['Bodybuilding', 'Powerlifting', 'Powerbuilding', 'Muscle & Sculpting', 'Bodyweight Fitness']",130,1,1,7,T-Bar Row,3,15
"7.0 weeks for ['Bodybuilding', 'Powerlifting', 'Powerbuilding', 'Muscle & Sculpting', 'Bodyweight Fitness']",130,1,1,7,Lat Pulldown,3,12
"7.0 weeks for ['Bodybuilding', 'Powerlifting', 'Powerbuilding', 'Muscle & Sculpting', 'Bodyweight Fitness']",130,1,1,7,Hammer Curl,3,9
"7.0 weeks for ['Bodybuilding', 'Powerlifting', 'Powerbuilding', 'Muscle & Sculpting', 'Bodyweight Fitness']",130,1,2,7,Leg Press,4,15
"7.0 weeks for ['Bodybuilding', 'Powerlifting', 'Powerbuilding', 'Muscle & Sculpting', 'Bodyweight Fitness']",130,1,2,7,Leg Curl,3,30
"7.0 weeks for ['Bodybuilding', 'Powerlifting', 'Powerbuilding', 'Muscle & Sculpting', 'Bodyweight Fitness']",130,1,2,7,Leg Extension,3,12
"7.0 weeks for ['Bodybuilding', 'Powerlifting', 'Powerbuilding', 'Muscle & Sculpting', 'Bodyweight Fitness']",130,1,2,7,Good Morning,3,8
"7.0 weeks for ['Bodybuilding', 'Powerlifting', 'Powerbuilding', 'Muscle & Sculpting', 'Bodyweight Fitness']",130,1,2,7,Reverse Hyperextension,3,10
"7.0 weeks for ['Bodybuilding', 'Powerlifting', 'Powerbuilding', 'Muscle & Sculpting', 'Bodyweight Fitness']",130,1,2,7,Standing Calf Raise,3,10
"7.0 weeks for ['Bodybuilding', 'Powerlifting', 'Powerbuilding', 'Muscle & Sculpting', 'Bodyweight Fitness']",130,1,2,7,Plank,3,300
"7.0 weeks for ['Bodybuilding', 'Powerlifting', 'Powerbuilding', 'Muscle & Sculpting', 'Bodyweight Fitness']",130,2,1,7,Bench Press (Barbell),5,11
"7.0 weeks for ['Bodybuilding', 'Powerlifting', 'Powerbuilding', 'Muscle & Sculpting', 'Bodyweight Fitness']",130,2,1,7,Push Press (Barbell),3,11
"7.0 weeks for ['Bodybuilding', 'Powerlifting', 'Powerbuilding', 'Muscle & Sculpting', 'Bodyweight Fitness']",130,2,1,7,Dips Between Chairs,4,300
"7.0 weeks for ['Bodybuilding', 'Powerlifting', 'Powerbuilding', 'Muscle & Sculpting', 'Bodyweight Fitness']",130,2,1,7,Romanian Deadlift (Barbell),4,8
"7.0 weeks for ['Bodybuilding', 'Powerlifting', 'Powerbuilding', 'Muscle & Sculpting', 'Bodyweight Fitness']",130,2,1,7,T-Bar Row,4,10
"7.0 weeks for ['Bodybuilding', 'Powerlifting', 'Powerbuilding', 'Muscle & Sculpting', 'Bodyweight Fitness']",130,2,1,7,Lat Pulldown,4,14
"7.0 weeks for ['Bodybuilding', 'Powerlifting', 'Powerbuilding', 'Muscle & Sculpting', 'Bodyweight Fitness']",130,2,1,7,Hammer Curl,3,300
"7.0 weeks for ['Bodybuilding', 'Powerlifting', 'Powerbuilding', 'Muscle & Sculpting', 'Bodyweight Fitness']",130,2,2,7,Leg Press,5,10
"7.0 weeks for ['Bodybuilding', 'Powerlifting', 'Powerbuilding', 'Muscle & Sculpting', 'Bodyweight Fitness']",130,2,2,7,Leg Curl,4,10
"7.0 weeks for ['Bodybuilding', 'Powerlifting', 'Powerbuilding', 'Muscle & Sculpting', 'Bodyweight Fitness']",130,2,2,7,Leg Extension,4,300
"7.0 weeks for ['Bodybuilding', 'Powerlifting', 'Powerbuilding', 'Muscle & Sculpting', 'Bodyweight Fitness']",130,2,2,7,Good Morning,3,8
"7.0 weeks for ['Bodybuilding', 'Powerlifting', 'Powerbuilding', 'Muscle & Sculpting', 'Bodyweight Fitness']",130,2,2,7,Reverse Hyperextension,3,18
"7.0 weeks for ['Bodybuilding', 'Powerlifting', 'Powerbuilding', 'Muscle & Sculpting', 'Bodyweight Fitness']",130,2,2,7,Standing Calf Raise,4,10
"7.0 weeks for ['Bodybuilding', 'Powerlifting', 'Powerbuilding', 'Muscle & Sculpting', 'Bodyweight Fitness']",130,2,2,7,Plank,3,300
"7.0 weeks for ['Bodybuilding', 'Powerlifting', 'Powerbuilding', 'Muscle & Sculpting', 'Bodyweight Fitness']",130,3,1,7,Bench Press (Barbell),5,10
"7.0 weeks for ['Bodybuilding', 'Powerlifting', 'Powerbuilding', 'Muscle & Sculpting', 'Bodyweight Fitness']",130,3,1,7,Push Press (Barbell),4,300
"7.0 weeks for ['Bodybuilding', 'Powerlifting', 'Powerbuilding', 'Muscle & Sculpting', 'Bodyweight Fitness']",130,3,1,7,Dips Between Chairs,4,12
"7.0 weeks for ['Bodybuilding', 'Powerlifting', 'Powerbuilding', 'Muscle & Sculpting', 'Bodyweight Fitness']",130,3,1,7,Romanian Deadlift (Barbell),4,300
"7.0 weeks for ['Bodybuilding', 'Powerlifting', 'Powerbuilding', 'Muscle & Sculpting', 'Bodyweight Fitness']",130,3,1,7,T-Bar Row,4,8
"7.0 weeks for ['Bodybuilding', 'Powerlifting', 'Powerbuilding', 'Muscle & Sculpting', 'Bodyweight Fitness']",130,3,1,7,Lat Pulldown,4,10
"7.0 weeks for ['Bodybuilding', 'Powerlifting', 'Powerbuilding', 'Muscle & Sculpting', 'Bodyweight Fitness']",130,3,1,7,Hammer Curl,3,12
"7.0 weeks for ['Bodybuilding', 'Powerlifting', 'Powerbuilding', 'Muscle & Sculpting', 'Bodyweight Fitness']",130,3,2,7,Leg Press,5,300
"7.0 weeks for ['Bodybuilding', 'Powerlifting', 'Powerbuilding', 'Muscle & Sculpting', 'Bodyweight Fitness']",130,3,2,7,Leg Curl,4,10
"7.0 weeks for ['Bodybuilding', 'Powerlifting', 'Powerbuilding', 'Muscle & Sculpting', 'Bodyweight Fitness']",130,3,2,7,Leg Extension,4,300
"7.0 weeks for ['Bodybuilding', 'Powerlifting', 'Powerbuilding', 'Muscle & Sculpting', 'Bodyweight Fitness']",130,3,2,7,Good Morning,3,14
"7.0 weeks for ['Bodybuilding', 'Powerlifting', 'Powerbuilding', 'Muscle & Sculpting', 'Bodyweight Fitness']",130,3,2,7,Reverse Hyperextension,3,300
"7.0 weeks for ['Bodybuilding', 'Powerlifting', 'Powerbuilding', 'Muscle & Sculpting', 'Bodyweight Fitness']",130,3,2,7,Standing Calf Raise,4,8
"7.0 weeks for ['Bodybuilding', 'Powerlifting', 'Powerbuilding', 'Muscle & Sculpting', 'Bodyweight Fitness']",130,3,2,7,Plank,3,10
"7.0 weeks for ['Bodybuilding', 'Powerlifting', 'Powerbuilding', 'Muscle & Sculpting', 'Bodyweight Fitness']",130,4,1,7,Bench Press (Barbell),4,10
"7.0 weeks for ['Bodybuilding', 'Powerlifting', 'Powerbuilding', 'Muscle & Sculpting', 'Bodyweight Fitness']",130,4,1,7,Push Press (Barbell),4,300
"7.0 weeks for ['Bodybuilding', 'Powerlifting', 'Powerbuilding', 'Muscle & Sculpting', 'Bodyweight Fitness']",130,4,1,7,Dips Between Chairs,4,11
"7.0 weeks for ['Bodybuilding', 'Powerlifting', 'Powerbuilding', 'Muscle & Sculpting', 'Bodyweight Fitness']",130,4,1,7,Romanian Deadlift (Barbell),4,11
"7.0 weeks for ['Bodybuilding', 'Powerlifting', 'Powerbuilding', 'Muscle & Sculpting', 'Bodyweight Fitness']",130,4,1,7,T-Bar Row,4,300
"7.0 weeks for ['Bodybuilding', 'Powerlifting', 'Powerbuilding', 'Muscle & Sculpting', 'Bodyweight Fitness']",130,4,1,7,Lat Pulldown,4,8
"7.0 weeks for ['Bodybuilding', 'Powerlifting', 'Powerbuilding', 'Muscle & Sculpting', 'Bodyweight Fitness']",130,4,1,7,Hammer Curl,3,10
"7.0 weeks for ['Bodybuilding', 'Powerlifting', 'Powerbuilding', 'Muscle & Sculpting', 'Bodyweight Fitness']",130,4,2,7,Leg Press,5,14
"7.0 weeks for ['Bodybuilding', 'Powerlifting', 'Powerbuilding', 'Muscle & Sculpting', 'Bodyweight Fitness']",130,4,2,7,Leg Curl,4,300
"7.0 weeks for ['Bodybuilding', 'Powerlifting', 'Powerbuilding', 'Muscle & Sculpting', 'Bodyweight Fitness']",130,4,2,7,Leg Extension,4,10
"7.0 weeks for ['Bodybuilding', 'Powerlifting', 'Powerbuilding', 'Muscle & Sculpting', 'Bodyweight Fitness']",130,4,2,7,Good Morning,3,10
"7.0 weeks for ['Bodybuilding', 'Powerlifting', 'Powerbuilding', 'Muscle & Sculpting', 'Bodyweight Fitness']",130,4,2,7,Reverse Hyperextension,3,300
"7.0 weeks for ['Bodybuilding', 'Powerlifting', 'Powerbuilding', 'Muscle & Sculpting', 'Bodyweight Fitness']",130,4,2,7,Standing Calf Raise,5,8
"7.0 weeks for ['Bodybuilding', 'Powerlifting', 'Powerbuilding', 'Muscle & Sculpting', 'Bodyweight Fitness']",130,4,2,7,Decline Crunch,3,18
"7.0 weeks for ['Bodybuilding', 'Powerlifting', 'Powerbuilding', 'Muscle & Sculpting', 'Bodyweight Fitness']",130,5,1,7,Bench Press (Barbell),3,10
"7.0 weeks for ['Bodybuilding', 'Powerlifting', 'Powerbuilding', 'Muscle & Sculpting', 'Bodyweight Fitness']",130,5,1,7,Push Press (Barbell),3,300
"7.0 weeks for ['Bodybuilding', 'Powerlifting', 'Powerbuilding', 'Muscle & Sculpting', 'Bodyweight Fitness']",130,5,1,7,Dips Between Chairs,3,10
"7.0 weeks for ['Bodybuilding', 'Powerlifting', 'Powerbuilding', 'Muscle & Sculpting', 'Bodyweight Fitness']",130,5,1,7,Romanian Deadlift (Barbell),4,300
"7.0 weeks for ['Bodybuilding', 'Powerlifting', 'Powerbuilding', 'Muscle & Sculpting', 'Bodyweight Fitness']",130,5,1,7,T-Bar Row,4,12
"7.0 weeks for ['Bodybuilding', 'Powerlifting', 'Powerbuilding', 'Muscle & Sculpting', 'Bodyweight Fitness']",130,5,1,7,Lat Pulldown,4,300
"7.0 weeks for ['Bodybuilding', 'Powerlifting', 'Powerbuilding', 'Muscle & Sculpting', 'Bodyweight Fitness']",130,5,1,7,Hammer Curl,2,8
"7.0 weeks for ['Bodybuilding', 'Powerlifting', 'Powerbuilding', 'Muscle & Sculpting', 'Bodyweight Fitness']",130,5,2,7,Leg Press,4,10
"7.0 weeks for ['Bodybuilding', 'Powerlifting', 'Powerbuilding', 'Muscle & Sculpting', 'Bodyweight Fitness']",130,5,2,7,Leg Curl,3,12
"7.0 weeks for ['Bodybuilding', 'Powerlifting', 'Powerbuilding', 'Muscle & Sculpting', 'Bodyweight Fitness']",130,5,2,7,Leg Extension,3,300
"7.0 weeks for ['Bodybuilding', 'Powerlifting', 'Powerbuilding', 'Muscle & Sculpting', 'Bodyweight Fitness']",130,5,2,7,Good Morning,2,10
"7.0 weeks for ['Bodybuilding', 'Powerlifting', 'Powerbuilding', 'Muscle & Sculpting', 'Bodyweight Fitness']",130,5,2,7,Reverse Hyperextension,2,300
"7.0 weeks for ['Bodybuilding', 'Powerlifting', 'Powerbuilding', 'Muscle & Sculpting', 'Bodyweight Fitness']",130,5,2,7,Standing Calf Raise,4,14
"7.0 weeks for ['Bodybuilding', 'Powerlifting', 'Powerbuilding', 'Muscle & Sculpting', 'Bodyweight Fitness']",130,5,2,7,Hanging Leg Raise,2,300
"7.0 weeks for ['Bodybuilding', 'Powerlifting', 'Powerbuilding', 'Muscle & Sculpting', 'Bodyweight Fitness']",130,6,1,7,Bench Press (Barbell),3,8
"7.0 weeks for ['Bodybuilding', 'Powerlifting', 'Powerbuilding', 'Muscle & Sculpting', 'Bodyweight Fitness']",130,6,1,7,Push Press (Barbell),3,10
"7.0 weeks for ['Bodybuilding', 'Powerlifting', 'Powerbuilding', 'Muscle & Sculpting', 'Bodyweight Fitness']",130,6,1,7,Dips Between Chairs,2,10
"7.0 weeks for ['Bodybuilding', 'Powerlifting', 'Powerbuilding', 'Muscle & Sculpting', 'Bodyweight Fitness']",130,6,1,7,Romanian Deadlift (Barbell),2,300
"7.0 weeks for ['Bodybuilding', 'Powerlifting', 'Powerbuilding', 'Muscle & Sculpting', 'Bodyweight Fitness']",130,6,1,7,T-Bar Row,2,11
"7.0 weeks for ['Bodybuilding', 'Powerlifting', 'Powerbuilding', 'Muscle & Sculpting', 'Bodyweight Fitness']",130,6,1,7,Lat Pulldown,2,11
"7.0 weeks for ['Bodybuilding', 'Powerlifting', 'Powerbuilding', 'Muscle & Sculpting', 'Bodyweight Fitness']",130,6,1,7,Hammer Curl,2,300
"7.0 weeks for ['Bodybuilding', 'Powerlifting', 'Powerbuilding', 'Muscle & Sculpting', 'Bodyweight Fitness']",130,6,2,7,Leg Press,3,8
"7.0 weeks for ['Bodybuilding', 'Powerlifting', 'Powerbuilding', 'Muscle & Sculpting', 'Bodyweight Fitness']",130,6,2,7,Leg Curl,2,10
"7.0 weeks for ['Bodybuilding', 'Powerlifting', 'Powerbuilding', 'Muscle & Sculpting', 'Bodyweight Fitness']",130,6,2,7,Leg Extension,2,14
"7.0 weeks for ['Bodybuilding', 'Powerlifting', 'Powerbuilding', 'Muscle & Sculpting', 'Bodyweight Fitness']",130,6,2,7,Good Morning,2,300
"7.0 weeks for ['Bodybuilding', 'Powerlifting', 'Powerbuilding', 'Muscle & Sculpting', 'Bodyweight Fitness']",130,6,2,7,Reverse Hyperextension,2,10
"7.0 weeks for ['Bodybuilding', 'Powerlifting', 'Powerbuilding', 'Muscle & Sculpting', 'Bodyweight Fitness']",130,6,2,7,Standing Calf Raise,3,10
"7.0 weeks for ['Bodybuilding', 'Powerlifting', 'Powerbuilding', 'Muscle & Sculpting', 'Bodyweight Fitness']",130,6,2,7,Dead Bug,2,300
"7.0 weeks for ['Bodybuilding', 'Powerlifting', 'Powerbuilding', 'Muscle & Sculpting', 'Bodyweight Fitness']",130,7,1,7,Bench Press (Barbell),1,8
"7.0 weeks for ['Bodybuilding', 'Powerlifting', 'Powerbuilding', 'Muscle & Sculpting', 'Bodyweight Fitness']",130,7,1,7,Push Press (Barbell),4,18
"7.0 weeks for ['Bodybuilding', 'Powerlifting', 'Powerbuilding', 'Muscle & Sculpting', 'Bodyweight Fitness']",130,7,1,7,Dips Between Chairs,3,10
"7.0 weeks for ['Bodybuilding', 'Powerlifting', 'Powerbuilding', 'Muscle & Sculpting', 'Bodyweight Fitness']",130,7,1,7,Romanian Deadlift (Barbell),3,300
"7.0 weeks for ['Bodybuilding', 'Powerlifting', 'Powerbuilding', 'Muscle & Sculpting', 'Bodyweight Fitness']",130,7,1,7,T-Bar Row,3,10
"7.0 weeks for ['Bodybuilding', 'Powerlifting', 'Powerbuilding', 'Muscle & Sculpting', 'Bodyweight Fitness']",130,7,1,7,Lat Pulldown,3,300
"7.0 weeks for ['Bodybuilding', 'Powerlifting', 'Powerbuilding', 'Muscle & Sculpting', 'Bodyweight Fitness']",130,7,1,7,Hammer Curl,3,12
"7.0 weeks for ['Bodybuilding', 'Powerlifting', 'Powerbuilding', 'Muscle & Sculpting', 'Bodyweight Fitness']",130,7,2,7,Leg Press,4,300
"7.0 weeks for ['Bodybuilding', 'Powerlifting', 'Powerbuilding', 'Muscle & Sculpting', 'Bodyweight Fitness']",130,7,2,7,Leg Curl,4,8
"7.0 weeks for ['Bodybuilding', 'Powerlifting', 'Powerbuilding', 'Muscle & Sculpting', 'Bodyweight Fitness']",130,7,2,7,Leg Extension,4,10
"7.0 weeks for ['Bodybuilding', 'Powerlifting', 'Powerbuilding', 'Muscle & Sculpting', 'Bodyweight Fitness']",130,7,2,7,Good Morning,3,12
"7.0 weeks for ['Bodybuilding', 'Powerlifting', 'Powerbuilding', 'Muscle & Sculpting', 'Bodyweight Fitness']",130,7,2,7,Reverse Hyperextension,3,300
"7.0 weeks for ['Bodybuilding', 'Powerlifting', 'Powerbuilding', 'Muscle & Sculpting', 'Bodyweight Fitness']",130,7,2,7,Standing Calf Raise,4,10
"7.0 weeks for ['Bodybuilding', 'Powerlifting', 'Powerbuilding', 'Muscle & Sculpting', 'Bodyweight Fitness']",130,7,2,7,Decline Crunch,3,300
"7.0 weeks for ['Bodybuilding', 'Powerlifting', 'Powerbuilding', 'Muscle & Sculpting', 'Bodyweight Fitness']",60,1,1,6,Squat (Barbell),1,14
"7.0 weeks for ['Bodybuilding', 'Powerlifting', 'Powerbuilding', 'Muscle & Sculpting', 'Bodyweight Fitness']",60,1,1,6,Bench Press (Barbell),1,300
"7.0 weeks for ['Bodybuilding', 'Powerlifting', 'Powerbuilding', 'Muscle & Sculpting', 'Bodyweight Fitness']",60,1,1,6,Bench Press (Dumbbell),1,8
"7.0 weeks for ['Bodybuilding', 'Powerlifting', 'Powerbuilding', 'Muscle & Sculpting', 'Bodyweight Fitness']",60,1,1,6,Incline Chest Press (Machine),1,10
"7.0 weeks for ['Bodybuilding', 'Powerlifting', 'Powerbuilding', 'Muscle & Sculpting', 'Bodyweight Fitness']",60,1,1,6,Chest Fly (Machine),1,10
"7.0 weeks for ['Bodybuilding', 'Powerlifting', 'Powerbuilding', 'Muscle & Sculpting', 'Bodyweight Fitness']",60,1,1,6,Overhead Tricep Extension (Cable),1,300
"7.0 weeks for ['Bodybuilding', 'Powerlifting', 'Powerbuilding', 'Muscle & Sculpting', 'Bodyweight Fitness']",60,1,2,6,Deadlift (Paused),1,11
"7.0 weeks for ['Bodybuilding', 'Powerlifting', 'Powerbuilding', 'Muscle & Sculpting', 'Bodyweight Fitness']",60,1,2,6,Seated Wide-Grip Row (Cable),1,11
"7.0 weeks for ['Bodybuilding', 'Powerlifting', 'Powerbuilding', 'Muscle & Sculpting', 'Bodyweight Fitness']",60,1,2,6,Lat Pulldown,1,300
"7.0 weeks for ['Bodybuilding', 'Powerlifting', 'Powerbuilding', 'Muscle & Sculpting', 'Bodyweight Fitness']",60,1,2,6,Single Arm Iso Row,1,8
"7.0 weeks for ['Bodybuilding', 'Powerlifting', 'Powerbuilding', 'Muscle & Sculpting', 'Bodyweight Fitness']",60,1,2,6,Bicep Curl (Cable),1,10
"7.0 weeks for ['Bodybuilding', 'Powerlifting', 'Powerbuilding', 'Muscle & Sculpting', 'Bodyweight Fitness']",60,1,2,6,Preacher Curl (Dumbbell),1,14
"7.0 weeks for ['Bodybuilding', 'Powerlifting', 'Powerbuilding', 'Muscle & Sculpting', 'Bodyweight Fitness']",60,1,3,7,Squat (Low Bar),1,300
"7.0 weeks for ['Bodybuilding', 'Powerlifting', 'Powerbuilding', 'Muscle & Sculpting', 'Bodyweight Fitness']",60,1,3,7,Seated Overhead Press (Dumbbell),1,10
"7.0 weeks for ['Bodybuilding', 'Powerlifting', 'Powerbuilding', 'Muscle & Sculpting', 'Bodyweight Fitness']",60,1,3,7,Front Raise,2,10
"7.0 weeks for ['Bodybuilding', 'Powerlifting', 'Powerbuilding', 'Muscle & Sculpting', 'Bodyweight Fitness']",60,1,3,7,Lateral Raise (Dumbbell),1,300
"7.0 weeks for ['Bodybuilding', 'Powerlifting', 'Powerbuilding', 'Muscle & Sculpting', 'Bodyweight Fitness']",60,1,3,7,Upright Row (Barbell),1,8
"7.0 weeks for ['Bodybuilding', 'Powerlifting', 'Powerbuilding', 'Muscle & Sculpting', 'Bodyweight Fitness']",60,1,3,7,Rear Delt Fly (Cable),1,18
"7.0 weeks for ['Bodybuilding', 'Powerlifting', 'Powerbuilding', 'Muscle & Sculpting', 'Bodyweight Fitness']",60,1,3,7,Face Pull,1,10
"7.0 weeks for ['Bodybuilding', 'Powerlifting', 'Powerbuilding', 'Muscle & Sculpting', 'Bodyweight Fitness']",60,1,4,7,Bench Press (Paused),1,300
"7.0 weeks for ['Bodybuilding', 'Powerlifting', 'Powerbuilding', 'Muscle & Sculpting', 'Bodyweight Fitness']",60,1,4,7,Bench Press (Dumbbell),1,10
"7.0 weeks for ['Bodybuilding', 'Powerlifting', 'Powerbuilding', 'Muscle & Sculpting', 'Bodyweight Fitness']",60,1,4,7,Incline Chest Press (Machine),1,300
"7.0 weeks for ['Bodybuilding', 'Powerlifting', 'Powerbuilding', 'Muscle & Sculpting', 'Bodyweight Fitness']",60,1,4,7,Chest Fly (Cable),1,12
"7.0 weeks for ['Bodybuilding', 'Powerlifting', 'Powerbuilding', 'Muscle & Sculpting', 'Bodyweight Fitness']",60,1,4,7,Tricep Pushdown (Cable),1,300
"7.0 weeks for ['Bodybuilding', 'Powerlifting', 'Powerbuilding', 'Muscle & Sculpting', 'Bodyweight Fitness']",60,1,4,7,Overhead Tricep Extension (Cable),1,8
"7.0 weeks for ['Bodybuilding', 'Powerlifting', 'Powerbuilding', 'Muscle & Sculpting', 'Bodyweight Fitness']",60,1,4,7,Leg Extension,1,10
"7.0 weeks for ['Bodybuilding', 'Powerlifting', 'Powerbuilding', 'Muscle & Sculpting', 'Bodyweight Fitness']",60,1,5,6,Sumo Deadlift (Paused),1,12
"7.0 weeks for ['Bodybuilding', 'Powerlifting', 'Powerbuilding', 'Muscle & Sculpting', 'Bodyweight Fitness']",60,1,5,6,Seated Row (Cable),1,300
"7.0 weeks for ['Bodybuilding', 'Powerlifting', 'Powerbuilding', 'Muscle & Sculpting', 'Bodyweight Fitness']",60,1,5,6,Single Arm Iso Row,1,10
"7.0 weeks for ['Bodybuilding', 'Powerlifting', 'Powerbuilding', 'Muscle & Sculpting', 'Bodyweight Fitness']",60,1,5,6,Lat Pulldown (Close Grip),1,300
"7.0 weeks for ['Bodybuilding', 'Powerlifting', 'Powerbuilding', 'Muscle & Sculpting', 'Bodyweight Fitness']",60,1,5,6,Bicep Curl (Machine),1,14
"7.0 weeks for ['Bodybuilding', 'Powerlifting', 'Powerbuilding', 'Muscle & Sculpting', 'Bodyweight Fitness']",60,1,5,6,Leg Curl,1,300
"7.0 weeks for ['Bodybuilding', 'Powerlifting', 'Powerbuilding', 'Muscle & Sculpting', 'Bodyweight Fitness']",60,2,1,6,Squat (Barbell),1,8
"7.0 weeks for ['Bodybuilding', 'Powerlifting', 'Powerbuilding', 'Muscle & Sculpting', 'Bodyweight Fitness']",60,2,1,6,Bench Press (Barbell),1,10
"7.0 weeks for ['Bodybuilding', 'Powerlifting', 'Powerbuilding', 'Muscle & Sculpting', 'Bodyweight Fitness']",60,2,1,6,Bench Press (Dumbbell),1,10
"7.0 weeks for ['Bodybuilding', 'Powerlifting', 'Powerbuilding', 'Muscle & Sculpting', 'Bodyweight Fitness']",60,2,1,6,Incline Chest Press (Machine),1,300
"7.0 weeks for ['Bodybuilding', 'Powerlifting', 'Powerbuilding', 'Muscle & Sculpting', 'Bodyweight Fitness']",60,2,1,6,Chest Fly (Machine),1,11
"7.0 weeks for ['Bodybuilding', 'Powerlifting', 'Powerbuilding', 'Muscle & Sculpting', 'Bodyweight Fitness']",60,2,1,6,Overhead Tricep Extension (Cable),1,11
"7.0 weeks for ['Bodybuilding', 'Powerlifting', 'Powerbuilding', 'Muscle & Sculpting', 'Bodyweight Fitness']",60,2,2,6,Deadlift (Paused),1,300
"7.0 weeks for ['Bodybuilding', 'Powerlifting', 'Powerbuilding', 'Muscle & Sculpting', 'Bodyweight Fitness']",60,2,2,6,Seated Wide-Grip Row (Cable),1,8
"7.0 weeks for ['Bodybuilding', 'Powerlifting', 'Powerbuilding', 'Muscle & Sculpting', 'Bodyweight Fitness']",60,2,2,6,Lat Pulldown,1,10
"7.0 weeks for ['Bodybuilding', 'Powerlifting', 'Powerbuilding', 'Muscle & Sculpting', 'Bodyweight Fitness']",60,2,2,6,Single Arm Iso Row,1,14
"7.0 weeks for ['Bodybuilding', 'Powerlifting', 'Powerbuilding', 'Muscle & Sculpting', 'Bodyweight Fitness']",60,2,2,6,Bicep Curl (Cable),1,300
"7.0 weeks for ['Bodybuilding', 'Powerlifting', 'Powerbuilding', 'Muscle & Sculpting', 'Bodyweight Fitness']",60,2,2,6,Preacher Curl (Dumbbell),1,10
"7.0 weeks for ['Bodybuilding', 'Powerlifting', 'Powerbuilding', 'Muscle & Sculpting', 'Bodyweight Fitness']",60,2,3,7,Squat (Low Bar),1,10
"7.0 weeks for ['Bodybuilding', 'Powerlifting', 'Powerbuilding', 'Muscle & Sculpting', 'Bodyweight Fitness']",60,2,3,7,Seated Overhead Press (Dumbbell),1,300
"7.0 weeks for ['Bodybuilding', 'Powerlifting', 'Powerbuilding', 'Muscle & Sculpting', 'Bodyweight Fitness']",60,2,3,7,Front Raise,2,8
"7.0 weeks for ['Bodybuilding', 'Powerlifting', 'Powerbuilding', 'Muscle & Sculpting', 'Bodyweight Fitness']",60,2,3,7,Lateral Raise (Dumbbell),1,18
"7.0 weeks for ['Bodybuilding', 'Powerlifting', 'Powerbuilding', 'Muscle & Sculpting', 'Bodyweight Fitness']",60,2,3,7,Upright Row (Barbell),1,10
"7.0 weeks for ['Bodybuilding', 'Powerlifting', 'Powerbuilding', 'Muscle & Sculpting', 'Bodyweight Fitness']",60,2,3,7,Rear Delt Fly (Cable),1,300
"7.0 weeks for ['Bodybuilding', 'Powerlifting', 'Powerbuilding', 'Muscle & Sculpting', 'Bodyweight Fitness']",60,2,3,7,Face Pull,1,10
"7.0 weeks for ['Bodybuilding', 'Powerlifting', 'Powerbuilding', 'Muscle & Sculpting', 'Bodyweight Fitness']",60,2,4,7,Bench Press (Paused),1,300
"7.0 weeks for ['Bodybuilding', 'Powerlifting', 'Powerbuilding', 'Muscle & Sculpting', 'Bodyweight Fitness']",60,2,4,7,Bench Press (Dumbbell),1,12
"7.0 weeks for ['Bodybuilding', 'Powerlifting', 'Powerbuilding', 'Muscle & Sculpting', 'Bodyweight Fitness']",60,2,4,7,Incline Chest Press (Machine),1,300
"7.0 weeks for ['Bodybuilding', 'Powerlifting', 'Powerbuilding', 'Muscle & Sculpting', 'Bodyweight Fitness']",60,2,4,7,Chest Fly (Cable),1,8
"7.0 weeks for ['Bodybuilding', 'Powerlifting', 'Powerbuilding', 'Muscle & Sculpting', 'Bodyweight Fitness']",60,2,4,7,Tricep Pushdown (Cable),1,10
"7.0 weeks for ['Bodybuilding', 'Powerlifting', 'Powerbuilding', 'Muscle & Sculpting', 'Bodyweight Fitness']",60,2,4,7,Overhead Tricep Extension (Cable),1,12
"7.0 weeks for ['Bodybuilding', 'Powerlifting', 'Powerbuilding', 'Muscle & Sculpting', 'Bodyweight Fitness']",60,2,4,7,Leg Extension,1,300
"7.0 weeks for ['Bodybuilding', 'Powerlifting', 'Powerbuilding', 'Muscle & Sculpting', 'Bodyweight Fitness']",60,2,5,6,Sumo Deadlift (Paused),1,10
"7.0 weeks for ['Bodybuilding', 'Powerlifting', 'Powerbuilding', 'Muscle & Sculpting', 'Bodyweight Fitness']",60,2,5,6,Seated Row (Cable),1,300
"7.0 weeks for ['Bodybuilding', 'Powerlifting', 'Powerbuilding', 'Muscle & Sculpting', 'Bodyweight Fitness']",60,2,5,6,Single Arm Iso Row,1,14
"7.0 weeks for ['Bodybuilding', 'Powerlifting', 'Powerbuilding', 'Muscle & Sculpting', 'Bodyweight Fitness']",60,2,5,6,Lat Pulldown (Close Grip),1,300
"7.0 weeks for ['Bodybuilding', 'Powerlifting', 'Powerbuilding', 'Muscle & Sculpting', 'Bodyweight Fitness']",60,2,5,6,Bicep Curl (Machine),1,8
"7.0 weeks for ['Bodybuilding', 'Powerlifting', 'Powerbuilding', 'Muscle & Sculpting', 'Bodyweight Fitness']",60,2,5,6,Leg Curl,1,10
"7.0 weeks for ['Bodybuilding', 'Powerlifting', 'Powerbuilding', 'Muscle & Sculpting', 'Bodyweight Fitness']",60,3,1,6,Squat (Barbell),1,10
"7.0 weeks for ['Bodybuilding', 'Powerlifting', 'Powerbuilding', 'Muscle & Sculpting', 'Bodyweight Fitness']",60,3,1,6,Bench Press (Barbell),1,300
"7.0 weeks for ['Bodybuilding', 'Powerlifting', 'Powerbuilding', 'Muscle & Sculpting', 'Bodyweight Fitness']",60,3,1,6,Bench Press (Dumbbell),1,11
"7.0 weeks for ['Bodybuilding', 'Powerlifting', 'Powerbuilding', 'Muscle & Sculpting', 'Bodyweight Fitness']",60,3,1,6,Incline Chest Press (Machine),1,11
"7.0 weeks for ['Bodybuilding', 'Powerlifting', 'Powerbuilding', 'Muscle & Sculpting', 'Bodyweight Fitness']",60,3,1,6,Chest Fly (Machine),1,300
"7.0 weeks for ['Bodybuilding', 'Powerlifting', 'Powerbuilding', 'Muscle & Sculpting', 'Bodyweight Fitness']",60,3,1,6,Overhead Tricep Extension (Cable),1,8
"7.0 weeks for ['Bodybuilding', 'Powerlifting', 'Powerbuilding', 'Muscle & Sculpting', 'Bodyweight Fitness']",60,3,2,6,Deadlift (Paused),1,10
"7.0 weeks for ['Bodybuilding', 'Powerlifting', 'Powerbuilding', 'Muscle & Sculpting', 'Bodyweight Fitness']",60,3,2,6,Seated Wide-Grip Row (Cable),1,14
"7.0 weeks for ['Bodybuilding', 'Powerlifting', 'Powerbuilding', 'Muscle & Sculpting', 'Bodyweight Fitness']",60,3,2,6,Lat Pulldown,1,300
"7.0 weeks for ['Bodybuilding', 'Powerlifting', 'Powerbuilding', 'Muscle & Sculpting', 'Bodyweight Fitness']",60,3,2,6,Single Arm Iso Row,1,10
"7.0 weeks for ['Bodybuilding', 'Powerlifting', 'Powerbuilding', 'Muscle & Sculpting', 'Bodyweight Fitness']",60,3,2,6,Bicep Curl (Cable),1,10
"7.0 weeks for ['Bodybuilding', 'Powerlifting', 'Powerbuilding', 'Muscle & Sculpting', 'Bodyweight Fitness']",60,3,2,6,Preacher Curl (Dumbbell),1,300
"7.0 weeks for ['Bodybuilding', 'Powerlifting', 'Powerbuilding', 'Muscle & Sculpting', 'Bodyweight Fitness']",60,3,3,7,Squat (Low Bar),1,8
"7.0 weeks for ['Bodybuilding', 'Powerlifting', 'Powerbuilding', 'Muscle & Sculpting', 'Bodyweight Fitness']",60,3,3,7,Seated Overhead Press (Dumbbell),1,18
"7.0 weeks for ['Bodybuilding', 'Powerlifting', 'Powerbuilding', 'Muscle & Sculpting', 'Bodyweight Fitness']",60,3,3,7,Front Raise,2,10
"7.0 weeks for ['Bodybuilding', 'Powerlifting', 'Powerbuilding', 'Muscle & Sculpting', 'Bodyweight Fitness']",60,3,3,7,Lateral Raise (Dumbbell),1,300
"7.0 weeks for ['Bodybuilding', 'Powerlifting', 'Powerbuilding', 'Muscle & Sculpting', 'Bodyweight Fitness']",60,3,3,7,Upright Row (Barbell),1,10
"7.0 weeks for ['Bodybuilding', 'Powerlifting', 'Powerbuilding', 'Muscle & Sculpting', 'Bodyweight Fitness']",60,3,3,7,Rear Delt Fly (Cable),1,300
"7.0 weeks for ['Bodybuilding', 'Powerlifting', 'Powerbuilding', 'Muscle & Sculpting', 'Bodyweight Fitness']",60,3,3,7,Face Pull,1,12
"7.0 weeks for ['Bodybuilding', 'Powerlifting', 'Powerbuilding', 'Muscle & Sculpting', 'Bodyweight Fitness']",60,3,4,7,Bench Press (Paused),1,300
"7.0 weeks for ['Bodybuilding', 'Powerlifting', 'Powerbuilding', 'Muscle & Sculpting', 'Bodyweight Fitness']",60,3,4,7,Bench Press (Dumbbell),1,8
"7.0 weeks for ['Bodybuilding', 'Powerlifting', 'Powerbuilding', 'Muscle & Sculpting', 'Bodyweight Fitness']",60,3,4,7,Incline Chest Press (Machine),1,10
"7.0 weeks for ['Bodybuilding', 'Powerlifting', 'Powerbuilding', 'Muscle & Sculpting', 'Bodyweight Fitness']",60,3,4,7,Chest Fly (Cable),1,12
"7.0 weeks for ['Bodybuilding', 'Powerlifting', 'Powerbuilding', 'Muscle & Sculpting', 'Bodyweight Fitness']",60,3,4,7,Tricep Pushdown (Cable),1,300
"7.0 weeks for ['Bodybuilding', 'Powerlifting', 'Powerbuilding', 'Muscle & Sculpting', 'Bodyweight Fitness']",60,3,4,7,Overhead Tricep Extension (Cable),1,10
"7.0 weeks for ['Bodybuilding', 'Powerlifting', 'Powerbuilding', 'Muscle & Sculpting', 'Bodyweight Fitness']",60,3,4,7,Leg Extension,1,300
"7.0 weeks for ['Bodybuilding', 'Powerlifting', 'Powerbuilding', 'Muscle & Sculpting', 'Bodyweight Fitness']",60,3,5,6,Sumo Deadlift (Paused),1,14
"7.0 weeks for ['Bodybuilding', 'Powerlifting', 'Powerbuilding', 'Muscle & Sculpting', 'Bodyweight Fitness']",60,3,5,6,Seated Row (Cable),1,300
"7.0 weeks for ['Bodybuilding', 'Powerlifting', 'Powerbuilding', 'Muscle & Sculpting', 'Bodyweight Fitness']",60,3,5,6,Single Arm Iso Row,1,8
"7.0 weeks for ['Bodybuilding', 'Powerlifting', 'Powerbuilding', 'Muscle & Sculpting', 'Bodyweight Fitness']",60,3,5,6,Lat Pulldown (Close Grip),1,10
"7.0 weeks for ['Bodybuilding', 'Powerlifting', 'Powerbuilding', 'Muscle & Sculpting', 'Bodyweight Fitness']",60,3,5,6,Bicep Curl (Machine),1,10
"7.0 weeks for ['Bodybuilding', 'Powerlifting', 'Powerbuilding', 'Muscle & Sculpting', 'Bodyweight Fitness']",60,3,5,6,Leg Curl,1,300
"7.0 weeks for ['Bodybuilding', 'Powerlifting', 'Powerbuilding', 'Muscle & Sculpting', 'Bodyweight Fitness']",60,4,1,6,Squat (Barbell),1,11
"7.0 weeks for ['Bodybuilding', 'Powerlifting', 'Powerbuilding', 'Muscle & Sculpting', 'Bodyweight Fitness']",60,4,1,6,Bench Press (Barbell),1,11
"7.0 weeks for ['Bodybuilding', 'Powerlifting', 'Powerbuilding', 'Muscle & Sculpting', 'Bodyweight Fitness']",60,4,1,6,Bench Press (Dumbbell),1,300
"7.0 weeks for ['Bodybuilding', 'Powerlifting', 'Powerbuilding', 'Muscle & Sculpting', 'Bodyweight Fitness']",60,4,1,6,Incline Chest Press (Machine),1,8
"7.0 weeks for ['Bodybuilding', 'Powerlifting', 'Powerbuilding', 'Muscle & Sculpting', 'Bodyweight Fitness']",60,4,1,6,Chest Fly (Machine),1,10
"7.0 weeks for ['Bodybuilding', 'Powerlifting', 'Powerbuilding', 'Muscle & Sculpting', 'Bodyweight Fitness']",60,4,1,6,Overhead Tricep Extension (Cable),1,14
"7.0 weeks for ['Bodybuilding', 'Powerlifting', 'Powerbuilding', 'Muscle & Sculpting', 'Bodyweight Fitness']",60,4,2,6,Deadlift (Paused),1,300
"7.0 weeks for ['Bodybuilding', 'Powerlifting', 'Powerbuilding', 'Muscle & Sculpting', 'Bodyweight Fitness']",60,4,2,6,Seated Wide-Grip Row (Cable),1,10
"7.0 weeks for ['Bodybuilding', 'Powerlifting', 'Powerbuilding', 'Muscle & Sculpting', 'Bodyweight Fitness']",60,4,2,6,Lat Pulldown,1,10
"7.0 weeks for ['Bodybuilding', 'Powerlifting', 'Powerbuilding', 'Muscle & Sculpting', 'Bodyweight Fitness']",60,4,2,6,Single Arm Iso Row,1,300
"7.0 weeks for ['Bodybuilding', 'Powerlifting', 'Powerbuilding', 'Muscle & Sculpting', 'Bodyweight Fitness']",60,4,2,6,Bicep Curl (Cable),1,8
"7.0 weeks for ['Bodybuilding', 'Powerlifting', 'Powerbuilding', 'Muscle & Sculpting', 'Bodyweight Fitness']",60,4,2,6,Preacher Curl (Dumbbell),1,18
"7.0 weeks for ['Bodybuilding', 'Powerlifting', 'Powerbuilding', 'Muscle & Sculpting', 'Bodyweight Fitness']",60,4,3,7,Squat (Low Bar),1,10
"7.0 weeks for ['Bodybuilding', 'Powerlifting', 'Powerbuilding', 'Muscle & Sculpting', 'Bodyweight Fitness']",60,4,3,7,Seated Overhead Press (Dumbbell),1,300
"7.0 weeks for ['Bodybuilding', 'Powerlifting', 'Powerbuilding', 'Muscle & Sculpting', 'Bodyweight Fitness']",60,4,3,7,Front Raise,2,10
"7.0 weeks for ['Bodybuilding', 'Powerlifting', 'Powerbuilding', 'Muscle & Sculpting', 'Bodyweight Fitness']",60,4,3,7,Lateral Raise (Dumbbell),1,300
"7.0 weeks for ['Bodybuilding', 'Powerlifting', 'Powerbuilding', 'Muscle & Sculpting', 'Bodyweight Fitness']",60,4,3,7,Upright Row (Barbell),1,12
"7.0 weeks for ['Bodybuilding', 'Powerlifting', 'Powerbuilding', 'Muscle & Sculpting', 'Bodyweight Fitness']",60,4,3,7,Rear Delt Fly (Cable),1,300
"7.0 weeks for ['Bodybuilding', 'Powerlifting', 'Powerbuilding', 'Muscle & Sculpting', 'Bodyweight Fitness']",60,4,3,7,Face Pull,1,8
"7.0 weeks for ['Bodybuilding', 'Powerlifting', 'Powerbuilding', 'Muscle & Sculpting', 'Bodyweight Fitness']",60,4,4,7,Bench Press (Paused),1,10
"7.0 weeks for ['Bodybuilding', 'Powerlifting', 'Powerbuilding', 'Muscle & Sculpting', 'Bodyweight Fitness']",60,4,4,7,Bench Press (Dumbbell),1,12
"7.0 weeks for ['Bodybuilding', 'Powerlifting', 'Powerbuilding', 'Muscle & Sculpting', 'Bodyweight Fitness']",60,4,4,7,Incline Chest Press (Machine),1,300
"7.0 weeks for ['Bodybuilding', 'Powerlifting', 'Powerbuilding', 'Muscle & Sculpting', 'Bodyweight Fitness']",60,4,4,7,Chest Fly (Cable),1,10
"7.0 weeks for ['Bodybuilding', 'Powerlifting', 'Powerbuilding', 'Muscle & Sculpting', 'Bodyweight Fitness']",60,4,4,7,Tricep Pushdown (Cable),1,300
"7.0 weeks for ['Bodybuilding', 'Powerlifting', 'Powerbuilding', 'Muscle & Sculpting', 'Bodyweight Fitness']",60,4,4,7,Overhead Tricep Extension (Cable),1,14
"7.0 weeks for ['Bodybuilding', 'Powerlifting', 'Powerbuilding', 'Muscle & Sculpting', 'Bodyweight Fitness']",60,4,4,7,Leg Extension,1,300
"7.0 weeks for ['Bodybuilding', 'Powerlifting', 'Powerbuilding', 'Muscle & Sculpting', 'Bodyweight Fitness']",60,4,5,6,Sumo Deadlift (Paused),1,8
"7.0 weeks for ['Bodybuilding', 'Powerlifting', 'Powerbuilding', 'Muscle & Sculpting', 'Bodyweight Fitness']",60,4,5,6,Seated Row (Cable),1,10
"7.0 weeks for ['Bodybuilding', 'Powerlifting', 'Powerbuilding', 'Muscle & Sculpting', 'Bodyweight Fitness']",60,4,5,6,Single Arm Iso Row,1,10
"7.0 weeks for ['Bodybuilding', 'Powerlifting', 'Powerbuilding', 'Muscle & Sculpting', 'Bodyweight Fitness']",60,4,5,6,Lat Pulldown (Close Grip),1,300
"7.0 weeks for ['Bodybuilding', 'Powerlifting', 'Powerbuilding', 'Muscle & Sculpting', 'Bodyweight Fitness']",60,4,5,6,Bicep Curl (Machine),1,11
"7.0 weeks for ['Bodybuilding', 'Powerlifting', 'Powerbuilding', 'Muscle & Sculpting', 'Bodyweight Fitness']",60,4,5,6,Leg Curl,1,11
"7.0 weeks for ['Bodybuilding', 'Powerlifting', 'Powerbuilding', 'Muscle & Sculpting', 'Bodyweight Fitness']",60,5,1,6,Squat (Barbell),1,300
"7.0 weeks for ['Bodybuilding', 'Powerlifting', 'Powerbuilding', 'Muscle & Sculpting', 'Bodyweight Fitness']",60,5,1,6,Bench Press (Barbell),1,8
"7.0 weeks for ['Bodybuilding', 'Powerlifting', 'Powerbuilding', 'Muscle & Sculpting', 'Bodyweight Fitness']",60,5,1,6,Bench Press (Dumbbell),1,10
"7.0 weeks for ['Bodybuilding', 'Powerlifting', 'Powerbuilding', 'Muscle & Sculpting', 'Bodyweight Fitness']",60,5,1,6,Incline Chest Press (Machine),1,14
"7.0 weeks for ['Bodybuilding', 'Powerlifting', 'Powerbuilding', 'Muscle & Sculpting', 'Bodyweight Fitness']",60,5,1,6,Chest Fly (Machine),1,300
"7.0 weeks for ['Bodybuilding', 'Powerlifting', 'Powerbuilding', 'Muscle & Sculpting', 'Bodyweight Fitness']",60,5,1,6,Overhead Tricep Extension (Cable),1,10
"7.0 weeks for ['Bodybuilding', 'Powerlifting', 'Powerbuilding', 'Muscle & Sculpting', 'Bodyweight Fitness']",60,5,2,6,Deadlift (Paused),1,10
"7.0 weeks for ['Bodybuilding', 'Powerlifting', 'Powerbuilding', 'Muscle & Sculpting', 'Bodyweight Fitness']",60,5,2,6,Seated Wide-Grip Row (Cable),1,300
"7.0 weeks for ['Bodybuilding', 'Powerlifting', 'Powerbuilding', 'Muscle & Sculpting', 'Bodyweight Fitness']",60,5,2,6,Lat Pulldown,1,8
"7.0 weeks for ['Bodybuilding', 'Powerlifting', 'Powerbuilding', 'Muscle & Sculpting', 'Bodyweight Fitness']",60,5,2,6,Single Arm Iso Row,1,18
"7.0 weeks for ['Bodybuilding', 'Powerlifting', 'Powerbuilding', 'Muscle & Sculpting', 'Bodyweight Fitness']",60,5,2,6,Bicep Curl (Cable),1,10
"7.0 weeks for ['Bodybuilding', 'Powerlifting', 'Powerbuilding', 'Muscle & Sculpting', 'Bodyweight Fitness']",60,5,2,6,Preacher Curl (Dumbbell),1,300
"7.0 weeks for ['Bodybuilding', 'Powerlifting', 'Powerbuilding', 'Muscle & Sculpting', 'Bodyweight Fitness']",60,5,3,7,Squat (Low Bar),1,10
"7.0 weeks for ['Bodybuilding', 'Powerlifting', 'Powerbuilding', 'Muscle & Sculpting', 'Bodyweight Fitness']",60,5,3,7,Seated Overhead Press (Dumbbell),1,300
"7.0 weeks for ['Bodybuilding', 'Powerlifting', 'Powerbuilding', 'Muscle & Sculpting', 'Bodyweight Fitness']",60,5,3,7,Front Raise,2,12
"7.0 weeks for ['Bodybuilding', 'Powerlifting', 'Powerbuilding', 'Muscle & Sculpting', 'Bodyweight Fitness']",60,5,3,7,Lateral Raise (Dumbbell),1,300
"7.0 weeks for ['Bodybuilding', 'Powerlifting', 'Powerbuilding', 'Muscle & Sculpting', 'Bodyweight Fitness']",60,5,3,7,Upright Row (Barbell),1,8
"7.0 weeks for ['Bodybuilding', 'Powerlifting', 'Powerbuilding', 'Muscle & Sculpting', 'Bodyweight Fitness']",60,5,3,7,Rear Delt Fly (Cable),1,10
"7.0 weeks for ['Bodybuilding', 'Powerlifting', 'Powerbuilding', 'Muscle & Sculpting', 'Bodyweight Fitness']",60,5,3,7,Face Pull,1,12
"7.0 weeks for ['Bodybuilding', 'Powerlifting', 'Powerbuilding', 'Muscle & Sculpting', 'Bodyweight Fitness']",60,5,4,7,Bench Press (Paused),1,300
"7.0 weeks for ['Bodybuilding', 'Powerlifting', 'Powerbuilding', 'Muscle & Sculpting', 'Bodyweight Fitness']",60,5,4,7,Bench Press (Dumbbell),1,10
"7.0 weeks for ['Bodybuilding', 'Powerlifting', 'Powerbuilding', 'Muscle & Sculpting', 'Bodyweight Fitness']",60,5,4,7,Incline Chest Press (Machine),1,300
"7.0 weeks for ['Bodybuilding', 'Powerlifting', 'Powerbuilding', 'Muscle & Sculpting', 'Bodyweight Fitness']",60,5,4,7,Chest Fly (Cable),1,14
"7.0 weeks for ['Bodybuilding', 'Powerlifting', 'Powerbuilding', 'Muscle & Sculpting', 'Bodyweight Fitness']",60,5,4,7,Tricep Pushdown (Cable),1,300
"7.0 weeks for ['Bodybuilding', 'Powerlifting', 'Powerbuilding', 'Muscle & Sculpting', 'Bodyweight Fitness']",60,5,4,7,Overhead Tricep Extension (Cable),1,5
"7.0 weeks for ['Bodybuilding', 'Powerlifting', 'Powerbuilding', 'Muscle & Sculpting', 'Bodyweight Fitness']",60,5,4,7,Leg Extension,1,8
"7.0 weeks for ['Bodybuilding', 'Powerlifting', 'Powerbuilding', 'Muscle & Sculpting', 'Bodyweight Fitness']",60,5,5,6,Sumo Deadlift (Paused),1,8
"7.0 weeks for ['Bodybuilding', 'Powerlifting', 'Powerbuilding', 'Muscle & Sculpting', 'Bodyweight Fitness']",60,5,5,6,Seated Row (Cable),1,10
"7.0 weeks for ['Bodybuilding', 'Powerlifting', 'Powerbuilding', 'Muscle & Sculpting', 'Bodyweight Fitness']",60,5,5,6,Single Arm Iso Row,1,10
"7.0 weeks for ['Bodybuilding', 'Powerlifting', 'Powerbuilding', 'Muscle & Sculpting', 'Bodyweight Fitness']",60,5,5,6,Lat Pulldown (Close Grip),1,10
"7.0 weeks for ['Bodybuilding', 'Powerlifting', 'Powerbuilding', 'Muscle & Sculpting', 'Bodyweight Fitness']",60,5,5,6,Bicep Curl (Machine),1,5
"7.0 weeks for ['Bodybuilding', 'Powerlifting', 'Powerbuilding', 'Muscle & Sculpting', 'Bodyweight Fitness']",60,5,5,6,Leg Curl,1,8
"7.0 weeks for ['Bodybuilding', 'Powerlifting', 'Powerbuilding', 'Muscle & Sculpting', 'Bodyweight Fitness']",60,6,1,6,Squat (Barbell),1,10
"7.0 weeks for ['Bodybuilding', 'Powerlifting', 'Powerbuilding', 'Muscle & Sculpting', 'Bodyweight Fitness']",60,6,1,6,Bench Press (Barbell),1,8
"7.0 weeks for ['Bodybuilding', 'Powerlifting', 'Powerbuilding', 'Muscle & Sculpting', 'Bodyweight Fitness']",60,6,1,6,Bench Press (Dumbbell),1,8
"7.0 weeks for ['Bodybuilding', 'Powerlifting', 'Powerbuilding', 'Muscle & Sculpting', 'Bodyweight Fitness']",60,6,1,6,Incline Chest Press (Machine),1,1800
"7.0 weeks for ['Bodybuilding', 'Powerlifting', 'Powerbuilding', 'Muscle & Sculpting', 'Bodyweight Fitness']",60,6,1,6,Chest Fly (Machine),1,10
"7.0 weeks for ['Bodybuilding', 'Powerlifting', 'Powerbuilding', 'Muscle & Sculpting', 'Bodyweight Fitness']",60,6,1,6,Overhead Tricep Extension (Cable),1,5
"7.0 weeks for ['Bodybuilding', 'Powerlifting', 'Powerbuilding', 'Muscle & Sculpting', 'Bodyweight Fitness']",60,6,2,6,Deadlift (Paused),1,6
"7.0 weeks for ['Bodybuilding', 'Powerlifting', 'Powerbuilding', 'Muscle & Sculpting', 'Bodyweight Fitness']",60,6,2,6,Seated Wide-Grip Row (Cable),1,8
"7.0 weeks for ['Bodybuilding', 'Powerlifting', 'Powerbuilding', 'Muscle & Sculpting', 'Bodyweight Fitness']",60,6,2,6,Lat Pulldown,1,12
"7.0 weeks for ['Bodybuilding', 'Powerlifting', 'Powerbuilding', 'Muscle & Sculpting', 'Bodyweight Fitness']",60,6,2,6,Single Arm Iso Row,1,8
"7.0 weeks for ['Bodybuilding', 'Powerlifting', 'Powerbuilding', 'Muscle & Sculpting', 'Bodyweight Fitness']",60,6,2,6,Bicep Curl (Cable),1,10
"7.0 weeks for ['Bodybuilding', 'Powerlifting', 'Powerbuilding', 'Muscle & Sculpting', 'Bodyweight Fitness']",60,6,2,6,Preacher Curl (Dumbbell),1,12
"7.0 weeks for ['Bodybuilding', 'Powerlifting', 'Powerbuilding', 'Muscle & Sculpting', 'Bodyweight Fitness']",60,6,3,7,Squat (Low Bar),1,60
"7.0 weeks for ['Bodybuilding', 'Powerlifting', 'Powerbuilding', 'Muscle & Sculpting', 'Bodyweight Fitness']",60,6,3,7,Seated Overhead Press (Dumbbell),1,3
"7.0 weeks for ['Bodybuilding', 'Powerlifting', 'Powerbuilding', 'Muscle & Sculpting', 'Bodyweight Fitness']",60,6,3,7,Front Raise,2,2
"7.0 weeks for ['Bodybuilding', 'Powerlifting', 'Powerbuilding', 'Muscle & Sculpting', 'Bodyweight Fitness']",60,6,3,7,Lateral Raise (Dumbbell),1,1
"7.0 weeks for ['Bodybuilding', 'Powerlifting', 'Powerbuilding', 'Muscle & Sculpting', 'Bodyweight Fitness']",60,6,3,7,Upright Row (Barbell),1,10
"7.0 weeks for ['Bodybuilding', 'Powerlifting', 'Powerbuilding', 'Muscle & Sculpting', 'Bodyweight Fitness']",60,6,3,7,Rear Delt Fly (Cable),1,15
"7.0 weeks for ['Bodybuilding', 'Powerlifting', 'Powerbuilding', 'Muscle & Sculpting', 'Bodyweight Fitness']",60,6,3,7,Face Pull,1,5
"7.0 weeks for ['Bodybuilding', 'Powerlifting', 'Powerbuilding', 'Muscle & Sculpting', 'Bodyweight Fitness']",60,6,4,7,Bench Press (Paused),1,8
"7.0 weeks for ['Bodybuilding', 'Powerlifting', 'Powerbuilding', 'Muscle & Sculpting', 'Bodyweight Fitness']",60,6,4,7,Bench Press (Dumbbell),1,8
"7.0 weeks for ['Bodybuilding', 'Powerlifting', 'Powerbuilding', 'Muscle & Sculpting', 'Bodyweight Fitness']",60,6,4,7,Incline Chest Press (Machine),1,10
"7.0 weeks for ['Bodybuilding', 'Powerlifting', 'Powerbuilding', 'Muscle & Sculpting', 'Bodyweight Fitness']",60,6,4,7,Chest Fly (Cable),1,10
"7.0 weeks for ['Bodybuilding', 'Powerlifting', 'Powerbuilding', 'Muscle & Sculpting', 'Bodyweight Fitness']",60,6,4,7,Tricep Pushdown (Cable),1,10
"7.0 weeks for ['Bodybuilding', 'Powerlifting', 'Powerbuilding', 'Muscle & Sculpting', 'Bodyweight Fitness']",60,6,4,7,Overhead Tricep Extension (Cable),1,5
"7.0 weeks for ['Bodybuilding', 'Powerlifting', 'Powerbuilding', 'Muscle & Sculpting', 'Bodyweight Fitness']",60,6,4,7,Leg Extension,1,8
"7.0 weeks for ['Bodybuilding', 'Powerlifting', 'Powerbuilding', 'Muscle & Sculpting', 'Bodyweight Fitness']",60,6,5,6,Sumo Deadlift (Paused),1,10
"7.0 weeks for ['Bodybuilding', 'Powerlifting', 'Powerbuilding', 'Muscle & Sculpting', 'Bodyweight Fitness']",60,6,5,6,Seated Row (Cable),1,8
"7.0 weeks for ['Bodybuilding', 'Powerlifting', 'Powerbuilding', 'Muscle & Sculpting', 'Bodyweight Fitness']",60,6,5,6,Single Arm Iso Row,1,8
"7.0 weeks for ['Bodybuilding', 'Powerlifting', 'Powerbuilding', 'Muscle & Sculpting', 'Bodyweight Fitness']",60,6,5,6,Lat Pulldown (Close Grip),1,1800
"7.0 weeks for ['Bodybuilding', 'Powerlifting', 'Powerbuilding', 'Muscle & Sculpting', 'Bodyweight Fitness']",60,6,5,6,Bicep Curl (Machine),1,10
"7.0 weeks for ['Bodybuilding', 'Powerlifting', 'Powerbuilding', 'Muscle & Sculpting', 'Bodyweight Fitness']",60,6,5,6,Leg Curl,1,5
"7.0 weeks for ['Bodybuilding', 'Powerlifting', 'Powerbuilding', 'Muscle & Sculpting', 'Bodyweight Fitness']",60,7,1,6,Squat (Barbell),1,6
"7.0 weeks for ['Bodybuilding', 'Powerlifting', 'Powerbuilding', 'Muscle & Sculpting', 'Bodyweight Fitness']",60,7,1,6,Bench Press (Barbell),1,8
"7.0 weeks for ['Bodybuilding', 'Powerlifting', 'Powerbuilding', 'Muscle & Sculpting', 'Bodyweight Fitness']",60,7,1,6,Bench Press (Dumbbell),1,12
"7.0 weeks for ['Bodybuilding', 'Powerlifting', 'Powerbuilding', 'Muscle & Sculpting', 'Bodyweight Fitness']",60,7,1,6,Incline Chest Press (Machine),1,8
"7.0 weeks for ['Bodybuilding', 'Powerlifting', 'Powerbuilding', 'Muscle & Sculpting', 'Bodyweight Fitness']",60,7,1,6,Chest Fly (Machine),1,10
"7.0 weeks for ['Bodybuilding', 'Powerlifting', 'Powerbuilding', 'Muscle & Sculpting', 'Bodyweight Fitness']",60,7,1,6,Overhead Tricep Extension (Cable),1,12
"7.0 weeks for ['Bodybuilding', 'Powerlifting', 'Powerbuilding', 'Muscle & Sculpting', 'Bodyweight Fitness']",60,7,2,6,Deadlift (Paused),1,60
"7.0 weeks for ['Bodybuilding', 'Powerlifting', 'Powerbuilding', 'Muscle & Sculpting', 'Bodyweight Fitness']",60,7,2,6,Seated Wide-Grip Row (Cable),1,3
"7.0 weeks for ['Bodybuilding', 'Powerlifting', 'Powerbuilding', 'Muscle & Sculpting', 'Bodyweight Fitness']",60,7,2,6,Lat Pulldown,1,2
"7.0 weeks for ['Bodybuilding', 'Powerlifting', 'Powerbuilding', 'Muscle & Sculpting', 'Bodyweight Fitness']",60,7,2,6,Single Arm Iso Row,1,1
"7.0 weeks for ['Bodybuilding', 'Powerlifting', 'Powerbuilding', 'Muscle & Sculpting', 'Bodyweight Fitness']",60,7,2,6,Bicep Curl (Cable),1,10
"7.0 weeks for ['Bodybuilding', 'Powerlifting', 'Powerbuilding', 'Muscle & Sculpting', 'Bodyweight Fitness']",60,7,2,6,Preacher Curl (Dumbbell),1,15
"7.0 weeks for ['Bodybuilding', 'Powerlifting', 'Powerbuilding', 'Muscle & Sculpting', 'Bodyweight Fitness']",60,7,3,7,Squat (Low Bar),1,5
"7.0 weeks for ['Bodybuilding', 'Powerlifting', 'Powerbuilding', 'Muscle & Sculpting', 'Bodyweight Fitness']",60,7,3,7,Seated Overhead Press (Dumbbell),1,8
"7.0 weeks for ['Bodybuilding', 'Powerlifting', 'Powerbuilding', 'Muscle & Sculpting', 'Bodyweight Fitness']",60,7,3,7,Front Raise,2,8
"7.0 weeks for ['Bodybuilding', 'Powerlifting', 'Powerbuilding', 'Muscle & Sculpting', 'Bodyweight Fitness']",60,7,3,7,Lateral Raise (Dumbbell),1,10
"7.0 weeks for ['Bodybuilding', 'Powerlifting', 'Powerbuilding', 'Muscle & Sculpting', 'Bodyweight Fitness']",60,7,3,7,Upright Row (Barbell),1,10
"7.0 weeks for ['Bodybuilding', 'Powerlifting', 'Powerbuilding', 'Muscle & Sculpting', 'Bodyweight Fitness']",60,7,3,7,Rear Delt Fly (Cable),1,10
"7.0 weeks for ['Bodybuilding', 'Powerlifting', 'Powerbuilding', 'Muscle & Sculpting', 'Bodyweight Fitness']",60,7,3,7,Face Pull,1,5
"7.0 weeks for ['Bodybuilding', 'Powerlifting', 'Powerbuilding', 'Muscle & Sculpting', 'Bodyweight Fitness']",60,7,4,7,Bench Press (Paused),1,8
"7.0 weeks for ['Bodybuilding', 'Powerlifting', 'Powerbuilding', 'Muscle & Sculpting', 'Bodyweight Fitness']",60,7,4,7,Bench Press (Dumbbell),1,10
"7.0 weeks for ['Bodybuilding', 'Powerlifting', 'Powerbuilding', 'Muscle & Sculpting', 'Bodyweight Fitness']",60,7,4,7,Incline Chest Press (Machine),1,8
"7.0 weeks for ['Bodybuilding', 'Powerlifting', 'Powerbuilding', 'Muscle & Sculpting', 'Bodyweight Fitness']",60,7,4,7,Chest Fly (Cable),1,8
"7.0 weeks for ['Bodybuilding', 'Powerlifting', 'Powerbuilding', 'Muscle & Sculpting', 'Bodyweight Fitness']",60,7,4,7,Tricep Pushdown (Cable),1,1800
"7.0 weeks for ['Bodybuilding', 'Powerlifting', 'Powerbuilding', 'Muscle & Sculpting', 'Bodyweight Fitness']",60,7,4,7,Overhead Tricep Extension (Cable),1,10
"7.0 weeks for ['Bodybuilding', 'Powerlifting', 'Powerbuilding', 'Muscle & Sculpting', 'Bodyweight Fitness']",60,7,4,7,Leg Extension,1,5
"7.0 weeks for ['Bodybuilding', 'Powerlifting', 'Powerbuilding', 'Muscle & Sculpting', 'Bodyweight Fitness']",60,7,5,6,Sumo Deadlift (Paused),1,6
"7.0 weeks for ['Bodybuilding', 'Powerlifting', 'Powerbuilding', 'Muscle & Sculpting', 'Bodyweight Fitness']",60,7,5,6,Seated Row (Cable),1,8
"7.0 weeks for ['Bodybuilding', 'Powerlifting', 'Powerbuilding', 'Muscle & Sculpting', 'Bodyweight Fitness']",60,7,5,6,Single Arm Iso Row,1,12
"7.0 weeks for ['Bodybuilding', 'Powerlifting', 'Powerbuilding', 'Muscle & Sculpting', 'Bodyweight Fitness']",60,7,5,6,Lat Pulldown (Close Grip),1,8
"7.0 weeks for ['Bodybuilding', 'Powerlifting', 'Powerbuilding', 'Muscle & Sculpting', 'Bodyweight Fitness']",60,7,5,6,Bicep Curl (Machine),1,10
"7.0 weeks for ['Bodybuilding', 'Powerlifting', 'Powerbuilding', 'Muscle & Sculpting', 'Bodyweight Fitness']",60,7,5,6,Leg Curl,1,12
Full Body Confidence by Vikki Hill,60,1,1,7,High Bar Squat (Barbell),3,11
Full Body Confidence by Vikki Hill,60,1,1,7,Reverse Lunge (Dumbbell),3,11
Full Body Confidence by Vikki Hill,60,1,1,7,B-Stance Romanian Deadlift (Dumbbell),3,9
Full Body Confidence by Vikki Hill,60,1,1,7,Leg Press (45 Degrees),4,14
Full Body Confidence by Vikki Hill,60,1,1,7,Goblet Squat,3,15
Full Body Confidence by Vikki Hill,60,1,1,7,Standing Calf Raise,3,9
Full Body Confidence by Vikki Hill,60,1,1,7,Lateral Banded Walk,3,11
Full Body Confidence by Vikki Hill,60,1,2,6,Bent Over Row (Barbell),3,9
Full Body Confidence by Vikki Hill,60,1,2,6,Lat Pulldown,3,11
Full Body Confidence by Vikki Hill,60,1,2,6,Band Face Pull,3,11
Full Body Confidence by Vikki Hill,60,1,2,6,Seated Row (Cable),3,11
Full Body Confidence by Vikki Hill,60,1,2,6,Hammer Curl,3,7
Full Body Confidence by Vikki Hill,60,1,2,6,Bicycle Crunch,3,7
Full Body Confidence by Vikki Hill,60,1,3,6,Romanian Deadlift (Barbell),4,9
Full Body Confidence by Vikki Hill,60,1,3,6,Split Squat (Barbell),3,9
Full Body Confidence by Vikki Hill,60,1,3,6,Hip Thrust (Barbell),3,9
Full Body Confidence by Vikki Hill,60,1,3,6,Step-Up (Weighted),2,7
Full Body Confidence by Vikki Hill,60,1,3,6,Hip Extension,3,9
Full Body Confidence by Vikki Hill,60,1,3,6,Lying Leg Curl,3,9
Full Body Confidence by Vikki Hill,60,1,4,6,Bench Press (Barbell),3,9
Full Body Confidence by Vikki Hill,60,1,4,6,Chest Fly (Cable),3,7
Full Body Confidence by Vikki Hill,60,1,4,6,Seated Shoulder Press (Dumbbell),3,7
Full Body Confidence by Vikki Hill,60,1,4,6,Lateral Raise (Cable),3,9
Full Body Confidence by Vikki Hill,60,1,4,6,Tricep Extension (Cable),3,7
Full Body Confidence by Vikki Hill,60,1,4,6,Bear Craw Isometric Hold,3,9
Full Body Confidence by Vikki Hill,60,2,1,7,High Bar Squat (Barbell),3,9
Full Body Confidence by Vikki Hill,60,2,1,7,Reverse Lunge (Dumbbell),3,11
Full Body Confidence by Vikki Hill,60,2,1,7,B-Stance Romanian Deadlift (Dumbbell),3,9
Full Body Confidence by Vikki Hill,60,2,1,7,Leg Press (45 Degrees),4,11
Full Body Confidence by Vikki Hill,60,2,1,7,Goblet Squat,3,11
Full Body Confidence by Vikki Hill,60,2,1,7,Standing Calf Raise,3,11
Full Body Confidence by Vikki Hill,60,2,1,7,Lateral Banded Walk,3,14
Full Body Confidence by Vikki Hill,60,2,2,6,Bent Over Row (Barbell),3,9
Full Body Confidence by Vikki Hill,60,2,2,6,Lat Pulldown,3,9
Full Body Confidence by Vikki Hill,60,2,2,6,Band Face Pull,3,11
Full Body Confidence by Vikki Hill,60,2,2,6,Seated Row (Cable),3,11
Full Body Confidence by Vikki Hill,60,2,2,6,Hammer Curl,3,9
Full Body Confidence by Vikki Hill,60,2,2,6,Bicycle Crunch,3,14
Full Body Confidence by Vikki Hill,60,2,3,6,Romanian Deadlift (Barbell),4,15
Full Body Confidence by Vikki Hill,60,2,3,6,Split Squat (Barbell),3,9
Full Body Confidence by Vikki Hill,60,2,3,6,Hip Thrust (Barbell),3,11
Full Body Confidence by Vikki Hill,60,2,3,6,Step-Up (Weighted),2,9
Full Body Confidence by Vikki Hill,60,2,3,6,Hip Extension,3,11
Full Body Confidence by Vikki Hill,60,2,3,6,Lying Leg Curl,3,11
Full Body Confidence by Vikki Hill,60,2,4,6,Bench Press (Barbell),3,11
Full Body Confidence by Vikki Hill,60,2,4,6,Chest Fly (Cable),3,7
Full Body Confidence by Vikki Hill,60,2,4,6,Seated Shoulder Press (Dumbbell),3,7
Full Body Confidence by Vikki Hill,60,2,4,6,Lateral Raise (Cable),3,9
Full Body Confidence by Vikki Hill,60,2,4,6,Tricep Extension (Cable),3,9
Full Body Confidence by Vikki Hill,60,2,4,6,Bear Craw Isometric Hold,3,9
Full Body Confidence by Vikki Hill,60,3,1,7,High Bar Squat (Barbell),3,7
Full Body Confidence by Vikki Hill,60,3,1,7,Reverse Lunge (Dumbbell),3,9
Full Body Confidence by Vikki Hill,60,3,1,7,B-Stance Romanian Deadlift (Dumbbell),3,9
Full Body Confidence by Vikki Hill,60,3,1,7,Leg Press (45 Degrees),4,9
Full Body Confidence by Vikki Hill,60,3,1,7,Goblet Squat,3,7
Full Body Confidence by Vikki Hill,60,3,1,7,Standing Calf Raise,3,7
Full Body Confidence by Vikki Hill,60,3,1,7,Lateral Banded Walk,3,9
Full Body Confidence by Vikki Hill,60,3,2,6,Bent Over Row (Barbell),3,7
Full Body Confidence by Vikki Hill,60,3,2,6,Lat Pulldown,3,9
Full Body Confidence by Vikki Hill,60,3,2,6,Band Face Pull,3,9
Full Body Confidence by Vikki Hill,60,3,2,6,Seated Row (Cable),3,11
Full Body Confidence by Vikki Hill,60,3,2,6,Hammer Curl,3,9
Full Body Confidence by Vikki Hill,60,3,2,6,Bicycle Crunch,3,11
Full Body Confidence by Vikki Hill,60,3,3,6,Romanian Deadlift (Barbell),4,11
Full Body Confidence by Vikki Hill,60,3,3,6,Split Squat (Barbell),3,11
Full Body Confidence by Vikki Hill,60,3,3,6,Hip Thrust (Barbell),3,14
Full Body Confidence by Vikki Hill,60,3,3,6,Step-Up (Weighted),2,9
Full Body Confidence by Vikki Hill,60,3,3,6,Hip Extension,3,9
Full Body Confidence by Vikki Hill,60,3,3,6,Lying Leg Curl,3,11
Full Body Confidence by Vikki Hill,60,3,4,6,Bench Press (Barbell),3,11
Full Body Confidence by Vikki Hill,60,3,4,6,Chest Fly (Cable),3,9
Full Body Confidence by Vikki Hill,60,3,4,6,Seated Shoulder Press (Dumbbell),3,14
Full Body Confidence by Vikki Hill,60,3,4,6,Lateral Raise (Cable),3,15
Full Body Confidence by Vikki Hill,60,3,4,6,Tricep Extension (Cable),3,9
Full Body Confidence by Vikki Hill,60,3,4,6,Bear Craw Isometric Hold,3,11
Full Body Confidence by Vikki Hill,60,4,1,7,High Bar Squat (Barbell),3,9
Full Body Confidence by Vikki Hill,60,4,1,7,Reverse Lunge (Dumbbell),3,11
Full Body Confidence by Vikki Hill,60,4,1,7,B-Stance Romanian Deadlift (Dumbbell),3,11
Full Body Confidence by Vikki Hill,60,4,1,7,Leg Press (45 Degrees),4,11
Full Body Confidence by Vikki Hill,60,4,1,7,Goblet Squat,3,7
Full Body Confidence by Vikki Hill,60,4,1,7,Standing Calf Raise,3,9
Full Body Confidence by Vikki Hill,60,4,1,7,Lateral Banded Walk,3,11
Full Body Confidence by Vikki Hill,60,4,2,6,Bent Over Row (Barbell),3,11
Full Body Confidence by Vikki Hill,60,4,2,6,Lat Pulldown,3,11
Full Body Confidence by Vikki Hill,60,4,2,6,Band Face Pull,3,9
Full Body Confidence by Vikki Hill,60,4,2,6,Seated Row (Cable),3,11
Full Body Confidence by Vikki Hill,60,4,2,6,Hammer Curl,3,11
Full Body Confidence by Vikki Hill,60,4,2,6,Bicycle Crunch,3,11
Full Body Confidence by Vikki Hill,60,4,3,6,Romanian Deadlift (Barbell),4,9
Full Body Confidence by Vikki Hill,60,4,3,6,Split Squat (Barbell),3,9
Full Body Confidence by Vikki Hill,60,4,3,6,Hip Thrust (Barbell),3,11
Full Body Confidence by Vikki Hill,60,4,3,6,Step-Up (Weighted),2,9
Full Body Confidence by Vikki Hill,60,4,3,6,Hip Extension,3,11
Full Body Confidence by Vikki Hill,60,4,3,6,Lying Leg Curl,3,11
Full Body Confidence by Vikki Hill,60,4,4,6,Bench Press (Barbell),3,11
Full Body Confidence by Vikki Hill,60,4,4,6,Chest Fly (Cable),3,14
Full Body Confidence by Vikki Hill,60,4,4,6,Seated Shoulder Press (Dumbbell),3,14
Full Body Confidence by Vikki Hill,60,4,4,6,Lateral Raise (Cable),3,14
Full Body Confidence by Vikki Hill,60,4,4,6,Tricep Extension (Cable),3,14
Full Body Confidence by Vikki Hill,60,4,4,6,Bear Craw Isometric Hold,3,18
Full Body Confidence by Vikki Hill,60,5,1,7,High Bar Squat (Barbell),3,11
Full Body Confidence by Vikki Hill,60,5,1,7,Reverse Lunge (Dumbbell),3,11
Full Body Confidence by Vikki Hill,60,5,1,7,B-Stance Romanian Deadlift (Dumbbell),3,14
Full Body Confidence by Vikki Hill,60,5,1,7,Leg Press (45 Degrees),4,14
Full Body Confidence by Vikki Hill,60,5,1,7,Goblet Squat,3,14
Full Body Confidence by Vikki Hill,60,5,1,7,Standing Calf Raise,3,18
Full Body Confidence by Vikki Hill,60,5,1,7,Lateral Banded Walk,3,14
Full Body Confidence by Vikki Hill,60,5,2,6,Bent Over Row (Barbell),3,11
Full Body Confidence by Vikki Hill,60,5,2,6,Lat Pulldown,3,14
Full Body Confidence by Vikki Hill,60,5,2,6,Band Face Pull,3,11
Full Body Confidence by Vikki Hill,60,5,2,6,Seated Row (Cable),3,14
Full Body Confidence by Vikki Hill,60,5,2,6,Hammer Curl,3,14
Full Body Confidence by Vikki Hill,60,5,2,6,Bicycle Crunch,3,14
Full Body Confidence by Vikki Hill,60,5,3,6,Romanian Deadlift (Barbell),4,14
Full Body Confidence by Vikki Hill,60,5,3,6,Split Squat (Barbell),3,9
Full Body Confidence by Vikki Hill,60,5,3,6,Hip Thrust (Barbell),3,11
Full Body Confidence by Vikki Hill,60,5,3,6,Step-Up (Weighted),2,11
Full Body Confidence by Vikki Hill,60,5,3,6,Hip Extension,3,11
Full Body Confidence by Vikki Hill,60,5,3,6,Lying Leg Curl,3,9
Full Body Confidence by Vikki Hill,60,5,4,6,Bench Press (Barbell),3,11
Full Body Confidence by Vikki Hill,60,5,4,6,Chest Fly (Cable),3,11
Full Body Confidence by Vikki Hill,60,5,4,6,Seated Shoulder Press (Dumbbell),3,11
Full Body Confidence by Vikki Hill,60,5,4,6,Lateral Raise (Cable),3,9
Full Body Confidence by Vikki Hill,60,5,4,6,Tricep Extension (Cable),3,9
Full Body Confidence by Vikki Hill,60,5,4,6,Bear Craw Isometric Hold,3,11
Full Body Confidence by Vikki Hill,60,6,1,7,High Bar Squat (Barbell),3,9
Full Body Confidence by Vikki Hill,60,6,1,7,Reverse Lunge (Dumbbell),3,11
Full Body Confidence by Vikki Hill,60,6,1,7,B-Stance Romanian Deadlift (Dumbbell),3,11
Full Body Confidence by Vikki Hill,60,6,1,7,Leg Press (45 Degrees),4,11
Full Body Confidence by Vikki Hill,60,6,1,7,Goblet Squat,3,14
Full Body Confidence by Vikki Hill,60,6,1,7,Standing Calf Raise,3,14
Full Body Confidence by Vikki Hill,60,6,1,7,Lateral Banded Walk,3,14
Full Body Confidence by Vikki Hill,60,6,2,6,Bent Over Row (Barbell),3,14
Full Body Confidence by Vikki Hill,60,6,2,6,Lat Pulldown,3,18
Full Body Confidence by Vikki Hill,60,6,2,6,Band Face Pull,3,11
Full Body Confidence by Vikki Hill,60,6,2,6,Seated Row (Cable),3,11
Full Body Confidence by Vikki Hill,60,6,2,6,Hammer Curl,3,14
Full Body Confidence by Vikki Hill,60,6,2,6,Bicycle Crunch,3,14
Full Body Confidence by Vikki Hill,60,6,3,6,Romanian Deadlift (Barbell),4,14
Full Body Confidence by Vikki Hill,60,6,3,6,Split Squat (Barbell),3,18
Full Body Confidence by Vikki Hill,60,6,3,6,Hip Thrust (Barbell),3,14
Full Body Confidence by Vikki Hill,60,6,3,6,Step-Up (Weighted),2,11
Full Body Confidence by Vikki Hill,60,6,3,6,Hip Extension,3,14
Full Body Confidence by Vikki Hill,60,6,3,6,Lying Leg Curl,3,11
Full Body Confidence by Vikki Hill,60,6,4,6,Bench Press (Barbell),3,14
Full Body Confidence by Vikki Hill,60,6,4,6,Chest Fly (Cable),3,14
Full Body Confidence by Vikki Hill,60,6,4,6,Seated Shoulder Press (Dumbbell),3,14
Full Body Confidence by Vikki Hill,60,6,4,6,Lateral Raise (Cable),3,14
Full Body Confidence by Vikki Hill,60,6,4,6,Tricep Extension (Cable),3,9
Full Body Confidence by Vikki Hill,60,6,4,6,Bear Craw Isometric Hold,3,11
Full Body Confidence by Vikki Hill,60,7,1,7,High Bar Squat (Barbell),3,11
Full Body Confidence by Vikki Hill,60,7,1,7,Reverse Lunge (Dumbbell),3,11
Full Body Confidence by Vikki Hill,60,7,1,7,B-Stance Romanian Deadlift (Dumbbell),3,9
Full Body Confidence by Vikki Hill,60,7,1,7,Leg Press (45 Degrees),4,11
Full Body Confidence by Vikki Hill,60,7,1,7,Goblet Squat,3,11
Full Body Confidence by Vikki Hill,60,7,1,7,Standing Calf Raise,3,11
Full Body Confidence by Vikki Hill,60,7,1,7,Lateral Banded Walk,3,9
Full Body Confidence by Vikki Hill,60,7,2,6,Bent Over Row (Barbell),3,9
Full Body Confidence by Vikki Hill,60,7,2,6,Lat Pulldown,3,11
Full Body Confidence by Vikki Hill,60,7,2,6,Band Face Pull,3,9
Full Body Confidence by Vikki Hill,60,7,2,6,Seated Row (Cable),3,11
Full Body Confidence by Vikki Hill,60,7,2,6,Hammer Curl,3,11
Full Body Confidence by Vikki Hill,60,7,2,6,Bicycle Crunch,3,11
Full Body Confidence by Vikki Hill,60,7,3,6,Romanian Deadlift (Barbell),4,14
Full Body Confidence by Vikki Hill,60,7,3,6,Split Squat (Barbell),3,14
Full Body Confidence by Vikki Hill,60,7,3,6,Hip Thrust (Barbell),3,14
Full Body Confidence by Vikki Hill,60,7,3,6,Step-Up (Weighted),2,14
Full Body Confidence by Vikki Hill,60,7,3,6,Hip Extension,3,18
Full Body Confidence by Vikki Hill,60,7,3,6,Lying Leg Curl,3,11
Full Body Confidence by Vikki Hill,60,7,4,6,Bench Press (Barbell),3,11
Full Body Confidence by Vikki Hill,60,7,4,6,Chest Fly (Cable),3,14
Full Body Confidence by Vikki Hill,60,7,4,6,Seated Shoulder Press (Dumbbell),3,14
Full Body Confidence by Vikki Hill,60,7,4,6,Lateral Raise (Cable),3,14
Full Body Confidence by Vikki Hill,60,7,4,6,Tricep Extension (Cable),3,18
Full Body Confidence by Vikki Hill,60,7,4,6,Bear Craw Isometric Hold,3,14
Full Body Confidence by Vikki Hill,60,8,1,7,High Bar Squat (Barbell),3,11
Full Body Confidence by Vikki Hill,60,8,1,7,Reverse Lunge (Dumbbell),3,14
Full Body Confidence by Vikki Hill,60,8,1,7,B-Stance Romanian Deadlift (Dumbbell),3,11
Full Body Confidence by Vikki Hill,60,8,1,7,Leg Press (45 Degrees),4,14
Full Body Confidence by Vikki Hill,60,8,1,7,Goblet Squat,3,14
Full Body Confidence by Vikki Hill,60,8,1,7,Standing Calf Raise,3,14
Full Body Confidence by Vikki Hill,60,8,1,7,Lateral Banded Walk,3,14
Full Body Confidence by Vikki Hill,60,8,2,6,Bent Over Row (Barbell),3,9
Full Body Confidence by Vikki Hill,60,8,2,6,Lat Pulldown,3,11
Full Body Confidence by Vikki Hill,60,8,2,6,Band Face Pull,3,11
Full Body Confidence by Vikki Hill,60,8,2,6,Seated Row (Cable),3,11
Full Body Confidence by Vikki Hill,60,8,2,6,Hammer Curl,3,9
Full Body Confidence by Vikki Hill,60,8,2,6,Bicycle Crunch,3,11
Full Body Confidence by Vikki Hill,60,8,3,6,Romanian Deadlift (Barbell),4,11
Full Body Confidence by Vikki Hill,60,8,3,6,Split Squat (Barbell),3,11
Full Body Confidence by Vikki Hill,60,8,3,6,Hip Thrust (Barbell),3,9
Full Body Confidence by Vikki Hill,60,8,3,6,Step-Up (Weighted),2,9
Full Body Confidence by Vikki Hill,60,8,3,6,Hip Extension,3,11
Full Body Confidence by Vikki Hill,60,8,3,6,Lying Leg Curl,3,9
Full Body Confidence by Vikki Hill,60,8,4,6,Bench Press (Barbell),3,11
Full Body Confidence by Vikki Hill,60,8,4,6,Chest Fly (Cable),3,11
Full Body Confidence by Vikki Hill,60,8,4,6,Seated Shoulder Press (Dumbbell),3,11
Full Body Confidence by Vikki Hill,60,8,4,6,Lateral Raise (Cable),3,14
Full Body Confidence by Vikki Hill,60,8,4,6,Tricep Extension (Cable),3,14
Full Body Confidence by Vikki Hill,60,8,4,6,Bear Craw Isometric Hold,3,14
"5.0 weeks for ['Bodybuilding', 'Muscle & Sculpting']",90,1,1,7,Squat (Barbell),1,9
"5.0 weeks for ['Bodybuilding', 'Muscle & Sculpting']",90,1,1,7,Bench Press (Barbell),1,18
"5.0 weeks for ['Bodybuilding', 'Muscle & Sculpting']",90,1,1,7,Leg Press,2,18
"5.0 weeks for ['Bodybuilding', 'Muscle & Sculpting']",90,1,1,7,Leg Extension,2,12
"5.0 weeks for ['Bodybuilding', 'Muscle & Sculpting']",90,1,1,7,Leg Curl,2,18
"5.0 weeks for ['Bodybuilding', 'Muscle & Sculpting']",90,1,1,7,Hip Abductor (Machine),3,12
"5.0 weeks for ['Bodybuilding', 'Muscle & Sculpting']",90,1,1,7,Standing Calf Raise,3,8
"5.0 weeks for ['Bodybuilding', 'Muscle & Sculpting']",90,1,2,8,Incline Bench Press (Smith Machine),2,8
"5.0 weeks for ['Bodybuilding', 'Muscle & Sculpting']",90,1,2,8,Unilateral Low Cable Fly,2,12
"5.0 weeks for ['Bodybuilding', 'Muscle & Sculpting']",90,1,2,8,Seated Shoulder Press (Dumbbell),2,12
"5.0 weeks for ['Bodybuilding', 'Muscle & Sculpting']",90,1,2,8,Lateral Raise (Dumbbell),2,11
"5.0 weeks for ['Bodybuilding', 'Muscle & Sculpting']",90,1,2,8,Lateral Raise (Cable),2,18
"5.0 weeks for ['Bodybuilding', 'Muscle & Sculpting']",90,1,2,8,V-Handle Tricep Pushdown (Cable),2,18
"5.0 weeks for ['Bodybuilding', 'Muscle & Sculpting']",90,1,2,8,Tricep Pushdown (Cable),2,18
"5.0 weeks for ['Bodybuilding', 'Muscle & Sculpting']",90,1,2,8,Overhead Tricep Extension (Cable),2,18
"5.0 weeks for ['Bodybuilding', 'Muscle & Sculpting']",90,1,3,10,Deadlift (Barbell),1,18
"5.0 weeks for ['Bodybuilding', 'Muscle & Sculpting']",90,1,3,10,Tempo Bench Press,1,9
"5.0 weeks for ['Bodybuilding', 'Muscle & Sculpting']",90,1,3,10,Bench Press (Barbell),3,11
"5.0 weeks for ['Bodybuilding', 'Muscle & Sculpting']",90,1,3,10,Lat Pulldown (Neutral Grip),2,18
"5.0 weeks for ['Bodybuilding', 'Muscle & Sculpting']",90,1,3,10,Seated Row (Cable),2,18
"5.0 weeks for ['Bodybuilding', 'Muscle & Sculpting']",90,1,3,10,Seated Row (Cable),2,8
"5.0 weeks for ['Bodybuilding', 'Muscle & Sculpting']",90,1,3,10,Seated Row (Cable),2,12
"5.0 weeks for ['Bodybuilding', 'Muscle & Sculpting']",90,1,3,10,Rear Delt Fly (Machine),2,12
"5.0 weeks for ['Bodybuilding', 'Muscle & Sculpting']",90,1,3,10,Incline Curl (Dumbbell),3,9
"5.0 weeks for ['Bodybuilding', 'Muscle & Sculpting']",90,1,3,10,Hammer Curl,3,18
"5.0 weeks for ['Bodybuilding', 'Muscle & Sculpting']",90,1,4,9,Larsen Press (Barbell),3,18
"5.0 weeks for ['Bodybuilding', 'Muscle & Sculpting']",90,1,4,9,Incline Bench Press (Dumbbell),2,12
"5.0 weeks for ['Bodybuilding', 'Muscle & Sculpting']",90,1,4,9,Unilateral Low Cable Fly,2,18
"5.0 weeks for ['Bodybuilding', 'Muscle & Sculpting']",90,1,4,9,Seated Shoulder Press (Dumbbell),2,12
"5.0 weeks for ['Bodybuilding', 'Muscle & Sculpting']",90,1,4,9,Lateral Raise (Dumbbell),2,8
"5.0 weeks for ['Bodybuilding', 'Muscle & Sculpting']",90,1,4,9,Lateral Raise (Cable),2,8
"5.0 weeks for ['Bodybuilding', 'Muscle & Sculpting']",90,1,4,9,Skull Crusher,2,12
"5.0 weeks for ['Bodybuilding', 'Muscle & Sculpting']",90,1,4,9,Tricep Pushdown (Cable),2,12
"5.0 weeks for ['Bodybuilding', 'Muscle & Sculpting']",90,1,4,9,V-Handle Tricep Pushdown (Cable),2,11
"5.0 weeks for ['Bodybuilding', 'Muscle & Sculpting']",90,1,5,9,Squat (Barbell),1,18
"5.0 weeks for ['Bodybuilding', 'Muscle & Sculpting']",90,1,5,9,Squat (Paused),2,18
"5.0 weeks for ['Bodybuilding', 'Muscle & Sculpting']",90,1,5,9,Deadlift (Barbell),3,18
"5.0 weeks for ['Bodybuilding', 'Muscle & Sculpting']",90,1,5,9,Hip Thrust (Barbell),2,18
"5.0 weeks for ['Bodybuilding', 'Muscle & Sculpting']",90,1,5,9,Leg Press,2,18
"5.0 weeks for ['Bodybuilding', 'Muscle & Sculpting']",90,1,5,9,Leg Extension,3,9
"5.0 weeks for ['Bodybuilding', 'Muscle & Sculpting']",90,1,5,9,Leg Curl,3,11
"5.0 weeks for ['Bodybuilding', 'Muscle & Sculpting']",90,1,5,9,Hip Abductor (Machine),2,18
"5.0 weeks for ['Bodybuilding', 'Muscle & Sculpting']",90,1,5,9,Straight Leg Calf Raise,3,18
"5.0 weeks for ['Bodybuilding', 'Muscle & Sculpting']",90,1,6,8,Bench Press (Barbell),4,8
"5.0 weeks for ['Bodybuilding', 'Muscle & Sculpting']",90,1,6,8,Lat Pulldown,2,12
"5.0 weeks for ['Bodybuilding', 'Muscle & Sculpting']",90,1,6,8,Seated Row (Cable),2,12
"5.0 weeks for ['Bodybuilding', 'Muscle & Sculpting']",90,1,6,8,Straight Arm Pulldown,2,9
"5.0 weeks for ['Bodybuilding', 'Muscle & Sculpting']",90,1,6,8,Rear Delt Fly (Machine),2,18
"5.0 weeks for ['Bodybuilding', 'Muscle & Sculpting']",90,1,6,8,Bicep Curl (EZ Bar),2,18
"5.0 weeks for ['Bodybuilding', 'Muscle & Sculpting']",90,1,6,8,Rope Curl,2,12
"5.0 weeks for ['Bodybuilding', 'Muscle & Sculpting']",90,1,6,8,Bicep Curl (Barbell),2,18
"5.0 weeks for ['Bodybuilding', 'Muscle & Sculpting']",90,2,1,7,Squat (Barbell),1,12
"5.0 weeks for ['Bodybuilding', 'Muscle & Sculpting']",90,2,1,7,Bench Press (Barbell),1,8
"5.0 weeks for ['Bodybuilding', 'Muscle & Sculpting']",90,2,1,7,Leg Press,2,8
"5.0 weeks for ['Bodybuilding', 'Muscle & Sculpting']",90,2,1,7,Leg Extension,2,12
"5.0 weeks for ['Bodybuilding', 'Muscle & Sculpting']",90,2,1,7,Leg Curl,2,12
"5.0 weeks for ['Bodybuilding', 'Muscle & Sculpting']",90,2,1,7,Hip Abductor (Machine),3,11
"5.0 weeks for ['Bodybuilding', 'Muscle & Sculpting']",90,2,1,7,Standing Calf Raise,3,18
"5.0 weeks for ['Bodybuilding', 'Muscle & Sculpting']",90,2,2,8,Incline Bench Press (Smith Machine),2,18
"5.0 weeks for ['Bodybuilding', 'Muscle & Sculpting']",90,2,2,8,Unilateral Low Cable Fly,2,18
"5.0 weeks for ['Bodybuilding', 'Muscle & Sculpting']",90,2,2,8,Seated Shoulder Press (Dumbbell),2,18
"5.0 weeks for ['Bodybuilding', 'Muscle & Sculpting']",90,2,2,8,Lateral Raise (Dumbbell),2,18
"5.0 weeks for ['Bodybuilding', 'Muscle & Sculpting']",90,2,2,8,Lateral Raise (Cable),2,9
"5.0 weeks for ['Bodybuilding', 'Muscle & Sculpting']",90,2,2,8,V-Handle Tricep Pushdown (Cable),2,11
"5.0 weeks for ['Bodybuilding', 'Muscle & Sculpting']",90,2,2,8,Tricep Pushdown (Cable),2,18
"5.0 weeks for ['Bodybuilding', 'Muscle & Sculpting']",90,2,2,8,Overhead Tricep Extension (Cable),2,18
"5.0 weeks for ['Bodybuilding', 'Muscle & Sculpting']",90,2,3,10,Deadlift (Barbell),1,8
"5.0 weeks for ['Bodybuilding', 'Muscle & Sculpting']",90,2,3,10,Tempo Bench Press,1,12
"5.0 weeks for ['Bodybuilding', 'Muscle & Sculpting']",90,2,3,10,Bench Press (Barbell),3,12
"5.0 weeks for ['Bodybuilding', 'Muscle & Sculpting']",90,2,3,10,Lat Pulldown (Neutral Grip),2,9
"5.0 weeks for ['Bodybuilding', 'Muscle & Sculpting']",90,2,3,10,Seated Row (Cable),2,18
"5.0 weeks for ['Bodybuilding', 'Muscle & Sculpting']",90,2,3,10,Seated Row (Cable),2,12
"5.0 weeks for ['Bodybuilding', 'Muscle & Sculpting']",90,2,3,10,Rear Delt Fly (Machine),2,18
"5.0 weeks for ['Bodybuilding', 'Muscle & Sculpting']",90,2,3,10,Incline Curl (Dumbbell),3,12
"5.0 weeks for ['Bodybuilding', 'Muscle & Sculpting']",90,2,3,10,Hammer Curl,3,8
"5.0 weeks for ['Bodybuilding', 'Muscle & Sculpting']",90,2,4,9,Larsen Press (Barbell),3,8
"5.0 weeks for ['Bodybuilding', 'Muscle & Sculpting']",90,2,4,9,Incline Bench Press (Dumbbell),2,12
"5.0 weeks for ['Bodybuilding', 'Muscle & Sculpting']",90,2,4,9,Unilateral Low Cable Fly,2,12
"5.0 weeks for ['Bodybuilding', 'Muscle & Sculpting']",90,2,4,9,Seated Shoulder Press (Dumbbell),2,11
"5.0 weeks for ['Bodybuilding', 'Muscle & Sculpting']",90,2,4,9,Lateral Raise (Dumbbell),2,18
"5.0 weeks for ['Bodybuilding', 'Muscle & Sculpting']",90,2,4,9,Lateral Raise (Cable),2,18
"5.0 weeks for ['Bodybuilding', 'Muscle & Sculpting']",90,2,4,9,Skull Crusher,2,18
"5.0 weeks for ['Bodybuilding', 'Muscle & Sculpting']",90,2,4,9,Tricep Pushdown (Cable),2,18
"5.0 weeks for ['Bodybuilding', 'Muscle & Sculpting']",90,2,4,9,V-Handle Tricep Pushdown (Cable),2,18
"5.0 weeks for ['Bodybuilding', 'Muscle & Sculpting']",90,2,5,9,Squat (Barbell),1,9
"5.0 weeks for ['Bodybuilding', 'Muscle & Sculpting']",90,2,5,9,Squat (Paused),2,11
"5.0 weeks for ['Bodybuilding', 'Muscle & Sculpting']",90,2,5,9,Deadlift (Barbell),3,18
"5.0 weeks for ['Bodybuilding', 'Muscle & Sculpting']",90,2,5,9,Hip Thrust (Barbell),2,18
"5.0 weeks for ['Bodybuilding', 'Muscle & Sculpting']",90,2,5,9,Leg Press,2,8
"5.0 weeks for ['Bodybuilding', 'Muscle & Sculpting']",90,2,5,9,Leg Extension,3,12
"5.0 weeks for ['Bodybuilding', 'Muscle & Sculpting']",90,2,5,9,Leg Curl,3,12
"5.0 weeks for ['Bodybuilding', 'Muscle & Sculpting']",90,2,5,9,Hip Abductor (Machine),2,9
"5.0 weeks for ['Bodybuilding', 'Muscle & Sculpting']",90,2,5,9,Straight Leg Calf Raise,3,18
"5.0 weeks for ['Bodybuilding', 'Muscle & Sculpting']",90,2,6,8,Bench Press (Barbell),4,18
"5.0 weeks for ['Bodybuilding', 'Muscle & Sculpting']",90,2,6,8,Lat Pulldown,2,12
"5.0 weeks for ['Bodybuilding', 'Muscle & Sculpting']",90,2,6,8,Seated Row (Cable),2,18
"5.0 weeks for ['Bodybuilding', 'Muscle & Sculpting']",90,2,6,8,Straight Arm Pulldown,2,12
"5.0 weeks for ['Bodybuilding', 'Muscle & Sculpting']",90,2,6,8,Rear Delt Fly (Machine),2,8
"5.0 weeks for ['Bodybuilding', 'Muscle & Sculpting']",90,2,6,8,Bicep Curl (EZ Bar),2,8
"5.0 weeks for ['Bodybuilding', 'Muscle & Sculpting']",90,2,6,8,Rope Curl,2,12
"5.0 weeks for ['Bodybuilding', 'Muscle & Sculpting']",90,2,6,8,Bicep Curl (Barbell),2,12
"5.0 weeks for ['Bodybuilding', 'Muscle & Sculpting']",90,3,1,7,Squat (Barbell),1,11
"5.0 weeks for ['Bodybuilding', 'Muscle & Sculpting']",90,3,1,7,Bench Press (Barbell),1,18
"5.0 weeks for ['Bodybuilding', 'Muscle & Sculpting']",90,3,1,7,Leg Press,2,18
"5.0 weeks for ['Bodybuilding', 'Muscle & Sculpting']",90,3,1,7,Leg Extension,2,18
"5.0 weeks for ['Bodybuilding', 'Muscle & Sculpting']",90,3,1,7,Leg Curl,2,18
"5.0 weeks for ['Bodybuilding', 'Muscle & Sculpting']",90,3,1,7,Hip Abductor (Machine),3,18
"5.0 weeks for ['Bodybuilding', 'Muscle & Sculpting']",90,3,1,7,Standing Calf Raise,3,9
"5.0 weeks for ['Bodybuilding', 'Muscle & Sculpting']",90,3,2,8,Incline Bench Press (Smith Machine),2,11
"5.0 weeks for ['Bodybuilding', 'Muscle & Sculpting']",90,3,2,8,Unilateral Low Cable Fly,2,18
"5.0 weeks for ['Bodybuilding', 'Muscle & Sculpting']",90,3,2,8,Seated Shoulder Press (Dumbbell),2,18
"5.0 weeks for ['Bodybuilding', 'Muscle & Sculpting']",90,3,2,8,Lateral Raise (Dumbbell),2,8
"5.0 weeks for ['Bodybuilding', 'Muscle & Sculpting']",90,3,2,8,Lateral Raise (Cable),2,12
"5.0 weeks for ['Bodybuilding', 'Muscle & Sculpting']",90,3,2,8,V-Handle Tricep Pushdown (Cable),2,12
"5.0 weeks for ['Bodybuilding', 'Muscle & Sculpting']",90,3,2,8,Tricep Pushdown (Cable),2,9
"5.0 weeks for ['Bodybuilding', 'Muscle & Sculpting']",90,3,2,8,Overhead Tricep Extension (Cable),2,18
"5.0 weeks for ['Bodybuilding', 'Muscle & Sculpting']",90,3,3,10,Deadlift (Barbell),1,18
"5.0 weeks for ['Bodybuilding', 'Muscle & Sculpting']",90,3,3,10,Tempo Bench Press,1,12
"5.0 weeks for ['Bodybuilding', 'Muscle & Sculpting']",90,3,3,10,Bench Press (Barbell),3,18
"5.0 weeks for ['Bodybuilding', 'Muscle & Sculpting']",90,3,3,10,Lat Pulldown (Neutral Grip),2,12
"5.0 weeks for ['Bodybuilding', 'Muscle & Sculpting']",90,3,3,10,Seated Row (Cable),2,8
"5.0 weeks for ['Bodybuilding', 'Muscle & Sculpting']",90,3,3,10,Seated Row (Cable),2,12
"5.0 weeks for ['Bodybuilding', 'Muscle & Sculpting']",90,3,3,10,Rear Delt Fly (Machine),2,12
"5.0 weeks for ['Bodybuilding', 'Muscle & Sculpting']",90,3,3,10,Incline Curl (Dumbbell),3,11
"5.0 weeks for ['Bodybuilding', 'Muscle & Sculpting']",90,3,3,10,Hammer Curl,3,18
"5.0 weeks for ['Bodybuilding', 'Muscle & Sculpting']",90,3,4,9,Larsen Press (Barbell),3,18
"5.0 weeks for ['Bodybuilding', 'Muscle & Sculpting']",90,3,4,9,Incline Bench Press (Dumbbell),2,18
"5.0 weeks for ['Bodybuilding', 'Muscle & Sculpting']",90,3,4,9,Unilateral Low Cable Fly,2,18
"5.0 weeks for ['Bodybuilding', 'Muscle & Sculpting']",90,3,4,9,Seated Shoulder Press (Dumbbell),2,18
"5.0 weeks for ['Bodybuilding', 'Muscle & Sculpting']",90,3,4,9,Lateral Raise (Dumbbell),2,8
"5.0 weeks for ['Bodybuilding', 'Muscle & Sculpting']",90,3,4,9,Lateral Raise (Cable),2,8
"5.0 weeks for ['Bodybuilding', 'Muscle & Sculpting']",90,3,4,9,Skull Crusher,2,8
"5.0 weeks for ['Bodybuilding', 'Muscle & Sculpting']",90,3,4,9,Tricep Pushdown (Cable),2,8
"5.0 weeks for ['Bodybuilding', 'Muscle & Sculpting']",90,3,4,9,V-Handle Tricep Pushdown (Cable),2,8
"5.0 weeks for ['Bodybuilding', 'Muscle & Sculpting']",90,3,5,9,Squat (Barbell),1,8
"5.0 weeks for ['Bodybuilding', 'Muscle & Sculpting']",90,3,5,9,Squat (Paused),2,8
"5.0 weeks for ['Bodybuilding', 'Muscle & Sculpting']",90,3,5,9,Deadlift (Barbell),3,12
"5.0 weeks for ['Bodybuilding', 'Muscle & Sculpting']",90,3,5,9,Hip Thrust (Barbell),2,12
"5.0 weeks for ['Bodybuilding', 'Muscle & Sculpting']",90,3,5,9,Leg Press,2,12
"5.0 weeks for ['Bodybuilding', 'Muscle & Sculpting']",90,3,5,9,Leg Extension,3,24
"5.0 weeks for ['Bodybuilding', 'Muscle & Sculpting']",90,3,5,9,Leg Curl,3,8
"5.0 weeks for ['Bodybuilding', 'Muscle & Sculpting']",90,3,5,9,Hip Abductor (Machine),2,8
"5.0 weeks for ['Bodybuilding', 'Muscle & Sculpting']",90,3,5,9,Straight Leg Calf Raise,3,8
"5.0 weeks for ['Bodybuilding', 'Muscle & Sculpting']",90,3,6,8,Bench Press (Barbell),4,8
"5.0 weeks for ['Bodybuilding', 'Muscle & Sculpting']",90,3,6,8,Lat Pulldown,2,8
"5.0 weeks for ['Bodybuilding', 'Muscle & Sculpting']",90,3,6,8,Seated Row (Cable),2,8
"5.0 weeks for ['Bodybuilding', 'Muscle & Sculpting']",90,3,6,8,Straight Arm Pulldown,2,24
"5.0 weeks for ['Bodybuilding', 'Muscle & Sculpting']",90,3,6,8,Rear Delt Fly (Machine),2,24
"5.0 weeks for ['Bodybuilding', 'Muscle & Sculpting']",90,3,6,8,Bicep Curl (EZ Bar),2,24
"5.0 weeks for ['Bodybuilding', 'Muscle & Sculpting']",90,3,6,8,Rope Curl,2,8
"5.0 weeks for ['Bodybuilding', 'Muscle & Sculpting']",90,3,6,8,Bicep Curl (Barbell),2,8
"5.0 weeks for ['Bodybuilding', 'Muscle & Sculpting']",90,4,1,7,Squat (Barbell),1,8
"5.0 weeks for ['Bodybuilding', 'Muscle & Sculpting']",90,4,1,7,Bench Press (Barbell),1,8
"5.0 weeks for ['Bodybuilding', 'Muscle & Sculpting']",90,4,1,7,Leg Press,2,8
"5.0 weeks for ['Bodybuilding', 'Muscle & Sculpting']",90,4,1,7,Leg Extension,2,8
"5.0 weeks for ['Bodybuilding', 'Muscle & Sculpting']",90,4,1,7,Leg Curl,2,8
"5.0 weeks for ['Bodybuilding', 'Muscle & Sculpting']",90,4,1,7,Hip Abductor (Machine),3,24
"5.0 weeks for ['Bodybuilding', 'Muscle & Sculpting']",90,4,1,7,Standing Calf Raise,3,8
"5.0 weeks for ['Bodybuilding', 'Muscle & Sculpting']",90,4,2,8,Incline Bench Press (Smith Machine),2,12
"5.0 weeks for ['Bodybuilding', 'Muscle & Sculpting']",90,4,2,8,Unilateral Low Cable Fly,2,8
"5.0 weeks for ['Bodybuilding', 'Muscle & Sculpting']",90,4,2,8,Seated Shoulder Press (Dumbbell),2,8
"5.0 weeks for ['Bodybuilding', 'Muscle & Sculpting']",90,4,2,8,Lateral Raise (Dumbbell),2,8
"5.0 weeks for ['Bodybuilding', 'Muscle & Sculpting']",90,4,2,8,Lateral Raise (Cable),2,8
"5.0 weeks for ['Bodybuilding', 'Muscle & Sculpting']",90,4,2,8,V-Handle Tricep Pushdown (Cable),2,8
"5.0 weeks for ['Bodybuilding', 'Muscle & Sculpting']",90,4,2,8,Tricep Pushdown (Cable),2,8
"5.0 weeks for ['Bodybuilding', 'Muscle & Sculpting']",90,4,2,8,Overhead Tricep Extension (Cable),2,24
"5.0 weeks for ['Bodybuilding', 'Muscle & Sculpting']",90,4,3,10,Deadlift (Barbell),1,8
"5.0 weeks for ['Bodybuilding', 'Muscle & Sculpting']",90,4,3,10,Tempo Bench Press,1,8
"5.0 weeks for ['Bodybuilding', 'Muscle & Sculpting']",90,4,3,10,Bench Press (Barbell),3,8
"5.0 weeks for ['Bodybuilding', 'Muscle & Sculpting']",90,4,3,10,Lat Pulldown (Neutral Grip),2,8
"5.0 weeks for ['Bodybuilding', 'Muscle & Sculpting']",90,4,3,10,Seated Row (Cable),2,8
"5.0 weeks for ['Bodybuilding', 'Muscle & Sculpting']",90,4,3,10,Seated Row (Cable),2,24
"5.0 weeks for ['Bodybuilding', 'Muscle & Sculpting']",90,4,3,10,Rear Delt Fly (Machine),2,24
"5.0 weeks for ['Bodybuilding', 'Muscle & Sculpting']",90,4,3,10,Incline Curl (Dumbbell),3,24
"5.0 weeks for ['Bodybuilding', 'Muscle & Sculpting']",90,4,3,10,Hammer Curl,3,24
"5.0 weeks for ['Bodybuilding', 'Muscle & Sculpting']",90,4,4,9,Larsen Press (Barbell),3,12
"5.0 weeks for ['Bodybuilding', 'Muscle & Sculpting']",90,4,4,9,Incline Bench Press (Dumbbell),2,8
"5.0 weeks for ['Bodybuilding', 'Muscle & Sculpting']",90,4,4,9,Unilateral Low Cable Fly,2,8
"5.0 weeks for ['Bodybuilding', 'Muscle & Sculpting']",90,4,4,9,Seated Shoulder Press (Dumbbell),2,8
"5.0 weeks for ['Bodybuilding', 'Muscle & Sculpting']",90,4,4,9,Lateral Raise (Dumbbell),2,8
"5.0 weeks for ['Bodybuilding', 'Muscle & Sculpting']",90,4,4,9,Lateral Raise (Cable),2,8
"5.0 weeks for ['Bodybuilding', 'Muscle & Sculpting']",90,4,4,9,Skull Crusher,2,8
"5.0 weeks for ['Bodybuilding', 'Muscle & Sculpting']",90,4,4,9,Tricep Pushdown (Cable),2,8
"5.0 weeks for ['Bodybuilding', 'Muscle & Sculpting']",90,4,4,9,V-Handle Tricep Pushdown (Cable),2,24
"5.0 weeks for ['Bodybuilding', 'Muscle & Sculpting']",90,4,5,9,Squat (Barbell),1,16
"5.0 weeks for ['Bodybuilding', 'Muscle & Sculpting']",90,4,5,9,Squat (Paused),2,16
"5.0 weeks for ['Bodybuilding', 'Muscle & Sculpting']",90,4,5,9,Deadlift (Barbell),3,16
"5.0 weeks for ['Bodybuilding', 'Muscle & Sculpting']",90,4,5,9,Hip Thrust (Barbell),2,16
"5.0 weeks for ['Bodybuilding', 'Muscle & Sculpting']",90,4,5,9,Leg Press,2,16
"5.0 weeks for ['Bodybuilding', 'Muscle & Sculpting']",90,4,5,9,Leg Extension,3,16
"5.0 weeks for ['Bodybuilding', 'Muscle & Sculpting']",90,4,5,9,Leg Curl,3,16
"5.0 weeks for ['Bodybuilding', 'Muscle & Sculpting']",90,4,5,9,Hip Abductor (Machine),2,16
"5.0 weeks for ['Bodybuilding', 'Muscle & Sculpting']",90,4,5,9,Straight Leg Calf Raise,3,16
"5.0 weeks for ['Bodybuilding', 'Muscle & Sculpting']",90,4,6,8,Bench Press (Barbell),4,16
"5.0 weeks for ['Bodybuilding', 'Muscle & Sculpting']",90,4,6,8,Lat Pulldown,2,24
"5.0 weeks for ['Bodybuilding', 'Muscle & Sculpting']",90,4,6,8,Seated Row (Cable),2,16
"5.0 weeks for ['Bodybuilding', 'Muscle & Sculpting']",90,4,6,8,Straight Arm Pulldown,2,16
"5.0 weeks for ['Bodybuilding', 'Muscle & Sculpting']",90,4,6,8,Rear Delt Fly (Machine),2,16
"5.0 weeks for ['Bodybuilding', 'Muscle & Sculpting']",90,4,6,8,Bicep Curl (EZ Bar),2,16
"5.0 weeks for ['Bodybuilding', 'Muscle & Sculpting']",90,4,6,8,Rope Curl,2,16
"5.0 weeks for ['Bodybuilding', 'Muscle & Sculpting']",90,4,6,8,Bicep Curl (Barbell),2,16
"5.0 weeks for ['Bodybuilding', 'Muscle & Sculpting']",90,5,1,7,Squat (Barbell),1,24
"5.0 weeks for ['Bodybuilding', 'Muscle & Sculpting']",90,5,1,7,Bench Press (Barbell),1,24
"5.0 weeks for ['Bodybuilding', 'Muscle & Sculpting']",90,5,1,7,Leg Press,2,24
"5.0 weeks for ['Bodybuilding', 'Muscle & Sculpting']",90,5,1,7,Leg Extension,2,24
"5.0 weeks for ['Bodybuilding', 'Muscle & Sculpting']",90,5,1,7,Leg Curl,2,12
"5.0 weeks for ['Bodybuilding', 'Muscle & Sculpting']",90,5,1,7,Hip Abductor (Machine),3,16
"5.0 weeks for ['Bodybuilding', 'Muscle & Sculpting']",90,5,1,7,Standing Calf Raise,3,16
"5.0 weeks for ['Bodybuilding', 'Muscle & Sculpting']",90,5,2,8,Incline Bench Press (Smith Machine),2,16
"5.0 weeks for ['Bodybuilding', 'Muscle & Sculpting']",90,5,2,8,Unilateral Low Cable Fly,2,16
"5.0 weeks for ['Bodybuilding', 'Muscle & Sculpting']",90,5,2,8,Seated Shoulder Press (Dumbbell),2,16
"5.0 weeks for ['Bodybuilding', 'Muscle & Sculpting']",90,5,2,8,Lateral Raise (Dumbbell),2,16
"5.0 weeks for ['Bodybuilding', 'Muscle & Sculpting']",90,5,2,8,Lateral Raise (Cable),2,16
"5.0 weeks for ['Bodybuilding', 'Muscle & Sculpting']",90,5,2,8,V-Handle Tricep Pushdown (Cable),2,24
"5.0 weeks for ['Bodybuilding', 'Muscle & Sculpting']",90,5,2,8,Tricep Pushdown (Cable),2,16
"5.0 weeks for ['Bodybuilding', 'Muscle & Sculpting']",90,5,2,8,Overhead Tricep Extension (Cable),2,16
"5.0 weeks for ['Bodybuilding', 'Muscle & Sculpting']",90,5,3,10,Deadlift (Barbell),1,16
"5.0 weeks for ['Bodybuilding', 'Muscle & Sculpting']",90,5,3,10,Tempo Bench Press,1,16
"5.0 weeks for ['Bodybuilding', 'Muscle & Sculpting']",90,5,3,10,Bench Press (Barbell),3,16
"5.0 weeks for ['Bodybuilding', 'Muscle & Sculpting']",90,5,3,10,Lat Pulldown (Neutral Grip),2,16
"5.0 weeks for ['Bodybuilding', 'Muscle & Sculpting']",90,5,3,10,Seated Row (Cable),2,16
"5.0 weeks for ['Bodybuilding', 'Muscle & Sculpting']",90,5,3,10,Seated Row (Cable),2,24
"5.0 weeks for ['Bodybuilding', 'Muscle & Sculpting']",90,5,3,10,Rear Delt Fly (Machine),2,16
"5.0 weeks for ['Bodybuilding', 'Muscle & Sculpting']",90,5,3,10,Incline Curl (Dumbbell),3,16
"5.0 weeks for ['Bodybuilding', 'Muscle & Sculpting']",90,5,3,10,Hammer Curl,3,16
"5.0 weeks for ['Bodybuilding', 'Muscle & Sculpting']",90,5,4,9,Larsen Press (Barbell),3,16
"5.0 weeks for ['Bodybuilding', 'Muscle & Sculpting']",90,5,4,9,Incline Bench Press (Dumbbell),2,8
"5.0 weeks for ['Bodybuilding', 'Muscle & Sculpting']",90,5,4,9,Unilateral Low Cable Fly,2,16
"5.0 weeks for ['Bodybuilding', 'Muscle & Sculpting']",90,5,4,9,Seated Shoulder Press (Dumbbell),2,24
"5.0 weeks for ['Bodybuilding', 'Muscle & Sculpting']",90,5,4,9,Lateral Raise (Dumbbell),2,16
"5.0 weeks for ['Bodybuilding', 'Muscle & Sculpting']",90,5,4,9,Lateral Raise (Cable),2,16
"5.0 weeks for ['Bodybuilding', 'Muscle & Sculpting']",90,5,4,9,Skull Crusher,2,16
"5.0 weeks for ['Bodybuilding', 'Muscle & Sculpting']",90,5,4,9,Tricep Pushdown (Cable),2,16
"5.0 weeks for ['Bodybuilding', 'Muscle & Sculpting']",90,5,4,9,V-Handle Tricep Pushdown (Cable),2,16
"5.0 weeks for ['Bodybuilding', 'Muscle & Sculpting']",90,5,5,9,Squat (Barbell),1,16
"5.0 weeks for ['Bodybuilding', 'Muscle & Sculpting']",90,5,5,9,Squat (Paused),2,16
"5.0 weeks for ['Bodybuilding', 'Muscle & Sculpting']",90,5,5,9,Deadlift (Barbell),3,24
"5.0 weeks for ['Bodybuilding', 'Muscle & Sculpting']",90,5,5,9,Hip Thrust (Barbell),2,8
"5.0 weeks for ['Bodybuilding', 'Muscle & Sculpting']",90,5,5,9,Leg Press,2,8
"5.0 weeks for ['Bodybuilding', 'Muscle & Sculpting']",90,5,5,9,Leg Extension,3,8
"5.0 weeks for ['Bodybuilding', 'Muscle & Sculpting']",90,5,5,9,Leg Curl,3,8
"5.0 weeks for ['Bodybuilding', 'Muscle & Sculpting']",90,5,5,9,Hip Abductor (Machine),2,8
"5.0 weeks for ['Bodybuilding', 'Muscle & Sculpting']",90,5,5,9,Straight Leg Calf Raise,3,8
"5.0 weeks for ['Bodybuilding', 'Muscle & Sculpting']",90,5,6,8,Bench Press (Barbell),4,8
"5.0 weeks for ['Bodybuilding', 'Muscle & Sculpting']",90,5,6,8,Lat Pulldown,2,12
"5.0 weeks for ['Bodybuilding', 'Muscle & Sculpting']",90,5,6,8,Seated Row (Cable),2,12
"5.0 weeks for ['Bodybuilding', 'Muscle & Sculpting']",90,5,6,8,Straight Arm Pulldown,2,12
"5.0 weeks for ['Bodybuilding', 'Muscle & Sculpting']",90,5,6,8,Rear Delt Fly (Machine),2,24
"5.0 weeks for ['Bodybuilding', 'Muscle & Sculpting']",90,5,6,8,Bicep Curl (EZ Bar),2,8
"5.0 weeks for ['Bodybuilding', 'Muscle & Sculpting']",90,5,6,8,Rope Curl,2,8
"5.0 weeks for ['Bodybuilding', 'Muscle & Sculpting']",90,5,6,8,Bicep Curl (Barbell),2,8
Bro Split Forever,50,1,1,6,Standing Calf Raise,5,5
Bro Split Forever,50,1,1,6,Squat (Barbell),3,6
Bro Split Forever,50,1,1,6,Romanian Deadlift (Barbell),4,10
Bro Split Forever,50,1,1,6,Bulgarian Split Squat (Dumbbell),4,5
Bro Split Forever,50,1,1,6,Lunge (Barbell),4,6
Bro Split Forever,50,1,1,6,Box Jump,2,5
Bro Split Forever,50,1,2,5,Incline Bench Press (Dumbbell),4,6
Bro Split Forever,50,1,2,5,Bench Press (Barbell),4,5
Bro Split Forever,50,1,2,5,Chest Fly (Dumbbell),3,6
Bro Split Forever,50,1,2,5,Dip (Bodyweight),2,10
Bro Split Forever,50,1,2,5,Push Up,2,10
Bro Split Forever,50,1,3,6,Pull-Up (Weighted),3,5
Bro Split Forever,50,1,3,6,Bent Over Row (Barbell),3,6
Bro Split Forever,50,1,3,6,Rack Pull (Barbell),3,5
Bro Split Forever,50,1,3,6,Dumbbell Row,3,6
Bro Split Forever,50,1,3,6,Good Morning,3,5
Bro Split Forever,50,1,3,6,Pull-Up (Bodyweight),3,6
Bro Split Forever,50,1,4,5,Lateral Raise (Dumbbell),3,10
Bro Split Forever,50,1,4,5,Seated Shoulder Press (Dumbbell),3,5
Bro Split Forever,50,1,4,5,Upright Row (Barbell),3,6
Bro Split Forever,50,1,4,5,Rear Delt Fly (Dumbbell),3,5
Bro Split Forever,50,1,4,5,Arnold Press,3,6
Bro Split Forever,50,1,5,6,Skull Crusher,3,5
Bro Split Forever,50,1,5,6,Incline Curl (Dumbbell),3,6
Bro Split Forever,50,1,5,6,Bench Press (Close Grip),3,10
Bro Split Forever,50,1,5,6,Overhead Extension (Dumbbell),3,5
Bro Split Forever,50,1,5,6,Chin-Up (Bodyweight),3,6
Bro Split Forever,50,1,5,6,Hammer Curl,3,5
Bro Split Forever,50,1,6,1,Jog,1,6
Bro Split Forever,50,1,7,6,Standing Calf Raise,5,5
Bro Split Forever,50,1,7,6,Squat (Barbell),3,6
Bro Split Forever,50,1,7,6,Romanian Deadlift (Barbell),4,10
Bro Split Forever,50,1,7,6,Bulgarian Split Squat (Dumbbell),4,10
Bro Split Forever,50,1,7,6,Lunge (Barbell),4,5
Bro Split Forever,50,1,7,6,Box Jump,2,6
Bro Split Forever,50,2,1,5,Incline Bench Press (Dumbbell),4,5
Bro Split Forever,50,2,1,5,Bench Press (Barbell),4,6
Bro Split Forever,50,2,1,5,Chest Fly (Dumbbell),3,5
Bro Split Forever,50,2,1,5,Dip (Bodyweight),2,6
Bro Split Forever,50,2,1,5,Push Up,2,10
Bro Split Forever,50,2,2,6,Pull-Up (Weighted),3,5
Bro Split Forever,50,2,2,6,Bent Over Row (Barbell),3,6
Bro Split Forever,50,2,2,6,Rack Pull (Barbell),3,5
Bro Split Forever,50,2,2,6,Dumbbell Row,3,6
Bro Split Forever,50,2,2,6,Good Morning,3,5
Bro Split Forever,50,2,2,6,Pull-Up (Bodyweight),3,6
Bro Split Forever,50,2,3,5,Lateral Raise (Dumbbell),3,10
Bro Split Forever,50,2,3,5,Seated Shoulder Press (Dumbbell),3,5
Bro Split Forever,50,2,3,5,Upright Row (Barbell),3,6
Bro Split Forever,50,2,3,5,Rear Delt Fly (Dumbbell),3,5
Bro Split Forever,50,2,3,5,Arnold Press,3,6
Bro Split Forever,50,2,4,6,Skull Crusher,3,5
Bro Split Forever,50,2,4,6,Incline Curl (Dumbbell),3,6
Bro Split Forever,50,2,4,6,Bench Press (Close Grip),3,10
Bro Split Forever,50,2,4,6,Overhead Extension (Dumbbell),3,10
Bro Split Forever,50,2,4,6,Chin-Up (Bodyweight),3,5
Bro Split Forever,50,2,4,6,Hammer Curl,3,6
Bro Split Forever,50,2,5,1,Jog,1,5
Bro Split Forever,50,2,6,6,Standing Calf Raise,5,6
Bro Split Forever,50,2,6,6,Squat (Barbell),3,5
Bro Split Forever,50,2,6,6,Romanian Deadlift (Barbell),4,6
Bro Split Forever,50,2,6,6,Bulgarian Split Squat (Dumbbell),4,10
Bro Split Forever,50,2,6,6,Lunge (Barbell),4,5
Bro Split Forever,50,2,6,6,Box Jump,2,6
Bro Split Forever,50,2,7,5,Incline Bench Press (Dumbbell),4,5
Bro Split Forever,50,2,7,5,Bench Press (Barbell),4,6
Bro Split Forever,50,2,7,5,Chest Fly (Dumbbell),3,5
Bro Split Forever,50,2,7,5,Dip (Bodyweight),2,6
Bro Split Forever,50,2,7,5,Push Up,2,10
Bro Split Forever,50,3,1,6,Pull-Up (Weighted),3,5
Bro Split Forever,50,3,1,6,Bent Over Row (Barbell),3,6
Bro Split Forever,50,3,1,6,Rack Pull (Barbell),3,5
Bro Split Forever,50,3,1,6,Dumbbell Row,3,6
Bro Split Forever,50,3,1,6,Good Morning,3,5
Bro Split Forever,50,3,1,6,Pull-Up (Bodyweight),3,6
Bro Split Forever,50,3,2,5,Lateral Raise (Dumbbell),3,10
Bro Split Forever,50,3,2,5,Seated Shoulder Press (Dumbbell),3,10
Bro Split Forever,50,3,2,5,Upright Row (Barbell),3,5
Bro Split Forever,50,3,2,5,Rear Delt Fly (Dumbbell),3,6
Bro Split Forever,50,3,2,5,Arnold Press,3,5
Bro Split Forever,50,3,3,6,Skull Crusher,3,6
Bro Split Forever,50,3,3,6,Incline Curl (Dumbbell),3,5
Bro Split Forever,50,3,3,6,Bench Press (Close Grip),3,6
Bro Split Forever,50,3,3,6,Overhead Extension (Dumbbell),3,10
Bro Split Forever,50,3,3,6,Chin-Up (Bodyweight),3,5
Bro Split Forever,50,3,3,6,Hammer Curl,3,6
Bro Split Forever,50,3,4,1,Jog,1,5
Bro Split Forever,50,3,5,6,Standing Calf Raise,5,6
Bro Split Forever,50,3,5,6,Squat (Barbell),3,5
Bro Split Forever,50,3,5,6,Romanian Deadlift (Barbell),4,6
Bro Split Forever,50,3,5,6,Bulgarian Split Squat (Dumbbell),4,10
Bro Split Forever,50,3,5,6,Lunge (Barbell),4,5
Bro Split Forever,50,3,5,6,Box Jump,2,6
Bro Split Forever,50,3,6,5,Incline Bench Press (Dumbbell),4,5
Bro Split Forever,50,3,6,5,Bench Press (Barbell),4,6
Bro Split Forever,50,3,6,5,Chest Fly (Dumbbell),3,5
Bro Split Forever,50,3,6,5,Dip (Bodyweight),2,6
Bro Split Forever,50,3,6,5,Push Up,2,10
Bro Split Forever,50,3,7,6,Pull-Up (Weighted),3,10
Bro Split Forever,50,3,7,6,Bent Over Row (Barbell),3,5
Bro Split Forever,50,3,7,6,Rack Pull (Barbell),3,6
Bro Split Forever,50,3,7,6,Dumbbell Row,3,5
Bro Split Forever,50,3,7,6,Good Morning,3,6
Bro Split Forever,50,3,7,6,Pull-Up (Bodyweight),3,5
Bro Split Forever,50,4,1,5,Lateral Raise (Dumbbell),3,6
Bro Split Forever,50,4,1,5,Seated Shoulder Press (Dumbbell),3,10
Bro Split Forever,50,4,1,5,Upright Row (Barbell),3,5
Bro Split Forever,50,4,1,5,Rear Delt Fly (Dumbbell),3,6
Bro Split Forever,50,4,1,5,Arnold Press,3,5
Bro Split Forever,50,4,2,6,Skull Crusher,3,6
Bro Split Forever,50,4,2,6,Incline Curl (Dumbbell),3,5
Bro Split Forever,50,4,2,6,Bench Press (Close Grip),3,6
Bro Split Forever,50,4,2,6,Overhead Extension (Dumbbell),3,10
Bro Split Forever,50,4,2,6,Chin-Up (Bodyweight),3,5
Bro Split Forever,50,4,2,6,Hammer Curl,3,6
Bro Split Forever,50,4,3,1,Jog,1,5
Bro Split Forever,50,4,4,6,Standing Calf Raise,5,6
Bro Split Forever,50,4,4,6,Squat (Barbell),3,5
Bro Split Forever,50,4,4,6,Romanian Deadlift (Barbell),4,6
Bro Split Forever,50,4,4,6,Bulgarian Split Squat (Dumbbell),4,10
Bro Split Forever,50,4,4,6,Lunge (Barbell),4,10
Bro Split Forever,50,4,4,6,Box Jump,2,6
Bro Split Forever,50,4,5,5,Incline Bench Press (Dumbbell),4,6
Bro Split Forever,50,4,5,5,Bench Press (Barbell),4,10
Bro Split Forever,50,4,5,5,Chest Fly (Dumbbell),3,8
Bro Split Forever,50,4,5,5,Dip (Bodyweight),2,10
Bro Split Forever,50,4,5,5,Push Up,2,6
Bro Split Forever,50,4,6,6,Pull-Up (Weighted),3,8
Bro Split Forever,50,4,6,6,Bent Over Row (Barbell),3,10
Bro Split Forever,50,4,6,6,Rack Pull (Barbell),3,8
Bro Split Forever,50,4,6,6,Dumbbell Row,3,6
Bro Split Forever,50,4,6,6,Good Morning,3,6
Bro Split Forever,50,4,6,6,Pull-Up (Bodyweight),3,6
Bro Split Forever,50,4,7,5,Lateral Raise (Dumbbell),3,10
Bro Split Forever,50,4,7,5,Seated Shoulder Press (Dumbbell),3,8
Bro Split Forever,50,4,7,5,Upright Row (Barbell),3,10
Bro Split Forever,50,4,7,5,Rear Delt Fly (Dumbbell),3,6
Bro Split Forever,50,4,7,5,Arnold Press,3,8
Bro Split Forever,50,5,1,6,Skull Crusher,3,10
Bro Split Forever,50,5,1,6,Incline Curl (Dumbbell),3,8
Bro Split Forever,50,5,1,6,Bench Press (Close Grip),3,6
Bro Split Forever,50,5,1,6,Overhead Extension (Dumbbell),3,6
Bro Split Forever,50,5,1,6,Chin-Up (Bodyweight),3,6
Bro Split Forever,50,5,1,6,Hammer Curl,3,10
Bro Split Forever,50,5,2,1,Jog,1,8
Bro Split Forever,50,5,3,6,Standing Calf Raise,5,10
Bro Split Forever,50,5,3,6,Squat (Barbell),3,6
Bro Split Forever,50,5,3,6,Romanian Deadlift (Barbell),4,8
Bro Split Forever,50,5,3,6,Bulgarian Split Squat (Dumbbell),4,10
Bro Split Forever,50,5,3,6,Lunge (Barbell),4,8
Bro Split Forever,50,5,3,6,Box Jump,2,6
Bro Split Forever,50,5,4,5,Incline Bench Press (Dumbbell),4,6
Bro Split Forever,50,5,4,5,Bench Press (Barbell),4,6
Bro Split Forever,50,5,4,5,Chest Fly (Dumbbell),3,10
Bro Split Forever,50,5,4,5,Dip (Bodyweight),2,8
Bro Split Forever,50,5,4,5,Push Up,2,10
Bro Split Forever,50,5,5,6,Pull-Up (Weighted),3,6
Bro Split Forever,50,5,5,6,Bent Over Row (Barbell),3,8
Bro Split Forever,50,5,5,6,Rack Pull (Barbell),3,10
Bro Split Forever,50,5,5,6,Dumbbell Row,3,8
Bro Split Forever,50,5,5,6,Good Morning,3,6
Bro Split Forever,50,5,5,6,Pull-Up (Bodyweight),3,6
Bro Split Forever,50,5,6,5,Lateral Raise (Dumbbell),3,6
Bro Split Forever,50,5,6,5,Seated Shoulder Press (Dumbbell),3,10
Bro Split Forever,50,5,6,5,Upright Row (Barbell),3,8
Bro Split Forever,50,5,6,5,Rear Delt Fly (Dumbbell),3,10
Bro Split Forever,50,5,6,5,Arnold Press,3,6
Bro Split Forever,50,5,7,6,Skull Crusher,3,8
Bro Split Forever,50,5,7,6,Incline Curl (Dumbbell),3,10
Bro Split Forever,50,5,7,6,Bench Press (Close Grip),3,8
Bro Split Forever,50,5,7,6,Overhead Extension (Dumbbell),3,6
Bro Split Forever,50,5,7,6,Chin-Up (Bodyweight),3,6
Bro Split Forever,50,5,7,6,Hammer Curl,3,6
Bro Split Forever,50,6,1,1,Jog,1,10
Bro Split Forever,50,6,2,6,Standing Calf Raise,5,8
Bro Split Forever,50,6,2,6,Squat (Barbell),3,10
Bro Split Forever,50,6,2,6,Romanian Deadlift (Barbell),4,6
Bro Split Forever,50,6,2,6,Bulgarian Split Squat (Dumbbell),4,8
Bro Split Forever,50,6,2,6,Lunge (Barbell),4,10
Bro Split Forever,50,6,2,6,Box Jump,2,8
Bro Split Forever,50,6,3,5,Incline Bench Press (Dumbbell),4,6
Bro Split Forever,50,6,3,5,Bench Press (Barbell),4,6
Bro Split Forever,50,6,3,5,Chest Fly (Dumbbell),3,6
Bro Split Forever,50,6,3,5,Dip (Bodyweight),2,10
Bro Split Forever,50,6,3,5,Push Up,2,8
Bro Split Forever,50,6,4,6,Pull-Up (Weighted),3,10
Bro Split Forever,50,6,4,6,Bent Over Row (Barbell),3,6
Bro Split Forever,50,6,4,6,Rack Pull (Barbell),3,8
Bro Split Forever,50,6,4,6,Dumbbell Row,3,10
Bro Split Forever,50,6,4,6,Good Morning,3,8
Bro Split Forever,50,6,4,6,Pull-Up (Bodyweight),3,6
Bro Split Forever,50,6,5,5,Lateral Raise (Dumbbell),3,6
Bro Split Forever,50,6,5,5,Seated Shoulder Press (Dumbbell),3,6
Bro Split Forever,50,6,5,5,Upright Row (Barbell),3,10
Bro Split Forever,50,6,5,5,Rear Delt Fly (Dumbbell),3,8
Bro Split Forever,50,6,5,5,Arnold Press,3,10
Bro Split Forever,50,6,6,6,Skull Crusher,3,6
Bro Split Forever,50,6,6,6,Incline Curl (Dumbbell),3,8
Bro Split Forever,50,6,6,6,Bench Press (Close Grip),3,10
Bro Split Forever,50,6,6,6,Overhead Extension (Dumbbell),3,8
Bro Split Forever,50,6,6,6,Chin-Up (Bodyweight),3,6
Bro Split Forever,50,6,6,6,Hammer Curl,3,6
Bro Split Forever,50,6,7,1,Jog,1,6
Bro Split Forever,50,7,1,6,Standing Calf Raise,5,10
Bro Split Forever,50,7,1,6,Squat (Barbell),3,8
Bro Split Forever,50,7,1,6,Romanian Deadlift (Barbell),4,10
Bro Split Forever,50,7,1,6,Bulgarian Split Squat (Dumbbell),4,6
Bro Split Forever,50,7,1,6,Lunge (Barbell),4,8
Bro Split Forever,50,7,1,6,Box Jump,2,10
Bro Split Forever,50,7,2,5,Incline Bench Press (Dumbbell),4,8
Bro Split Forever,50,7,2,5,Bench Press (Barbell),4,6
Bro Split Forever,50,7,2,5,Chest Fly (Dumbbell),3,6
Bro Split Forever,50,7,2,5,Dip (Bodyweight),2,6
Bro Split Forever,50,7,2,5,Push Up,2,10
Bro Split Forever,50,7,3,6,Pull-Up (Weighted),3,8
Bro Split Forever,50,7,3,6,Bent Over Row (Barbell),3,10
Bro Split Forever,50,7,3,6,Rack Pull (Barbell),3,6
Bro Split Forever,50,7,3,6,Dumbbell Row,3,8
Bro Split Forever,50,7,3,6,Good Morning,3,10
Bro Split Forever,50,7,3,6,Pull-Up (Bodyweight),3,8
Bro Split Forever,50,7,4,5,Lateral Raise (Dumbbell),3,6
Bro Split Forever,50,7,4,5,Seated Shoulder Press (Dumbbell),3,6
Bro Split Forever,50,7,4,5,Upright Row (Barbell),3,6
Bro Split Forever,50,7,4,5,Rear Delt Fly (Dumbbell),3,10
Bro Split Forever,50,7,4,5,Arnold Press,3,8
Bro Split Forever,50,7,5,6,Skull Crusher,3,10
Bro Split Forever,50,7,5,6,Incline Curl (Dumbbell),3,6
Bro Split Forever,50,7,5,6,Bench Press (Close Grip),3,8
Bro Split Forever,50,7,5,6,Overhead Extension (Dumbbell),3,10
Bro Split Forever,50,7,5,6,Chin-Up (Bodyweight),3,8
Bro Split Forever,50,7,5,6,Hammer Curl,3,6
Bro Split Forever,50,7,6,1,Jog,1,6
Bro Split Forever,50,7,7,6,Standing Calf Raise,5,6
Bro Split Forever,50,7,7,6,Squat (Barbell),3,10
Bro Split Forever,50,7,7,6,Romanian Deadlift (Barbell),4,8
Bro Split Forever,50,7,7,6,Bulgarian Split Squat (Dumbbell),4,10
Bro Split Forever,50,7,7,6,Lunge (Barbell),4,6
Bro Split Forever,50,7,7,6,Box Jump,2,8
Bro Split Forever,50,8,1,5,Incline Bench Press (Dumbbell),4,10
Bro Split Forever,50,8,1,5,Bench Press (Barbell),4,8
Bro Split Forever,50,8,1,5,Chest Fly (Dumbbell),3,6
Bro Split Forever,50,8,1,5,Dip (Bodyweight),2,16
Bro Split Forever,50,8,1,5,Push Up,2,12
Bro Split Forever,50,8,2,6,Pull-Up (Weighted),3,16
Bro Split Forever,50,8,2,6,Bent Over Row (Barbell),3,10
Bro Split Forever,50,8,2,6,Rack Pull (Barbell),3,16
Bro Split Forever,50,8,2,6,Dumbbell Row,3,16
Bro Split Forever,50,8,2,6,Good Morning,3,16
Bro Split Forever,50,8,2,6,Pull-Up (Bodyweight),3,16
Bro Split Forever,50,8,3,5,Lateral Raise (Dumbbell),3,16
Bro Split Forever,50,8,3,5,Seated Shoulder Press (Dumbbell),3,20
Bro Split Forever,50,8,3,5,Upright Row (Barbell),3,20
Bro Split Forever,50,8,3,5,Rear Delt Fly (Dumbbell),3,16
Bro Split Forever,50,8,3,5,Arnold Press,3,30
Bro Split Forever,50,8,4,6,Skull Crusher,3,20
Bro Split Forever,50,8,4,6,Incline Curl (Dumbbell),3,20
Bro Split Forever,50,8,4,6,Bench Press (Close Grip),3,20
Bro Split Forever,50,8,4,6,Overhead Extension (Dumbbell),3,16
Bro Split Forever,50,8,4,6,Chin-Up (Bodyweight),3,16
Bro Split Forever,50,8,4,6,Hammer Curl,3,16
Bro Split Forever,50,8,5,1,Jog,1,16
Bro Split Forever,50,8,6,6,Standing Calf Raise,5,20
Bro Split Forever,50,8,6,6,Squat (Barbell),3,30
Bro Split Forever,50,8,6,6,Romanian Deadlift (Barbell),4,20
Bro Split Forever,50,8,6,6,Bulgarian Split Squat (Dumbbell),4,16
Bro Split Forever,50,8,6,6,Lunge (Barbell),4,12
Bro Split Forever,50,8,6,6,Box Jump,2,16
Bro Split Forever,50,8,7,5,Incline Bench Press (Dumbbell),4,10
Bro Split Forever,50,8,7,5,Bench Press (Barbell),4,16
Bro Split Forever,50,8,7,5,Chest Fly (Dumbbell),3,16
Bro Split Forever,50,8,7,5,Dip (Bodyweight),2,16
Bro Split Forever,50,8,7,5,Push Up,2,16
Bro Split Forever,50,9,1,6,Pull-Up (Weighted),3,16
Bro Split Forever,50,9,1,6,Bent Over Row (Barbell),3,20
Bro Split Forever,50,9,1,6,Rack Pull (Barbell),3,20
Bro Split Forever,50,9,1,6,Dumbbell Row,3,16
Bro Split Forever,50,9,1,6,Good Morning,3,30
Bro Split Forever,50,9,1,6,Pull-Up (Bodyweight),3,20
Bro Split Forever,50,9,2,5,Lateral Raise (Dumbbell),3,20
Bro Split Forever,50,9,2,5,Seated Shoulder Press (Dumbbell),3,20
Bro Split Forever,50,9,2,5,Upright Row (Barbell),3,16
Bro Split Forever,50,9,2,5,Rear Delt Fly (Dumbbell),3,16
Bro Split Forever,50,9,2,5,Arnold Press,3,16
Bro Split Forever,50,9,3,6,Skull Crusher,3,16
Bro Split Forever,50,9,3,6,Incline Curl (Dumbbell),3,20
Bro Split Forever,50,9,3,6,Bench Press (Close Grip),3,30
Bro Split Forever,50,9,3,6,Overhead Extension (Dumbbell),3,20
Bro Split Forever,50,9,3,6,Chin-Up (Bodyweight),3,16
Bro Split Forever,50,9,3,6,Hammer Curl,3,12
Bro Split Forever,50,9,4,1,Jog,1,16
Bro Split Forever,50,9,5,6,Standing Calf Raise,5,10
Bro Split Forever,50,9,5,6,Squat (Barbell),3,16
Bro Split Forever,50,9,5,6,Romanian Deadlift (Barbell),4,16
Bro Split Forever,50,9,5,6,Bulgarian Split Squat (Dumbbell),4,16
Bro Split Forever,50,9,5,6,Lunge (Barbell),4,16
Bro Split Forever,50,9,5,6,Box Jump,2,16
Bro Split Forever,50,9,6,5,Incline Bench Press (Dumbbell),4,20
Bro Split Forever,50,9,6,5,Bench Press (Barbell),4,20
Bro Split Forever,50,9,6,5,Chest Fly (Dumbbell),3,16
Bro Split Forever,50,9,6,5,Dip (Bodyweight),2,30
Bro Split Forever,50,9,6,5,Push Up,2,20
Bro Split Forever,50,9,7,6,Pull-Up (Weighted),3,20
Bro Split Forever,50,9,7,6,Bent Over Row (Barbell),3,20
Bro Split Forever,50,9,7,6,Rack Pull (Barbell),3,16
Bro Split Forever,50,9,7,6,Dumbbell Row,3,16
Bro Split Forever,50,9,7,6,Good Morning,3,16
Bro Split Forever,50,9,7,6,Pull-Up (Bodyweight),3,16
Bro Split Forever,50,10,1,5,Lateral Raise (Dumbbell),3,20
Bro Split Forever,50,10,1,5,Seated Shoulder Press (Dumbbell),3,30
Bro Split Forever,50,10,1,5,Upright Row (Barbell),3,20
Bro Split Forever,50,10,1,5,Rear Delt Fly (Dumbbell),3,16
Bro Split Forever,50,10,1,5,Arnold Press,3,12
Bro Split Forever,50,10,2,6,Skull Crusher,3,16
Bro Split Forever,50,10,2,6,Incline Curl (Dumbbell),3,10
Bro Split Forever,50,10,2,6,Bench Press (Close Grip),3,16
Bro Split Forever,50,10,2,6,Overhead Extension (Dumbbell),3,16
Bro Split Forever,50,10,2,6,Chin-Up (Bodyweight),3,16
Bro Split Forever,50,10,2,6,Hammer Curl,3,16
Bro Split Forever,50,10,3,1,Jog,1,16
Bro Split Forever,50,10,4,6,Standing Calf Raise,5,20
Bro Split Forever,50,10,4,6,Squat (Barbell),3,20
Bro Split Forever,50,10,4,6,Romanian Deadlift (Barbell),4,16
Bro Split Forever,50,10,4,6,Bulgarian Split Squat (Dumbbell),4,30
Bro Split Forever,50,10,4,6,Lunge (Barbell),4,20
Bro Split Forever,50,10,4,6,Box Jump,2,20
Bro Split Forever,50,10,5,5,Incline Bench Press (Dumbbell),4,20
Bro Split Forever,50,10,5,5,Bench Press (Barbell),4,16
Bro Split Forever,50,10,5,5,Chest Fly (Dumbbell),3,16
Bro Split Forever,50,10,5,5,Dip (Bodyweight),2,16
Bro Split Forever,50,10,5,5,Push Up,2,16
Bro Split Forever,50,10,6,6,Pull-Up (Weighted),3,20
Bro Split Forever,50,10,6,6,Bent Over Row (Barbell),3,30
Bro Split Forever,50,10,6,6,Rack Pull (Barbell),3,20
Bro Split Forever,50,10,6,6,Dumbbell Row,3,16
Bro Split Forever,50,10,6,6,Good Morning,3,12
Bro Split Forever,50,10,6,6,Pull-Up (Bodyweight),3,16
Bro Split Forever,50,10,7,5,Lateral Raise (Dumbbell),3,10
Bro Split Forever,50,10,7,5,Seated Shoulder Press (Dumbbell),3,16
Bro Split Forever,50,10,7,5,Upright Row (Barbell),3,16
Bro Split Forever,50,10,7,5,Rear Delt Fly (Dumbbell),3,16
Bro Split Forever,50,10,7,5,Arnold Press,3,16
Be strong,70,1,1,3,Bench Press (Barbell),2,12
Be strong,70,1,1,3,Seated Overhead Press (Barbell),1,10
Be strong,70,1,1,3,Single Arm Overhead Tricep Extension,4,10
Be strong,70,1,2,3,Safety Bar Squat,2,5
Be strong,70,1,2,3,Standing Calf Raise,3,12
Be strong,70,1,2,3,Leg Extension,4,10
Be strong,70,1,3,3,Underhand Lat Pulldown,2,11
Be strong,70,1,3,3,Barbell Row,2,12
Be strong,70,1,3,3,Bicep Curl (Cable),4,12
Be strong,70,1,4,3,Incline Bench Press (Barbell),1,10
Be strong,70,1,4,3,JM Press,4,14
Be strong,70,1,4,3,Lateral Raise (Dumbbell),4,18
Be strong,70,1,5,3,Romanian Deadlift (Barbell),1,9
Be strong,70,1,5,3,Leg Curl,4,14
Be strong,70,1,5,3,Leg Extension,4,15
Be strong,70,1,6,3,Lat Pulldown (Single Arm),4,18
Be strong,70,1,6,3,Rack Pull (Barbell),4,5
Be strong,70,1,6,3,Incline Curl (Dumbbell),4,10
Be strong,70,2,1,3,Bench Press (Barbell),2,12
Be strong,70,2,1,3,Seated Overhead Press (Barbell),1,10
Be strong,70,2,1,3,Single Arm Overhead Tricep Extension,4,15
Be strong,70,2,2,3,Safety Bar Squat,2,10
Be strong,70,2,2,3,Standing Calf Raise,3,9
Be strong,70,2,2,3,Leg Extension,4,14
Be strong,70,2,3,3,Underhand Lat Pulldown,2,7
Be strong,70,2,3,3,Barbell Row,2,18
Be strong,70,2,3,3,Bicep Curl (Cable),4,11
Be strong,70,2,4,3,Incline Bench Press (Barbell),1,11
Be strong,70,2,4,3,JM Press,4,10
Be strong,70,2,4,3,Lateral Raise (Dumbbell),4,18
Be strong,70,2,5,3,Romanian Deadlift (Barbell),1,15
Be strong,70,2,5,3,Leg Curl,4,8
Be strong,70,2,5,3,Leg Extension,4,8
Be strong,70,2,6,3,Lat Pulldown (Single Arm),4,18
Be strong,70,2,6,3,Rack Pull (Barbell),4,11
Be strong,70,2,6,3,Incline Curl (Dumbbell),4,11
Be strong,70,3,1,3,Bench Press (Barbell),2,11
Be strong,70,3,1,3,Seated Overhead Press (Barbell),1,10
Be strong,70,3,1,3,Single Arm Overhead Tricep Extension,4,12
Be strong,70,3,2,3,Safety Bar Squat,2,14
Be strong,70,3,2,3,Standing Calf Raise,3,18
Be strong,70,3,2,3,Leg Extension,4,18
Be strong,70,3,3,3,Underhand Lat Pulldown,2,9
Be strong,70,3,3,3,Barbell Row,2,9
Be strong,70,3,3,3,Bicep Curl (Cable),4,14
Be strong,70,3,4,3,Incline Bench Press (Barbell),1,9
Be strong,70,3,4,3,JM Press,4,18
Be strong,70,3,4,3,Lateral Raise (Dumbbell),4,18
Be strong,70,3,5,3,Romanian Deadlift (Barbell),1,9
Be strong,70,3,5,3,Leg Curl,4,3
Be strong,70,3,5,3,Leg Extension,4,15
Be strong,70,3,6,3,Lat Pulldown (Single Arm),4,11
Be strong,70,3,6,3,Rack Pull (Barbell),4,15
Be strong,70,3,6,3,Incline Curl (Dumbbell),4,18
Be strong,70,4,1,3,Bench Press (Barbell),2,5
Be strong,70,4,1,3,Seated Overhead Press (Barbell),1,18
Be strong,70,4,1,3,Single Arm Overhead Tricep Extension,4,9
Be strong,70,4,2,3,Safety Bar Squat,2,18
Be strong,70,4,2,3,Standing Calf Raise,3,11
Be strong,70,4,2,3,Leg Extension,4,18
Be strong,70,4,3,3,Underhand Lat Pulldown,2,10
Be strong,70,4,3,3,Barbell Row,2,5
Be strong,70,4,3,3,Bicep Curl (Cable),4,14
Be strong,70,4,4,3,Incline Bench Press (Barbell),1,9
Be strong,70,4,4,3,JM Press,4,11
Be strong,70,4,4,3,Lateral Raise (Dumbbell),4,20
Be strong,70,4,5,3,Romanian Deadlift (Barbell),1,15
Be strong,70,4,5,3,Leg Curl,4,18
Be strong,70,4,5,3,Leg Extension,4,5
Be strong,70,4,6,3,Lat Pulldown (Single Arm),4,9
Be strong,70,4,6,3,Rack Pull (Barbell),4,9
Be strong,70,4,6,3,Incline Curl (Dumbbell),4,14
Be strong,70,5,1,3,Bench Press (Barbell),2,7
Be strong,70,5,1,3,Seated Overhead Press (Barbell),1,15
Be strong,70,5,1,3,Single Arm Overhead Tricep Extension,4,18
Be strong,70,5,2,3,Safety Bar Squat,2,5
Be strong,70,5,2,3,Standing Calf Raise,3,10
Be strong,70,5,2,3,Leg Extension,4,12
Be strong,70,5,3,3,Underhand Lat Pulldown,2,14
Be strong,70,5,3,3,Barbell Row,2,14
Be strong,70,5,3,3,Bicep Curl (Cable),4,11
Be strong,70,5,4,3,Incline Bench Press (Barbell),1,11
Be strong,70,5,4,3,JM Press,4,6
Be strong,70,5,4,3,Lateral Raise (Dumbbell),4,14
Be strong,70,5,5,3,Romanian Deadlift (Barbell),1,18
Be strong,70,5,5,3,Leg Curl,4,9
Be strong,70,5,5,3,Leg Extension,4,14
Be strong,70,5,6,3,Lat Pulldown (Single Arm),4,15
Be strong,70,5,6,3,Rack Pull (Barbell),4,18
Be strong,70,5,6,3,Incline Curl (Dumbbell),4,5
Be strong,70,6,1,3,Bench Press (Barbell),2,10
Be strong,70,6,1,3,Seated Overhead Press (Barbell),1,12
Be strong,70,6,1,3,Single Arm Overhead Tricep Extension,4,10
Be strong,70,6,2,3,Safety Bar Squat,2,15
Be strong,70,6,2,3,Standing Calf Raise,3,6
Be strong,70,6,2,3,Leg Extension,4,9
Be strong,70,6,3,3,Underhand Lat Pulldown,2,14
Be strong,70,6,3,3,Barbell Row,2,7
Be strong,70,6,3,3,Bicep Curl (Cable),4,18
Be strong,70,6,4,3,Incline Bench Press (Barbell),1,11
Be strong,70,6,4,3,JM Press,4,11
Be strong,70,6,4,3,Lateral Raise (Dumbbell),4,10
Be strong,70,6,5,3,Romanian Deadlift (Barbell),1,18
Be strong,70,6,5,3,Leg Curl,4,15
Be strong,70,6,5,3,Leg Extension,4,8
Be strong,70,6,6,3,Lat Pulldown (Single Arm),4,8
Be strong,70,6,6,3,Rack Pull (Barbell),4,18
Be strong,70,6,6,3,Incline Curl (Dumbbell),4,11
Be strong,70,7,1,3,Bench Press (Barbell),2,11
Be strong,70,7,1,3,Seated Overhead Press (Barbell),1,11
Be strong,70,7,1,3,Single Arm Overhead Tricep Extension,4,6
Be strong,70,7,2,3,Safety Bar Squat,2,12
Be strong,70,7,2,3,Standing Calf Raise,3,14
Be strong,70,7,2,3,Leg Extension,4,18
Be strong,70,7,3,3,Underhand Lat Pulldown,2,18
Be strong,70,7,3,3,Barbell Row,2,9
Be strong,70,7,3,3,Bicep Curl (Cable),4,9
Be strong,70,7,4,3,Incline Bench Press (Barbell),1,14
Be strong,70,7,4,3,JM Press,4,9
Be strong,70,7,4,3,Lateral Raise (Dumbbell),4,18
Be strong,70,7,5,3,Romanian Deadlift (Barbell),1,18
Be strong,70,7,5,3,Leg Curl,4,9
Be strong,70,7,5,3,Leg Extension,4,3
Be strong,70,7,6,3,Lat Pulldown (Single Arm),4,15
Be strong,70,7,6,3,Rack Pull (Barbell),4,11
Be strong,70,7,6,3,Incline Curl (Dumbbell),4,15
Be strong,70,8,1,3,Bench Press (Barbell),2,18
Be strong,70,8,1,3,Seated Overhead Press (Barbell),1,5
Be strong,70,8,1,3,Single Arm Overhead Tricep Extension,4,18
Be strong,70,8,2,3,Safety Bar Squat,2,9
Be strong,70,8,2,3,Standing Calf Raise,3,18
Be strong,70,8,2,3,Leg Extension,4,11
Be strong,70,8,3,3,Underhand Lat Pulldown,2,18
Be strong,70,8,3,3,Barbell Row,2,10
Be strong,70,8,3,3,Bicep Curl (Cable),4,5
Be strong,70,8,4,3,Incline Bench Press (Barbell),1,14
Be strong,70,8,4,3,JM Press,4,9
Be strong,70,8,4,3,Lateral Raise (Dumbbell),4,11
Be strong,70,8,5,3,Romanian Deadlift (Barbell),1,20
Be strong,70,8,5,3,Leg Curl,4,15
Be strong,70,8,5,3,Leg Extension,4,18
Be strong,70,8,6,3,Lat Pulldown (Single Arm),4,5
Be strong,70,8,6,3,Rack Pull (Barbell),4,9
Be strong,70,8,6,3,Incline Curl (Dumbbell),4,9
Be strong,70,9,1,3,Bench Press (Barbell),2,14
Be strong,70,9,1,3,Seated Overhead Press (Barbell),1,7
Be strong,70,9,1,3,Single Arm Overhead Tricep Extension,4,15
Be strong,70,9,2,3,Safety Bar Squat,2,18
Be strong,70,9,2,3,Standing Calf Raise,3,5
Be strong,70,9,2,3,Leg Extension,4,10
Be strong,70,9,3,3,Underhand Lat Pulldown,2,12
Be strong,70,9,3,3,Barbell Row,2,14
Be strong,70,9,3,3,Bicep Curl (Cable),4,14
Be strong,70,9,4,3,Incline Bench Press (Barbell),1,11
Be strong,70,9,4,3,JM Press,4,11
Be strong,70,9,4,3,Lateral Raise (Dumbbell),4,4
Be strong,70,9,5,3,Romanian Deadlift (Barbell),1,14
Be strong,70,9,5,3,Leg Curl,4,18
Be strong,70,9,5,3,Leg Extension,4,9
Be strong,70,9,6,3,Lat Pulldown (Single Arm),4,14
Be strong,70,9,6,3,Rack Pull (Barbell),4,15
Be strong,70,9,6,3,Incline Curl (Dumbbell),4,18
Be strong,70,10,1,3,Bench Press (Barbell),2,5
Be strong,70,10,1,3,Seated Overhead Press (Barbell),1,10
Be strong,70,10,1,3,Single Arm Overhead Tricep Extension,4,12
Be strong,70,10,2,3,Safety Bar Squat,2,10
Be strong,70,10,2,3,Standing Calf Raise,3,15
Be strong,70,10,2,3,Leg Extension,4,4
Be strong,70,10,3,3,Underhand Lat Pulldown,2,9
Be strong,70,10,3,3,Barbell Row,2,14
Be strong,70,10,3,3,Bicep Curl (Cable),4,7
Be strong,70,10,4,3,Incline Bench Press (Barbell),1,18
Be strong,70,10,4,3,JM Press,4,11
Be strong,70,10,4,3,Lateral Raise (Dumbbell),4,11
Be strong,70,10,5,3,Romanian Deadlift (Barbell),1,10
Be strong,70,10,5,3,Leg Curl,4,18
Be strong,70,10,5,3,Leg Extension,4,15
Be strong,70,10,6,3,Lat Pulldown (Single Arm),4,8
Be strong,70,10,6,3,Rack Pull (Barbell),4,8
Be strong,70,10,6,3,Incline Curl (Dumbbell),4,18
Be strong,70,11,1,3,Bench Press (Barbell),2,11
Be strong,70,11,1,3,Seated Overhead Press (Barbell),1,11
Be strong,70,11,1,3,Single Arm Overhead Tricep Extension,4,11
Be strong,70,11,2,3,Safety Bar Squat,2,4
Be strong,70,11,2,3,Standing Calf Raise,3,12
Be strong,70,11,2,3,Leg Extension,4,14
Be strong,70,11,3,3,Underhand Lat Pulldown,2,18
Be strong,70,11,3,3,Barbell Row,2,18
Be strong,70,11,3,3,Bicep Curl (Cable),4,9
Be strong,70,11,4,3,Incline Bench Press (Barbell),1,9
Be strong,70,11,4,3,JM Press,4,14
Be strong,70,11,4,3,Lateral Raise (Dumbbell),4,9
Be strong,70,11,5,3,Romanian Deadlift (Barbell),1,18
Be strong,70,11,5,3,Leg Curl,4,18
Be strong,70,11,5,3,Leg Extension,4,9
Be strong,70,11,6,3,Lat Pulldown (Single Arm),4,3
Be strong,70,11,6,3,Rack Pull (Barbell),4,15
Be strong,70,11,6,3,Incline Curl (Dumbbell),4,11
Be strong,70,12,1,3,Bench Press (Barbell),2,15
Be strong,70,12,1,3,Seated Overhead Press (Barbell),1,18
Be strong,70,12,1,3,Single Arm Overhead Tricep Extension,4,5
Be strong,70,12,2,3,Safety Bar Squat,2,18
Be strong,70,12,2,3,Standing Calf Raise,3,9
Be strong,70,12,2,3,Leg Extension,4,18
Be strong,70,12,3,3,Underhand Lat Pulldown,2,11
Be strong,70,12,3,3,Barbell Row,2,18
Be strong,70,12,3,3,Bicep Curl (Cable),4,10
Be strong,70,12,4,3,Incline Bench Press (Barbell),1,5
Be strong,70,12,4,3,JM Press,4,14
Be strong,70,12,4,3,Lateral Raise (Dumbbell),4,9
Be strong,70,12,5,3,Romanian Deadlift (Barbell),1,11
Be strong,70,12,5,3,Leg Curl,4,20
Be strong,70,12,5,3,Leg Extension,4,15
Be strong,70,12,6,3,Lat Pulldown (Single Arm),4,18
Be strong,70,12,6,3,Rack Pull (Barbell),4,5
Be strong,70,12,6,3,Incline Curl (Dumbbell),4,9
3/4/5 SBD Program,60,1,1,3,Squat (Barbell),3,9
3/4/5 SBD Program,60,1,1,3,Bench Press (Barbell),3,18
3/4/5 SBD Program,60,1,1,3,Deadlift (Barbell),3,7
3/4/5 SBD Program,60,1,2,3,Squat (Barbell),3,9
3/4/5 SBD Program,60,1,2,3,Bench Press (Barbell),3,14
3/4/5 SBD Program,60,1,2,3,Deadlift (Barbell),3,18
3/4/5 SBD Program,60,1,3,3,Squat (Barbell),3,9
3/4/5 SBD Program,60,1,3,3,Bench Press (Barbell),3,9
3/4/5 SBD Program,60,1,3,3,Deadlift (Barbell),3,14
3/4/5 SBD Program,60,2,1,3,Squat (Barbell),3,7
3/4/5 SBD Program,60,2,1,3,Bench Press (Barbell),3,11
3/4/5 SBD Program,60,2,1,3,Deadlift (Barbell),3,9
3/4/5 SBD Program,60,2,2,3,Squat (Barbell),3,18
3/4/5 SBD Program,60,2,2,3,Bench Press (Barbell),3,7
3/4/5 SBD Program,60,2,2,3,Deadlift (Barbell),3,9
3/4/5 SBD Program,60,2,3,3,Squat (Barbell),3,14
3/4/5 SBD Program,60,2,3,3,Bench Press (Barbell),3,18
3/4/5 SBD Program,60,2,3,3,Deadlift (Barbell),3,9
3/4/5 SBD Program,60,3,1,3,Squat (Barbell),3,9
3/4/5 SBD Program,60,3,1,3,Bench Press (Barbell),3,14
3/4/5 SBD Program,60,3,1,3,Deadlift (Barbell),3,7
3/4/5 SBD Program,60,3,2,3,Squat (Barbell),3,11
3/4/5 SBD Program,60,3,2,3,Bench Press (Barbell),3,9
3/4/5 SBD Program,60,3,2,3,Deadlift (Barbell),3,18
3/4/5 SBD Program,60,3,3,3,Squat (Barbell),3,7
3/4/5 SBD Program,60,3,3,3,Bench Press (Barbell),3,9
3/4/5 SBD Program,60,3,3,3,Deadlift (Barbell),3,14
3/4/5 SBD Program,60,4,1,3,Squat (Barbell),3,18
3/4/5 SBD Program,60,4,1,3,Bench Press (Barbell),3,9
3/4/5 SBD Program,60,4,1,3,Deadlift (Barbell),3,9
3/4/5 SBD Program,60,4,2,3,Squat (Barbell),3,14
3/4/5 SBD Program,60,4,2,3,Bench Press (Barbell),3,7
3/4/5 SBD Program,60,4,2,3,Deadlift (Barbell),3,11
3/4/5 SBD Program,60,4,3,3,Squat (Barbell),3,9
3/4/5 SBD Program,60,4,3,3,Bench Press (Barbell),3,18
3/4/5 SBD Program,60,4,3,3,Deadlift (Barbell),3,7
3/4/5 SBD Program,60,5,1,3,Squat (Barbell),3,9
3/4/5 SBD Program,60,5,1,3,Bench Press (Barbell),3,14
3/4/5 SBD Program,60,5,1,3,Deadlift (Barbell),3,18
3/4/5 SBD Program,60,5,2,3,Squat (Barbell),3,9
3/4/5 SBD Program,60,5,2,3,Bench Press (Barbell),3,9
3/4/5 SBD Program,60,5,2,3,Deadlift (Barbell),3,14
3/4/5 SBD Program,60,5,3,3,Squat (Barbell),3,7
3/4/5 SBD Program,60,5,3,3,Bench Press (Barbell),3,11
3/4/5 SBD Program,60,5,3,3,Deadlift (Barbell),3,9
3/4/5 SBD Program,60,6,1,3,Squat (Barbell),3,18
3/4/5 SBD Program,60,6,1,3,Bench Press (Barbell),3,7
3/4/5 SBD Program,60,6,1,3,Deadlift (Barbell),3,9
3/4/5 SBD Program,60,6,2,3,Squat (Barbell),3,14
3/4/5 SBD Program,60,6,2,3,Bench Press (Barbell),3,18
3/4/5 SBD Program,60,6,2,3,Deadlift (Barbell),3,9
3/4/5 SBD Program,60,6,3,3,Squat (Barbell),3,9
3/4/5 SBD Program,60,6,3,3,Bench Press (Barbell),3,14
3/4/5 SBD Program,60,6,3,3,Deadlift (Barbell),3,5
3/4/5 SBD Program,60,7,1,3,Squat (Barbell),3,5
3/4/5 SBD Program,60,7,1,3,Bench Press (Barbell),3,5
3/4/5 SBD Program,60,7,1,3,Deadlift (Barbell),3,5
3/4/5 SBD Program,60,7,2,3,Squat (Barbell),3,25
3/4/5 SBD Program,60,7,2,3,Bench Press (Barbell),3,30
3/4/5 SBD Program,60,7,2,3,Deadlift (Barbell),3,15
3/4/5 SBD Program,60,7,3,3,Squat (Barbell),3,60
3/4/5 SBD Program,60,7,3,3,Bench Press (Barbell),3,60
3/4/5 SBD Program,60,7,3,3,Deadlift (Barbell),3,20
3/4/5 SBD Program,60,8,1,3,Squat (Barbell),3,60
3/4/5 SBD Program,60,8,1,3,Bench Press (Barbell),3,15
3/4/5 SBD Program,60,8,1,3,Deadlift (Barbell),3,15
3/4/5 SBD Program,60,8,2,3,Squat (Barbell),3,25
3/4/5 SBD Program,60,8,2,3,Bench Press (Barbell),3,30
3/4/5 SBD Program,60,8,2,3,Deadlift (Barbell),3,15
3/4/5 SBD Program,60,8,3,3,Squat (Barbell),3,60
3/4/5 SBD Program,60,8,3,3,Bench Press (Barbell),3,60
3/4/5 SBD Program,60,8,3,3,Deadlift (Barbell),3,20
3/4/5 SBD Program,60,9,1,3,Squat (Barbell),3,60
3/4/5 SBD Program,60,9,1,3,Bench Press (Barbell),3,15
3/4/5 SBD Program,60,9,1,3,Deadlift (Barbell),3,15
3/4/5 SBD Program,60,9,2,3,Squat (Barbell),3,6
3/4/5 SBD Program,60,9,2,3,Bench Press (Barbell),3,6
3/4/5 SBD Program,60,9,2,3,Deadlift (Barbell),3,10
3/4/5 SBD Program,60,9,3,3,Squat (Barbell),3,6
3/4/5 SBD Program,60,9,3,3,Bench Press (Barbell),3,8
3/4/5 SBD Program,60,9,3,3,Deadlift (Barbell),3,6
3/4/5 SBD Program,60,10,1,3,Squat (Barbell),3,6
3/4/5 SBD Program,60,10,1,3,Bench Press (Barbell),3,6
3/4/5 SBD Program,60,10,1,3,Deadlift (Barbell),3,6
3/4/5 SBD Program,60,10,2,3,Squat (Barbell),3,6
3/4/5 SBD Program,60,10,2,3,Bench Press (Barbell),3,6
3/4/5 SBD Program,60,10,2,3,Deadlift (Barbell),3,6
3/4/5 SBD Program,60,10,3,3,Squat (Barbell),3,6
3/4/5 SBD Program,60,10,3,3,Bench Press (Barbell),3,12
3/4/5 SBD Program,60,10,3,3,Deadlift (Barbell),3,12
3/4/5 SBD Program,60,11,1,3,Squat (Barbell),3,8
3/4/5 SBD Program,60,11,1,3,Bench Press (Barbell),3,10
3/4/5 SBD Program,60,11,1,3,Deadlift (Barbell),3,6
3/4/5 SBD Program,60,11,2,3,Squat (Barbell),3,6
3/4/5 SBD Program,60,11,2,3,Bench Press (Barbell),3,6
3/4/5 SBD Program,60,11,2,3,Deadlift (Barbell),3,6
3/4/5 SBD Program,60,11,3,3,Squat (Barbell),3,6
3/4/5 SBD Program,60,11,3,3,Bench Press (Barbell),3,6
3/4/5 SBD Program,60,11,3,3,Deadlift (Barbell),3,6
3/4/5 SBD Program,60,12,1,3,Squat (Barbell),3,6
3/4/5 SBD Program,60,12,1,3,Bench Press (Barbell),3,6
3/4/5 SBD Program,60,12,1,3,Deadlift (Barbell),3,6
3/4/5 SBD Program,60,12,2,3,Squat (Barbell),3,6
3/4/5 SBD Program,60,12,2,3,Bench Press (Barbell),3,12
3/4/5 SBD Program,60,12,2,3,Deadlift (Barbell),3,12
3/4/5 SBD Program,60,12,3,3,Squat (Barbell),3,8
3/4/5 SBD Program,60,12,3,3,Bench Press (Barbell),3,10
3/4/5 SBD Program,60,12,3,3,Deadlift (Barbell),3,6
Be an athlete,80,1,1,7,Y Raise,1,13
Be an athlete,80,1,1,7,Bench Press (Barbell),4,8
Be an athlete,80,1,1,7,Incline Bench Press (Dumbbell),3,16
Be an athlete,80,1,1,7,Chest Fly (Cable),3,15
Be an athlete,80,1,1,7,Military Press (Barbell),3,11
Be an athlete,80,1,1,7,Tricep Rope Push Down (Cable),3,20
Be an athlete,80,1,1,7,Dip (Weighted),3,25
Be an athlete,80,1,2,7,Power Clean,5,13
Be an athlete,80,1,2,7,Squat (Barbell),5,13
Be an athlete,80,1,2,7,Seated Row (Cable),3,16
Be an athlete,80,1,2,7,Lat Pulldown,3,13
Be an athlete,80,1,2,7,Lunge (Dumbbell),3,11
Be an athlete,80,1,2,7,Box Jump,3,16
Be an athlete,80,1,2,7,Hammer Curl,3,15
Be an athlete,80,1,3,7,Around The World,1,11
Be an athlete,80,1,3,7,Incline Bench Press (Barbell),5,22
Be an athlete,80,1,3,7,Bench Press (Dumbbell),3,6
Be an athlete,80,1,3,7,Rear Delt Fly (Machine),3,10
Be an athlete,80,1,3,7,Shrug (Barbell),3,10
Be an athlete,80,1,3,7,Skull Crusher,3,10
Be an athlete,80,1,3,7,Push Up,3,10
Be an athlete,80,1,4,6,Power Clean,5,10
Be an athlete,80,1,4,6,Front Squat (Barbell),5,10
Be an athlete,80,1,4,6,Standing Calf Raise,3,10
Be an athlete,80,1,4,6,Hip Abductor (Machine),3,10
Be an athlete,80,1,4,6,Good Morning,3,10
Be an athlete,80,1,4,6,Bicep Curl (Barbell),3,10
Be an athlete,80,2,1,7,Y Raise,1,10
Be an athlete,80,2,1,7,Bench Press (Barbell),4,10
Be an athlete,80,2,1,7,Incline Bench Press (Dumbbell),3,10
Be an athlete,80,2,1,7,Chest Fly (Cable),3,10
Be an athlete,80,2,1,7,Military Press (Barbell),3,10
Be an athlete,80,2,1,7,Tricep Rope Push Down (Cable),3,10
Be an athlete,80,2,1,7,Dip (Weighted),3,10
Be an athlete,80,2,2,7,Power Clean,5,10
Be an athlete,80,2,2,7,Squat (Barbell),5,10
Be an athlete,80,2,2,7,Seated Row (Cable),3,10
Be an athlete,80,2,2,7,Lat Pulldown,3,10
Be an athlete,80,2,2,7,Lunge (Dumbbell),3,10
Be an athlete,80,2,2,7,Box Jump,3,10
Be an athlete,80,2,2,7,Hammer Curl,3,10
Be an athlete,80,2,3,7,Around The World,1,10
Be an athlete,80,2,3,7,Incline Bench Press (Barbell),5,10
Be an athlete,80,2,3,7,Bench Press (Dumbbell),3,10
Be an athlete,80,2,3,7,Rear Delt Fly (Machine),3,10
Be an athlete,80,2,3,7,Shrug (Barbell),3,10
Be an athlete,80,2,3,7,Skull Crusher,3,10
Be an athlete,80,2,3,7,Push Up,3,10
Be an athlete,80,2,4,6,Power Clean,5,10
Be an athlete,80,2,4,6,Front Squat (Barbell),5,10
Be an athlete,80,2,4,6,Standing Calf Raise,3,10
Be an athlete,80,2,4,6,Hip Abductor (Machine),3,10
Be an athlete,80,2,4,6,Good Morning,3,10
Be an athlete,80,2,4,6,Bicep Curl (Barbell),3,10
Be an athlete,80,3,1,7,Y Raise,1,10
Be an athlete,80,3,1,7,Bench Press (Barbell),4,10
Be an athlete,80,3,1,7,Incline Bench Press (Dumbbell),3,10
Be an athlete,80,3,1,7,Chest Fly (Cable),3,10
Be an athlete,80,3,1,7,Military Press (Barbell),3,10
Be an athlete,80,3,1,7,Tricep Rope Push Down (Cable),3,10
Be an athlete,80,3,1,7,Dip (Weighted),3,10
Be an athlete,80,3,2,7,Power Clean,5,10
Be an athlete,80,3,2,7,Squat (Barbell),5,10
Be an athlete,80,3,2,7,Seated Row (Cable),3,10
Be an athlete,80,3,2,7,Lat Pulldown,3,10
Be an athlete,80,3,2,7,Lunge (Dumbbell),3,10
Be an athlete,80,3,2,7,Box Jump,3,10
Be an athlete,80,3,2,7,Hammer Curl,3,10
Be an athlete,80,3,3,7,Around The World,1,10
Be an athlete,80,3,3,7,Incline Bench Press (Barbell),5,10
Be an athlete,80,3,3,7,Bench Press (Dumbbell),3,10
Be an athlete,80,3,3,7,Rear Delt Fly (Machine),3,10
Be an athlete,80,3,3,7,Shrug (Barbell),3,10
Be an athlete,80,3,3,7,Skull Crusher,3,10
Be an athlete,80,3,3,7,Push Up,3,10
Be an athlete,80,3,4,6,Power Clean,5,10
Be an athlete,80,3,4,6,Front Squat (Barbell),5,10
Be an athlete,80,3,4,6,Standing Calf Raise,3,10
Be an athlete,80,3,4,6,Hip Abductor (Machine),3,10
Be an athlete,80,3,4,6,Good Morning,3,10
Be an athlete,80,3,4,6,Bicep Curl (Barbell),3,10
Be an athlete,80,4,1,7,Y Raise,1,10
Be an athlete,80,4,1,7,Bench Press (Barbell),4,10
Be an athlete,80,4,1,7,Incline Bench Press (Dumbbell),3,10
Be an athlete,80,4,1,7,Chest Fly (Cable),3,10
Be an athlete,80,4,1,7,Military Press (Barbell),3,10
Be an athlete,80,4,1,7,Tricep Rope Push Down (Cable),3,10
Be an athlete,80,4,1,7,Dip (Weighted),3,10
Be an athlete,80,4,2,7,Power Clean,5,10
Be an athlete,80,4,2,7,Squat (Barbell),5,10
Be an athlete,80,4,2,7,Seated Row (Cable),3,10
Be an athlete,80,4,2,7,Lat Pulldown,3,10
Be an athlete,80,4,2,7,Lunge (Dumbbell),3,10
Be an athlete,80,4,2,7,Box Jump,3,10
Be an athlete,80,4,2,7,Hammer Curl,3,10
Be an athlete,80,4,3,7,Around The World,1,10
Be an athlete,80,4,3,7,Incline Bench Press (Barbell),5,10
Be an athlete,80,4,3,7,Bench Press (Dumbbell),3,8
Be an athlete,80,4,3,7,Rear Delt Fly (Machine),3,8
Be an athlete,80,4,3,7,Shrug (Barbell),3,11
Be an athlete,80,4,3,7,Skull Crusher,3,11
Be an athlete,80,4,3,7,Push Up,3,11
Be an athlete,80,4,4,6,Power Clean,5,11
Be an athlete,80,4,4,6,Front Squat (Barbell),5,11
Be an athlete,80,4,4,6,Standing Calf Raise,3,8
Be an athlete,80,4,4,6,Hip Abductor (Machine),3,8
Be an athlete,80,4,4,6,Good Morning,3,8
Be an athlete,80,4,4,6,Bicep Curl (Barbell),3,11
Be an athlete,80,5,1,7,Y Raise,1,8
Be an athlete,80,5,1,7,Bench Press (Barbell),4,8
Be an athlete,80,5,1,7,Incline Bench Press (Dumbbell),3,11
Be an athlete,80,5,1,7,Chest Fly (Cable),3,11
Be an athlete,80,5,1,7,Military Press (Barbell),3,8
Be an athlete,80,5,1,7,Tricep Rope Push Down (Cable),3,8
Be an athlete,80,5,1,7,Dip (Weighted),3,11
Be an athlete,80,5,2,7,Power Clean,5,11
Be an athlete,80,5,2,7,Squat (Barbell),5,11
Be an athlete,80,5,2,7,Seated Row (Cable),3,8
Be an athlete,80,5,2,7,Lat Pulldown,3,8
Be an athlete,80,5,2,7,Lunge (Dumbbell),3,9
Be an athlete,80,5,2,7,Box Jump,3,8
Be an athlete,80,5,2,7,Hammer Curl,3,8
Be an athlete,80,5,3,7,Around The World,1,11
Be an athlete,80,5,3,7,Incline Bench Press (Barbell),5,11
Be an athlete,80,5,3,7,Bench Press (Dumbbell),3,15
Be an athlete,80,5,3,7,Rear Delt Fly (Machine),3,14
Be an athlete,80,5,3,7,Shrug (Barbell),3,14
Be an athlete,80,5,3,7,Skull Crusher,3,8
Be an athlete,80,5,3,7,Push Up,3,8
Be an athlete,80,5,4,6,Power Clean,5,8
Be an athlete,80,5,4,6,Front Squat (Barbell),5,10
Be an athlete,80,5,4,6,Standing Calf Raise,3,10
Be an athlete,80,5,4,6,Hip Abductor (Machine),3,15
Be an athlete,80,5,4,6,Good Morning,3,10
Be an athlete,80,5,4,6,Bicep Curl (Barbell),3,10
Be an athlete,80,6,1,7,Y Raise,1,8
Be an athlete,80,6,1,7,Bench Press (Barbell),4,8
Be an athlete,80,6,1,7,Incline Bench Press (Dumbbell),3,11
Be an athlete,80,6,1,7,Chest Fly (Cable),3,11
Be an athlete,80,6,1,7,Military Press (Barbell),3,11
Be an athlete,80,6,1,7,Tricep Rope Push Down (Cable),3,11
Be an athlete,80,6,1,7,Dip (Weighted),3,11
Be an athlete,80,6,2,7,Power Clean,5,8
Be an athlete,80,6,2,7,Squat (Barbell),5,8
Be an athlete,80,6,2,7,Seated Row (Cable),3,8
Be an athlete,80,6,2,7,Lat Pulldown,3,11
Be an athlete,80,6,2,7,Lunge (Dumbbell),3,8
Be an athlete,80,6,2,7,Box Jump,3,8
Be an athlete,80,6,2,7,Hammer Curl,3,11
Be an athlete,80,6,3,7,Around The World,1,11
Be an athlete,80,6,3,7,Incline Bench Press (Barbell),5,8
Be an athlete,80,6,3,7,Bench Press (Dumbbell),3,8
Be an athlete,80,6,3,7,Rear Delt Fly (Machine),3,11
Be an athlete,80,6,3,7,Shrug (Barbell),3,11
Be an athlete,80,6,3,7,Skull Crusher,3,11
Be an athlete,80,6,3,7,Push Up,3,8
Be an athlete,80,6,4,6,Power Clean,5,8
Be an athlete,80,6,4,6,Front Squat (Barbell),5,9
Be an athlete,80,6,4,6,Standing Calf Raise,3,8
Be an athlete,80,6,4,6,Hip Abductor (Machine),3,8
Be an athlete,80,6,4,6,Good Morning,3,11
Be an athlete,80,6,4,6,Bicep Curl (Barbell),3,11
Be an athlete,80,7,1,7,Y Raise,1,15
Be an athlete,80,7,1,7,Bench Press (Barbell),4,14
Be an athlete,80,7,1,7,Incline Bench Press (Dumbbell),3,14
Be an athlete,80,7,1,7,Chest Fly (Cable),3,8
Be an athlete,80,7,1,7,Military Press (Barbell),3,8
Be an athlete,80,7,1,7,Tricep Rope Push Down (Cable),3,8
Be an athlete,80,7,1,7,Dip (Weighted),3,10
Be an athlete,80,7,2,7,Power Clean,5,10
Be an athlete,80,7,2,7,Squat (Barbell),5,15
Be an athlete,80,7,2,7,Seated Row (Cable),3,10
Be an athlete,80,7,2,7,Lat Pulldown,3,10
Be an athlete,80,7,2,7,Lunge (Dumbbell),3,8
Be an athlete,80,7,2,7,Box Jump,3,8
Be an athlete,80,7,2,7,Hammer Curl,3,11
Be an athlete,80,7,3,7,Around The World,1,11
Be an athlete,80,7,3,7,Incline Bench Press (Barbell),5,11
Be an athlete,80,7,3,7,Bench Press (Dumbbell),3,11
Be an athlete,80,7,3,7,Rear Delt Fly (Machine),3,11
Be an athlete,80,7,3,7,Shrug (Barbell),3,8
Be an athlete,80,7,3,7,Skull Crusher,3,8
Be an athlete,80,7,3,7,Push Up,3,8
Be an athlete,80,7,4,6,Power Clean,5,11
Be an athlete,80,7,4,6,Front Squat (Barbell),5,8
Be an athlete,80,7,4,6,Standing Calf Raise,3,8
Be an athlete,80,7,4,6,Hip Abductor (Machine),3,11
Be an athlete,80,7,4,6,Good Morning,3,11
Be an athlete,80,7,4,6,Bicep Curl (Barbell),3,8
Be an athlete,80,8,1,7,Y Raise,1,8
Be an athlete,80,8,1,7,Bench Press (Barbell),4,11
Be an athlete,80,8,1,7,Incline Bench Press (Dumbbell),3,11
Be an athlete,80,8,1,7,Chest Fly (Cable),3,11
Be an athlete,80,8,1,7,Military Press (Barbell),3,8
Be an athlete,80,8,1,7,Tricep Rope Push Down (Cable),3,8
Be an athlete,80,8,1,7,Dip (Weighted),3,9
Be an athlete,80,8,2,7,Power Clean,5,8
Be an athlete,80,8,2,7,Squat (Barbell),5,8
Be an athlete,80,8,2,7,Seated Row (Cable),3,11
Be an athlete,80,8,2,7,Lat Pulldown,3,11
Be an athlete,80,8,2,7,Lunge (Dumbbell),3,15
Be an athlete,80,8,2,7,Box Jump,3,14
Be an athlete,80,8,2,7,Hammer Curl,3,14
Be an athlete,80,8,3,7,Around The World,1,8
Be an athlete,80,8,3,7,Incline Bench Press (Barbell),5,8
Be an athlete,80,8,3,7,Bench Press (Dumbbell),3,8
Be an athlete,80,8,3,7,Rear Delt Fly (Machine),3,10
Be an athlete,80,8,3,7,Shrug (Barbell),3,10
Be an athlete,80,8,3,7,Skull Crusher,3,15
Be an athlete,80,8,3,7,Push Up,3,10
Be an athlete,80,8,4,6,Power Clean,5,10
Be an athlete,80,8,4,6,Front Squat (Barbell),5,8
Be an athlete,80,8,4,6,Standing Calf Raise,3,8
Be an athlete,80,8,4,6,Hip Abductor (Machine),3,11
Be an athlete,80,8,4,6,Good Morning,3,11
Be an athlete,80,8,4,6,Bicep Curl (Barbell),3,11
"5.0 weeks for ['Bodybuilding', 'Muscle & Sculpting']",60,1,1,9,Lat Pulldown (Close Grip),1,10
"5.0 weeks for ['Bodybuilding', 'Muscle & Sculpting']",60,1,1,9,Reverse Bicep Curl (EZ Bar),1,10
"5.0 weeks for ['Bodybuilding', 'Muscle & Sculpting']",60,1,1,9,Dumbbell Row,1,10
"5.0 weeks for ['Bodybuilding', 'Muscle & Sculpting']",60,1,1,9,Shrug (Barbell),3,18
"5.0 weeks for ['Bodybuilding', 'Muscle & Sculpting']",60,1,1,9,Incline Hammer Curl (Dumbbell),3,18
"5.0 weeks for ['Bodybuilding', 'Muscle & Sculpting']",60,1,1,9,Chest Supported Row (Machine),5,18
"5.0 weeks for ['Bodybuilding', 'Muscle & Sculpting']",60,1,1,9,Hyperextension,3,18
"5.0 weeks for ['Bodybuilding', 'Muscle & Sculpting']",60,1,1,9,Decline Crunch,2,20
"5.0 weeks for ['Bodybuilding', 'Muscle & Sculpting']",60,1,1,9,Neck Curl,2,8
"5.0 weeks for ['Bodybuilding', 'Muscle & Sculpting']",60,1,2,9,Incline Bench Press (Barbell),1,8
"5.0 weeks for ['Bodybuilding', 'Muscle & Sculpting']",60,1,2,9,Skull Crusher (Barbell),1,8
"5.0 weeks for ['Bodybuilding', 'Muscle & Sculpting']",60,1,2,9,Dip (Weighted),1,8
"5.0 weeks for ['Bodybuilding', 'Muscle & Sculpting']",60,1,2,9,Lateral Raise (Dumbbell),4,12
"5.0 weeks for ['Bodybuilding', 'Muscle & Sculpting']",60,1,2,9,Deficit Push Up,3,12
"5.0 weeks for ['Bodybuilding', 'Muscle & Sculpting']",60,1,2,9,Face Pull,2,16
"5.0 weeks for ['Bodybuilding', 'Muscle & Sculpting']",60,1,2,9,Tricep Rope Push Down (Cable),3,12
"5.0 weeks for ['Bodybuilding', 'Muscle & Sculpting']",60,1,2,9,Is Ys Ts Ws,2,12
"5.0 weeks for ['Bodybuilding', 'Muscle & Sculpting']",60,1,2,9,Cable Crunch,2,12
"5.0 weeks for ['Bodybuilding', 'Muscle & Sculpting']",60,1,3,8,Leg Curl,1,12
"5.0 weeks for ['Bodybuilding', 'Muscle & Sculpting']",60,1,3,8,Front Squat (Barbell),1,12
"5.0 weeks for ['Bodybuilding', 'Muscle & Sculpting']",60,1,3,8,Lunge (Dumbbell),1,20
"5.0 weeks for ['Bodybuilding', 'Muscle & Sculpting']",60,1,3,8,Leg Extension,3,8
"5.0 weeks for ['Bodybuilding', 'Muscle & Sculpting']",60,1,3,8,Standing Calf Raise,3,8
"5.0 weeks for ['Bodybuilding', 'Muscle & Sculpting']",60,1,3,8,Sissy Squat,2,8
"5.0 weeks for ['Bodybuilding', 'Muscle & Sculpting']",60,1,3,8,Suitcase Carry,2,8
"5.0 weeks for ['Bodybuilding', 'Muscle & Sculpting']",60,1,3,8,Side Plank,2,8
"5.0 weeks for ['Bodybuilding', 'Muscle & Sculpting']",60,1,4,9,Bench Press (Dumbbell),1,10
"5.0 weeks for ['Bodybuilding', 'Muscle & Sculpting']",60,1,4,9,Seated Row (Cable),1,10
"5.0 weeks for ['Bodybuilding', 'Muscle & Sculpting']",60,1,4,9,Lat Pulldown,2,10
"5.0 weeks for ['Bodybuilding', 'Muscle & Sculpting']",60,1,4,9,Chest Fly (Machine),2,18
"5.0 weeks for ['Bodybuilding', 'Muscle & Sculpting']",60,1,4,9,Lateral Raise (Cable),1,16
"5.0 weeks for ['Bodybuilding', 'Muscle & Sculpting']",60,1,4,9,Bicep Curl (Cable),3,18
"5.0 weeks for ['Bodybuilding', 'Muscle & Sculpting']",60,1,4,9,Tricep Kickback,3,16
"5.0 weeks for ['Bodybuilding', 'Muscle & Sculpting']",60,1,4,9,External Rotations,2,18
"5.0 weeks for ['Bodybuilding', 'Muscle & Sculpting']",60,1,4,9,Neck Extension,2,8
"5.0 weeks for ['Bodybuilding', 'Muscle & Sculpting']",60,1,5,8,Lying Leg Curl,1,8
"5.0 weeks for ['Bodybuilding', 'Muscle & Sculpting']",60,1,5,8,Bulgarian Split Squat (Dumbbell),1,8
"5.0 weeks for ['Bodybuilding', 'Muscle & Sculpting']",60,1,5,8,Hip Thrust (Barbell),1,8
"5.0 weeks for ['Bodybuilding', 'Muscle & Sculpting']",60,1,5,8,Romanian Deadlift (Dumbbell),3,12
"5.0 weeks for ['Bodybuilding', 'Muscle & Sculpting']",60,1,5,8,Good Morning,2,12
"5.0 weeks for ['Bodybuilding', 'Muscle & Sculpting']",60,1,5,8,Cossack Squat,2,12
"5.0 weeks for ['Bodybuilding', 'Muscle & Sculpting']",60,1,5,8,Seated Calf Raise,4,16
"5.0 weeks for ['Bodybuilding', 'Muscle & Sculpting']",60,1,5,8,Tibialis Curl,2,16
"5.0 weeks for ['Bodybuilding', 'Muscle & Sculpting']",60,2,1,9,Lat Pulldown (Close Grip),1,12
"5.0 weeks for ['Bodybuilding', 'Muscle & Sculpting']",60,2,1,9,Reverse Bicep Curl (EZ Bar),1,12
"5.0 weeks for ['Bodybuilding', 'Muscle & Sculpting']",60,2,1,9,Dumbbell Row,1,12
"5.0 weeks for ['Bodybuilding', 'Muscle & Sculpting']",60,2,1,9,Shrug (Barbell),3,18
"5.0 weeks for ['Bodybuilding', 'Muscle & Sculpting']",60,2,1,9,Incline Hammer Curl (Dumbbell),3,8
"5.0 weeks for ['Bodybuilding', 'Muscle & Sculpting']",60,2,1,9,Chest Supported Row (Machine),5,8
"5.0 weeks for ['Bodybuilding', 'Muscle & Sculpting']",60,2,1,9,Hyperextension,3,8
"5.0 weeks for ['Bodybuilding', 'Muscle & Sculpting']",60,2,1,9,Decline Crunch,2,8
"5.0 weeks for ['Bodybuilding', 'Muscle & Sculpting']",60,2,1,9,Neck Curl,2,8
"5.0 weeks for ['Bodybuilding', 'Muscle & Sculpting']",60,2,2,9,Incline Bench Press (Barbell),1,10
"5.0 weeks for ['Bodybuilding', 'Muscle & Sculpting']",60,2,2,9,Skull Crusher (Barbell),1,10
"5.0 weeks for ['Bodybuilding', 'Muscle & Sculpting']",60,2,2,9,Dip (Weighted),1,10
"5.0 weeks for ['Bodybuilding', 'Muscle & Sculpting']",60,2,2,9,Lateral Raise (Dumbbell),4,18
"5.0 weeks for ['Bodybuilding', 'Muscle & Sculpting']",60,2,2,9,Deficit Push Up,3,18
"5.0 weeks for ['Bodybuilding', 'Muscle & Sculpting']",60,2,2,9,Face Pull,2,18
"5.0 weeks for ['Bodybuilding', 'Muscle & Sculpting']",60,2,2,9,Tricep Rope Push Down (Cable),3,18
"5.0 weeks for ['Bodybuilding', 'Muscle & Sculpting']",60,2,2,9,Is Ys Ts Ws,2,20
"5.0 weeks for ['Bodybuilding', 'Muscle & Sculpting']",60,2,2,9,Cable Crunch,2,8
"5.0 weeks for ['Bodybuilding', 'Muscle & Sculpting']",60,2,3,8,Leg Curl,1,8
"5.0 weeks for ['Bodybuilding', 'Muscle & Sculpting']",60,2,3,8,Front Squat (Barbell),1,8
"5.0 weeks for ['Bodybuilding', 'Muscle & Sculpting']",60,2,3,8,Lunge (Dumbbell),1,8
"5.0 weeks for ['Bodybuilding', 'Muscle & Sculpting']",60,2,3,8,Leg Extension,3,12
"5.0 weeks for ['Bodybuilding', 'Muscle & Sculpting']",60,2,3,8,Standing Calf Raise,3,12
"5.0 weeks for ['Bodybuilding', 'Muscle & Sculpting']",60,2,3,8,Sissy Squat,2,16
"5.0 weeks for ['Bodybuilding', 'Muscle & Sculpting']",60,2,3,8,Suitcase Carry,2,12
"5.0 weeks for ['Bodybuilding', 'Muscle & Sculpting']",60,2,3,8,Side Plank,2,12
"5.0 weeks for ['Bodybuilding', 'Muscle & Sculpting']",60,2,4,9,Bench Press (Dumbbell),1,12
"5.0 weeks for ['Bodybuilding', 'Muscle & Sculpting']",60,2,4,9,Seated Row (Cable),1,12
"5.0 weeks for ['Bodybuilding', 'Muscle & Sculpting']",60,2,4,9,Lat Pulldown,2,12
"5.0 weeks for ['Bodybuilding', 'Muscle & Sculpting']",60,2,4,9,Chest Fly (Machine),2,20
"5.0 weeks for ['Bodybuilding', 'Muscle & Sculpting']",60,2,4,9,Lateral Raise (Cable),1,8
"5.0 weeks for ['Bodybuilding', 'Muscle & Sculpting']",60,2,4,9,Bicep Curl (Cable),3,8
"5.0 weeks for ['Bodybuilding', 'Muscle & Sculpting']",60,2,4,9,Tricep Kickback,3,8
"5.0 weeks for ['Bodybuilding', 'Muscle & Sculpting']",60,2,4,9,External Rotations,2,8
"5.0 weeks for ['Bodybuilding', 'Muscle & Sculpting']",60,2,4,9,Neck Extension,2,8
"5.0 weeks for ['Bodybuilding', 'Muscle & Sculpting']",60,2,5,8,Lying Leg Curl,1,10
"5.0 weeks for ['Bodybuilding', 'Muscle & Sculpting']",60,2,5,8,Bulgarian Split Squat (Dumbbell),1,10
"5.0 weeks for ['Bodybuilding', 'Muscle & Sculpting']",60,2,5,8,Hip Thrust (Barbell),1,10
"5.0 weeks for ['Bodybuilding', 'Muscle & Sculpting']",60,2,5,8,Romanian Deadlift (Dumbbell),3,18
"5.0 weeks for ['Bodybuilding', 'Muscle & Sculpting']",60,2,5,8,Good Morning,2,16
"5.0 weeks for ['Bodybuilding', 'Muscle & Sculpting']",60,2,5,8,Cossack Squat,2,18
"5.0 weeks for ['Bodybuilding', 'Muscle & Sculpting']",60,2,5,8,Seated Calf Raise,4,16
"5.0 weeks for ['Bodybuilding', 'Muscle & Sculpting']",60,2,5,8,Tibialis Curl,2,18
"5.0 weeks for ['Bodybuilding', 'Muscle & Sculpting']",60,3,1,9,Lat Pulldown (Close Grip),1,8
"5.0 weeks for ['Bodybuilding', 'Muscle & Sculpting']",60,3,1,9,Reverse Bicep Curl (EZ Bar),1,8
"5.0 weeks for ['Bodybuilding', 'Muscle & Sculpting']",60,3,1,9,Dumbbell Row,1,8
"5.0 weeks for ['Bodybuilding', 'Muscle & Sculpting']",60,3,1,9,Shrug (Barbell),3,8
"5.0 weeks for ['Bodybuilding', 'Muscle & Sculpting']",60,3,1,9,Incline Hammer Curl (Dumbbell),3,12
"5.0 weeks for ['Bodybuilding', 'Muscle & Sculpting']",60,3,1,9,Chest Supported Row (Machine),5,12
"5.0 weeks for ['Bodybuilding', 'Muscle & Sculpting']",60,3,1,9,Hyperextension,3,12
"5.0 weeks for ['Bodybuilding', 'Muscle & Sculpting']",60,3,1,9,Decline Crunch,2,16
"5.0 weeks for ['Bodybuilding', 'Muscle & Sculpting']",60,3,1,9,Neck Curl,2,16
"5.0 weeks for ['Bodybuilding', 'Muscle & Sculpting']",60,3,2,9,Incline Bench Press (Barbell),1,12
"5.0 weeks for ['Bodybuilding', 'Muscle & Sculpting']",60,3,2,9,Skull Crusher (Barbell),1,12
"5.0 weeks for ['Bodybuilding', 'Muscle & Sculpting']",60,3,2,9,Dip (Weighted),1,12
"5.0 weeks for ['Bodybuilding', 'Muscle & Sculpting']",60,3,2,9,Lateral Raise (Dumbbell),4,18
"5.0 weeks for ['Bodybuilding', 'Muscle & Sculpting']",60,3,2,9,Deficit Push Up,3,8
"5.0 weeks for ['Bodybuilding', 'Muscle & Sculpting']",60,3,2,9,Face Pull,2,8
"5.0 weeks for ['Bodybuilding', 'Muscle & Sculpting']",60,3,2,9,Tricep Rope Push Down (Cable),3,8
"5.0 weeks for ['Bodybuilding', 'Muscle & Sculpting']",60,3,2,9,Is Ys Ts Ws,2,8
"5.0 weeks for ['Bodybuilding', 'Muscle & Sculpting']",60,3,2,9,Cable Crunch,2,8
"5.0 weeks for ['Bodybuilding', 'Muscle & Sculpting']",60,3,3,8,Leg Curl,1,10
"5.0 weeks for ['Bodybuilding', 'Muscle & Sculpting']",60,3,3,8,Front Squat (Barbell),1,10
"5.0 weeks for ['Bodybuilding', 'Muscle & Sculpting']",60,3,3,8,Lunge (Dumbbell),1,10
"5.0 weeks for ['Bodybuilding', 'Muscle & Sculpting']",60,3,3,8,Leg Extension,3,18
"5.0 weeks for ['Bodybuilding', 'Muscle & Sculpting']",60,3,3,8,Standing Calf Raise,3,18
"5.0 weeks for ['Bodybuilding', 'Muscle & Sculpting']",60,3,3,8,Sissy Squat,2,18
"5.0 weeks for ['Bodybuilding', 'Muscle & Sculpting']",60,3,3,8,Suitcase Carry,2,18
"5.0 weeks for ['Bodybuilding', 'Muscle & Sculpting']",60,3,3,8,Side Plank,2,20
"5.0 weeks for ['Bodybuilding', 'Muscle & Sculpting']",60,3,4,9,Bench Press (Dumbbell),1,8
"5.0 weeks for ['Bodybuilding', 'Muscle & Sculpting']",60,3,4,9,Seated Row (Cable),1,8
"5.0 weeks for ['Bodybuilding', 'Muscle & Sculpting']",60,3,4,9,Lat Pulldown,2,8
"5.0 weeks for ['Bodybuilding', 'Muscle & Sculpting']",60,3,4,9,Chest Fly (Machine),2,8
"5.0 weeks for ['Bodybuilding', 'Muscle & Sculpting']",60,3,4,9,Lateral Raise (Cable),1,12
"5.0 weeks for ['Bodybuilding', 'Muscle & Sculpting']",60,3,4,9,Bicep Curl (Cable),3,12
"5.0 weeks for ['Bodybuilding', 'Muscle & Sculpting']",60,3,4,9,Tricep Kickback,3,16
"5.0 weeks for ['Bodybuilding', 'Muscle & Sculpting']",60,3,4,9,External Rotations,2,12
"5.0 weeks for ['Bodybuilding', 'Muscle & Sculpting']",60,3,4,9,Neck Extension,2,12
"5.0 weeks for ['Bodybuilding', 'Muscle & Sculpting']",60,3,5,8,Lying Leg Curl,1,12
"5.0 weeks for ['Bodybuilding', 'Muscle & Sculpting']",60,3,5,8,Bulgarian Split Squat (Dumbbell),1,12
"5.0 weeks for ['Bodybuilding', 'Muscle & Sculpting']",60,3,5,8,Hip Thrust (Barbell),1,12
"5.0 weeks for ['Bodybuilding', 'Muscle & Sculpting']",60,3,5,8,Romanian Deadlift (Dumbbell),3,20
"5.0 weeks for ['Bodybuilding', 'Muscle & Sculpting']",60,3,5,8,Good Morning,2,8
"5.0 weeks for ['Bodybuilding', 'Muscle & Sculpting']",60,3,5,8,Cossack Squat,2,8
"5.0 weeks for ['Bodybuilding', 'Muscle & Sculpting']",60,3,5,8,Seated Calf Raise,4,8
"5.0 weeks for ['Bodybuilding', 'Muscle & Sculpting']",60,3,5,8,Tibialis Curl,2,8
"5.0 weeks for ['Bodybuilding', 'Muscle & Sculpting']",60,4,1,9,Lat Pulldown (Close Grip),1,8
"5.0 weeks for ['Bodybuilding', 'Muscle & Sculpting']",60,4,1,9,Reverse Bicep Curl (EZ Bar),1,10
"5.0 weeks for ['Bodybuilding', 'Muscle & Sculpting']",60,4,1,9,Dumbbell Row,1,10
"5.0 weeks for ['Bodybuilding', 'Muscle & Sculpting']",60,4,1,9,Shrug (Barbell),3,10
"5.0 weeks for ['Bodybuilding', 'Muscle & Sculpting']",60,4,1,9,Incline Hammer Curl (Dumbbell),3,18
"5.0 weeks for ['Bodybuilding', 'Muscle & Sculpting']",60,4,1,9,Chest Supported Row (Machine),5,16
"5.0 weeks for ['Bodybuilding', 'Muscle & Sculpting']",60,4,1,9,Hyperextension,3,18
"5.0 weeks for ['Bodybuilding', 'Muscle & Sculpting']",60,4,1,9,Decline Crunch,2,16
"5.0 weeks for ['Bodybuilding', 'Muscle & Sculpting']",60,4,1,9,Neck Curl,2,18
"5.0 weeks for ['Bodybuilding', 'Muscle & Sculpting']",60,4,2,9,Incline Bench Press (Barbell),1,8
"5.0 weeks for ['Bodybuilding', 'Muscle & Sculpting']",60,4,2,9,Skull Crusher (Barbell),1,8
"5.0 weeks for ['Bodybuilding', 'Muscle & Sculpting']",60,4,2,9,Dip (Weighted),1,8
"5.0 weeks for ['Bodybuilding', 'Muscle & Sculpting']",60,4,2,9,Lateral Raise (Dumbbell),4,8
"5.0 weeks for ['Bodybuilding', 'Muscle & Sculpting']",60,4,2,9,Deficit Push Up,3,12
"5.0 weeks for ['Bodybuilding', 'Muscle & Sculpting']",60,4,2,9,Face Pull,2,12
"5.0 weeks for ['Bodybuilding', 'Muscle & Sculpting']",60,4,2,9,Tricep Rope Push Down (Cable),3,12
"5.0 weeks for ['Bodybuilding', 'Muscle & Sculpting']",60,4,2,9,Is Ys Ts Ws,2,16
"5.0 weeks for ['Bodybuilding', 'Muscle & Sculpting']",60,4,2,9,Cable Crunch,2,16
"5.0 weeks for ['Bodybuilding', 'Muscle & Sculpting']",60,4,3,8,Leg Curl,1,12
"5.0 weeks for ['Bodybuilding', 'Muscle & Sculpting']",60,4,3,8,Front Squat (Barbell),1,12
"5.0 weeks for ['Bodybuilding', 'Muscle & Sculpting']",60,4,3,8,Lunge (Dumbbell),1,12
"5.0 weeks for ['Bodybuilding', 'Muscle & Sculpting']",60,4,3,8,Leg Extension,3,18
"5.0 weeks for ['Bodybuilding', 'Muscle & Sculpting']",60,4,3,8,Standing Calf Raise,3,8
"5.0 weeks for ['Bodybuilding', 'Muscle & Sculpting']",60,4,3,8,Sissy Squat,2,8
"5.0 weeks for ['Bodybuilding', 'Muscle & Sculpting']",60,4,3,8,Suitcase Carry,2,8
"5.0 weeks for ['Bodybuilding', 'Muscle & Sculpting']",60,4,3,8,Side Plank,2,8
"5.0 weeks for ['Bodybuilding', 'Muscle & Sculpting']",60,4,4,9,Bench Press (Dumbbell),1,8
"5.0 weeks for ['Bodybuilding', 'Muscle & Sculpting']",60,4,4,9,Seated Row (Cable),1,10
"5.0 weeks for ['Bodybuilding', 'Muscle & Sculpting']",60,4,4,9,Lat Pulldown,2,10
"5.0 weeks for ['Bodybuilding', 'Muscle & Sculpting']",60,4,4,9,Chest Fly (Machine),2,10
"5.0 weeks for ['Bodybuilding', 'Muscle & Sculpting']",60,4,4,9,Lateral Raise (Cable),1,18
"5.0 weeks for ['Bodybuilding', 'Muscle & Sculpting']",60,4,4,9,Bicep Curl (Cable),3,18
"5.0 weeks for ['Bodybuilding', 'Muscle & Sculpting']",60,4,4,9,Tricep Kickback,3,18
"5.0 weeks for ['Bodybuilding', 'Muscle & Sculpting']",60,4,4,9,External Rotations,2,18
"5.0 weeks for ['Bodybuilding', 'Muscle & Sculpting']",60,4,4,9,Neck Extension,2,20
"5.0 weeks for ['Bodybuilding', 'Muscle & Sculpting']",60,4,5,8,Lying Leg Curl,1,8
"5.0 weeks for ['Bodybuilding', 'Muscle & Sculpting']",60,4,5,8,Bulgarian Split Squat (Dumbbell),1,8
"5.0 weeks for ['Bodybuilding', 'Muscle & Sculpting']",60,4,5,8,Romanian Deadlift (Dumbbell),3,8
"5.0 weeks for ['Bodybuilding', 'Muscle & Sculpting']",60,4,5,8,Good Morning,2,8
"5.0 weeks for ['Bodybuilding', 'Muscle & Sculpting']",60,4,5,8,Hip Thrust (Barbell),1,12
"5.0 weeks for ['Bodybuilding', 'Muscle & Sculpting']",60,4,5,8,Cossack Squat,2,12
"5.0 weeks for ['Bodybuilding', 'Muscle & Sculpting']",60,4,5,8,Seated Calf Raise,4,16
"5.0 weeks for ['Bodybuilding', 'Muscle & Sculpting']",60,4,5,8,Tibialis Curl,2,12
"5.0 weeks for ['Bodybuilding', 'Muscle & Sculpting']",60,5,1,6,Lat Pulldown (Close Grip),1,12
"5.0 weeks for ['Bodybuilding', 'Muscle & Sculpting']",60,5,1,6,Reverse Bicep Curl (EZ Bar),1,12
"5.0 weeks for ['Bodybuilding', 'Muscle & Sculpting']",60,5,1,6,Dumbbell Row,1,12
"5.0 weeks for ['Bodybuilding', 'Muscle & Sculpting']",60,5,1,6,Shrug (Barbell),1,12
"5.0 weeks for ['Bodybuilding', 'Muscle & Sculpting']",60,5,1,6,Incline Hammer Curl (Dumbbell),1,20
"5.0 weeks for ['Bodybuilding', 'Muscle & Sculpting']",60,5,1,6,Hyperextension,1,8
"5.0 weeks for ['Bodybuilding', 'Muscle & Sculpting']",60,5,2,6,Incline Bench Press (Barbell),1,8
"5.0 weeks for ['Bodybuilding', 'Muscle & Sculpting']",60,5,2,6,Skull Crusher (Barbell),1,8
"5.0 weeks for ['Bodybuilding', 'Muscle & Sculpting']",60,5,2,6,Dip (Weighted),1,8
"5.0 weeks for ['Bodybuilding', 'Muscle & Sculpting']",60,5,2,6,Lateral Raise (Dumbbell),1,8
"5.0 weeks for ['Bodybuilding', 'Muscle & Sculpting']",60,5,2,6,Deficit Push Up,1,10
"5.0 weeks for ['Bodybuilding', 'Muscle & Sculpting']",60,5,2,6,Face Pull,1,10
"5.0 weeks for ['Bodybuilding', 'Muscle & Sculpting']",60,5,3,5,Leg Curl,1,10
"5.0 weeks for ['Bodybuilding', 'Muscle & Sculpting']",60,5,3,5,Front Squat (Barbell),1,18
"5.0 weeks for ['Bodybuilding', 'Muscle & Sculpting']",60,5,3,5,Lunge (Dumbbell),1,16
"5.0 weeks for ['Bodybuilding', 'Muscle & Sculpting']",60,5,3,5,Leg Extension,1,18
"5.0 weeks for ['Bodybuilding', 'Muscle & Sculpting']",60,5,3,5,Standing Calf Raise,1,16
"5.0 weeks for ['Bodybuilding', 'Muscle & Sculpting']",60,5,4,7,Bench Press (Dumbbell),1,18
"5.0 weeks for ['Bodybuilding', 'Muscle & Sculpting']",60,5,4,7,Seated Row (Cable),1,8
"5.0 weeks for ['Bodybuilding', 'Muscle & Sculpting']",60,5,4,7,Lat Pulldown,1,8
"5.0 weeks for ['Bodybuilding', 'Muscle & Sculpting']",60,5,4,7,Chest Fly (Machine),1,8
"5.0 weeks for ['Bodybuilding', 'Muscle & Sculpting']",60,5,4,7,Lateral Raise (Cable),1,8
"5.0 weeks for ['Bodybuilding', 'Muscle & Sculpting']",60,5,4,7,Bicep Curl (Cable),1,12
"5.0 weeks for ['Bodybuilding', 'Muscle & Sculpting']",60,5,4,7,Single Arm Tricep Extension (Cable),1,12
"5.0 weeks for ['Bodybuilding', 'Muscle & Sculpting']",60,5,5,6,Lying Leg Curl,1,12
"5.0 weeks for ['Bodybuilding', 'Muscle & Sculpting']",60,5,5,6,Bulgarian Split Squat (Dumbbell),1,16
"5.0 weeks for ['Bodybuilding', 'Muscle & Sculpting']",60,5,5,6,Hip Thrust (Barbell),1,16
"5.0 weeks for ['Bodybuilding', 'Muscle & Sculpting']",60,5,5,6,Romanian Deadlift (Dumbbell),1,12
"5.0 weeks for ['Bodybuilding', 'Muscle & Sculpting']",60,5,5,6,Good Morning,1,12
"5.0 weeks for ['Bodybuilding', 'Muscle & Sculpting']",60,5,5,6,Seated Calf Raise,1,12
"1.0 weeks for ['Bodybuilding', 'Muscle & Sculpting']",180,1,1,9,Shoulder Press (Machine),2,10
"1.0 weeks for ['Bodybuilding', 'Muscle & Sculpting']",180,1,1,9,Lying Rear Lateral Raise,3,10
"1.0 weeks for ['Bodybuilding', 'Muscle & Sculpting']",180,1,1,9,Lateral Raise (Dumbbell),3,10
"1.0 weeks for ['Bodybuilding', 'Muscle & Sculpting']",180,1,1,9,Tricep Pushdown (Cable),3,10
"1.0 weeks for ['Bodybuilding', 'Muscle & Sculpting']",180,1,1,9,Skull Crusher (Barbell),3,120
"1.0 weeks for ['Bodybuilding', 'Muscle & Sculpting']",180,1,1,9,Single Arm Tricep Extension (Cable),1,90
"1.0 weeks for ['Bodybuilding', 'Muscle & Sculpting']",180,1,1,9,Bicep Curl (Dumbbell),3,20
"1.0 weeks for ['Bodybuilding', 'Muscle & Sculpting']",180,1,1,9,Face Away Cable Curl,3,11
"1.0 weeks for ['Bodybuilding', 'Muscle & Sculpting']",180,1,1,9,Preacher Curl (EZ Bar),3,10
"1.0 weeks for ['Bodybuilding', 'Muscle & Sculpting']",180,1,2,3,Cable Crunch,3,11
"1.0 weeks for ['Bodybuilding', 'Muscle & Sculpting']",180,1,2,3,Plank,3,30
"1.0 weeks for ['Bodybuilding', 'Muscle & Sculpting']",180,1,2,3,Sit Up,3,7
"1.0 weeks for ['Bodybuilding', 'Muscle & Sculpting']",180,1,3,4,T-Bar Row,1,45
"1.0 weeks for ['Bodybuilding', 'Muscle & Sculpting']",180,1,3,4,Seated Row (Cable),3,20
"1.0 weeks for ['Bodybuilding', 'Muscle & Sculpting']",180,1,3,4,Single Arm Lat Pullover,4,9
"1.0 weeks for ['Bodybuilding', 'Muscle & Sculpting']",180,1,3,4,Lat Pulldown,3,9
"1.0 weeks for ['Bodybuilding', 'Muscle & Sculpting']",180,1,4,6,Bench Press (Barbell),3,10
"1.0 weeks for ['Bodybuilding', 'Muscle & Sculpting']",180,1,4,6,Shoulder Press (Machine),2,10
"1.0 weeks for ['Bodybuilding', 'Muscle & Sculpting']",180,1,4,6,Lateral Raise (Cable),3,30
"1.0 weeks for ['Bodybuilding', 'Muscle & Sculpting']",180,1,4,6,Lying Rear Lateral Raise,3,45
"1.0 weeks for ['Bodybuilding', 'Muscle & Sculpting']",180,1,4,6,Incline Chest Press (Machine),3,20
"1.0 weeks for ['Bodybuilding', 'Muscle & Sculpting']",180,1,4,6,Pec Deck (Machine),4,11
"1.0 weeks for ['Bodybuilding', 'Muscle & Sculpting']",50,1,1,4,Incline Bench Press (Dumbbell),3,10
"1.0 weeks for ['Bodybuilding', 'Muscle & Sculpting']",50,1,1,4,Seated Row (Cable),3,12
"1.0 weeks for ['Bodybuilding', 'Muscle & Sculpting']",50,1,1,4,Bench Press (Barbell),3,12
"1.0 weeks for ['Bodybuilding', 'Muscle & Sculpting']",50,1,1,4,Wide Grip Lat Pulldown,3,8
"1.0 weeks for ['Bodybuilding', 'Muscle & Sculpting']",50,1,2,6,Romanian Deadlift (Barbell),3,10
"1.0 weeks for ['Bodybuilding', 'Muscle & Sculpting']",50,1,2,6,Leg Press,3,10
"1.0 weeks for ['Bodybuilding', 'Muscle & Sculpting']",50,1,2,6,Leg Curl,3,10
"1.0 weeks for ['Bodybuilding', 'Muscle & Sculpting']",50,1,2,6,Leg Extension,3,10
"1.0 weeks for ['Bodybuilding', 'Muscle & Sculpting']",50,1,2,6,Seated Calf Raise,3,12
"1.0 weeks for ['Bodybuilding', 'Muscle & Sculpting']",50,1,2,6,Reverse Abs Crunch (Bodyweight),3,10
"1.0 weeks for ['Bodybuilding', 'Muscle & Sculpting']",50,1,3,5,Shoulder Press (Machine),3,12
"1.0 weeks for ['Bodybuilding', 'Muscle & Sculpting']",50,1,3,5,Bayesian Curl,3,10
"1.0 weeks for ['Bodybuilding', 'Muscle & Sculpting']",50,1,3,5,Concentration Curl,3,8
"1.0 weeks for ['Bodybuilding', 'Muscle & Sculpting']",50,1,3,5,Lateral Raise (Cable),3,12
"1.0 weeks for ['Bodybuilding', 'Muscle & Sculpting']",50,1,3,5,Rear Delt Fly (Machine),3,8
"1.0 weeks for ['Bodybuilding', 'Muscle & Sculpting']",50,1,4,7,Bench Press (Dumbbell),3,10
"1.0 weeks for ['Bodybuilding', 'Muscle & Sculpting']",50,1,4,7,Chest Supported Row (Machine),3,12
"1.0 weeks for ['Bodybuilding', 'Muscle & Sculpting']",50,1,4,7,Incline Bench Press (Barbell),3,10
"1.0 weeks for ['Bodybuilding', 'Muscle & Sculpting']",50,1,4,7,Lat Pulldown (Neutral Grip),3,6
"1.0 weeks for ['Bodybuilding', 'Muscle & Sculpting']",50,1,4,7,Tricep Extension (Cable),4,10
"1.0 weeks for ['Bodybuilding', 'Muscle & Sculpting']",50,1,4,7,Preacher Curl (Dumbbell),4,12
"1.0 weeks for ['Bodybuilding', 'Muscle & Sculpting']",50,1,4,7,Lateral Raise (Cable),4,12
"1.0 weeks for ['Bodybuilding', 'Muscle & Sculpting']",50,1,5,6,Squat (Barbell),3,12
"1.0 weeks for ['Bodybuilding', 'Muscle & Sculpting']",50,1,5,6,Romanian Deadlift (Dumbbell),3,12
"1.0 weeks for ['Bodybuilding', 'Muscle & Sculpting']",50,1,5,6,Single Leg Press,3,8
"1.0 weeks for ['Bodybuilding', 'Muscle & Sculpting']",50,1,5,6,Leg Curl,3,9
"1.0 weeks for ['Bodybuilding', 'Muscle & Sculpting']",50,1,5,6,Standing Calf Raise,3,10
"1.0 weeks for ['Bodybuilding', 'Muscle & Sculpting']",50,1,5,6,Cable Crunch,3,10
5.0 weeks for ['Powerlifting'],90,1,1,5,Squat (Barbell),3,10
5.0 weeks for ['Powerlifting'],90,1,1,5,Front Squat (Barbell),3,10
5.0 weeks for ['Powerlifting'],90,1,1,5,Romanian Deadlift (Barbell),3,15
5.0 weeks for ['Powerlifting'],90,1,1,5,Leg Extension,3,10
5.0 weeks for ['Powerlifting'],90,1,1,5,Hamstring Curl,3,3
5.0 weeks for ['Powerlifting'],90,1,2,5,Bench Press (Barbell),3,5
5.0 weeks for ['Powerlifting'],90,1,2,5,Overhead Press (Barbell),1,7
5.0 weeks for ['Powerlifting'],90,1,2,5,Pec Deck (Machine),1,15
5.0 weeks for ['Powerlifting'],90,1,2,5,V-Handle Tricep Pushdown (Cable),1,12
5.0 weeks for ['Powerlifting'],90,1,2,5,Lateral Raise (Machine),1,12
5.0 weeks for ['Powerlifting'],90,1,3,4,Lat Pulldown,1,2
5.0 weeks for ['Powerlifting'],90,1,3,4,Seated Row (Cable),1,5
5.0 weeks for ['Powerlifting'],90,1,3,4,Rear Delt Fly (Machine),1,7
5.0 weeks for ['Powerlifting'],90,1,3,4,Preacher Curl (Dumbbell),1,12
5.0 weeks for ['Powerlifting'],90,1,4,1,Stretching,1,13
5.0 weeks for ['Powerlifting'],90,1,5,5,Squat (Barbell),1,10
5.0 weeks for ['Powerlifting'],90,1,5,5,Clean Deadlift,3,20
5.0 weeks for ['Powerlifting'],90,1,5,5,Good Morning,3,10
5.0 weeks for ['Powerlifting'],90,1,5,5,Lunge (Barbell),3,4
5.0 weeks for ['Powerlifting'],90,1,5,5,Back Extension (Weighted),3,3
5.0 weeks for ['Powerlifting'],90,1,6,3,Bench Press (Paused),1,5
5.0 weeks for ['Powerlifting'],90,1,6,3,Bench Press (Close Grip),1,10
5.0 weeks for ['Powerlifting'],90,1,6,3,Seated Shoulder Press (Dumbbell),1,12
5.0 weeks for ['Powerlifting'],90,1,7,4,Lat Pulldown,1,10
5.0 weeks for ['Powerlifting'],90,1,7,4,Seated Row (Cable),1,3
5.0 weeks for ['Powerlifting'],90,1,7,4,Rear Delt Fly (Machine),1,12
5.0 weeks for ['Powerlifting'],90,1,7,4,Preacher Curl (Dumbbell),1,10
5.0 weeks for ['Powerlifting'],90,2,1,5,Squat (Barbell),5,8
5.0 weeks for ['Powerlifting'],90,2,1,5,Front Squat (Barbell),5,10
5.0 weeks for ['Powerlifting'],90,2,1,5,Romanian Deadlift (Barbell),4,10
5.0 weeks for ['Powerlifting'],90,2,1,5,Leg Extension,4,2
5.0 weeks for ['Powerlifting'],90,2,1,5,Hamstring Curl,4,3
5.0 weeks for ['Powerlifting'],90,2,2,5,Bench Press (Barbell),3,7
5.0 weeks for ['Powerlifting'],90,2,2,5,Overhead Press (Barbell),1,20
5.0 weeks for ['Powerlifting'],90,2,2,5,Pec Deck (Machine),1,15
5.0 weeks for ['Powerlifting'],90,2,2,5,V-Handle Tricep Pushdown (Cable),1,12
5.0 weeks for ['Powerlifting'],90,2,2,5,Lateral Raise (Machine),1,1
5.0 weeks for ['Powerlifting'],90,2,3,4,Lat Pulldown,1,3
5.0 weeks for ['Powerlifting'],90,2,3,4,Seated Row (Cable),1,5
5.0 weeks for ['Powerlifting'],90,2,3,4,Rear Delt Fly (Machine),1,5
5.0 weeks for ['Powerlifting'],90,2,3,4,Preacher Curl (Dumbbell),1,8
5.0 weeks for ['Powerlifting'],90,2,4,1,Stretching,1,10
5.0 weeks for ['Powerlifting'],90,2,5,5,Squat (Barbell),1,15
5.0 weeks for ['Powerlifting'],90,2,5,5,Clean Deadlift,3,10
5.0 weeks for ['Powerlifting'],90,2,5,5,Good Morning,3,2
5.0 weeks for ['Powerlifting'],90,2,5,5,Lunge (Barbell),3,3
5.0 weeks for ['Powerlifting'],90,2,5,5,Back Extension (Weighted),3,5
5.0 weeks for ['Powerlifting'],90,2,6,3,Bench Press (Paused),1,10
5.0 weeks for ['Powerlifting'],90,2,6,3,Bench Press (Close Grip),1,10
5.0 weeks for ['Powerlifting'],90,2,6,3,Seated Shoulder Press (Dumbbell),1,25
5.0 weeks for ['Powerlifting'],90,2,7,4,Lat Pulldown,1,3
5.0 weeks for ['Powerlifting'],90,2,7,4,Seated Row (Cable),1,12
5.0 weeks for ['Powerlifting'],90,2,7,4,Rear Delt Fly (Machine),1,10
5.0 weeks for ['Powerlifting'],90,2,7,4,Preacher Curl (Dumbbell),1,8
5.0 weeks for ['Powerlifting'],90,3,1,5,Squat (Barbell),4,10
5.0 weeks for ['Powerlifting'],90,3,1,5,Front Squat (Barbell),8,5
5.0 weeks for ['Powerlifting'],90,3,1,5,Romanian Deadlift (Barbell),6,7
5.0 weeks for ['Powerlifting'],90,3,1,5,Leg Extension,5,20
5.0 weeks for ['Powerlifting'],90,3,1,5,Hamstring Curl,5,6
5.0 weeks for ['Powerlifting'],90,3,2,5,Bench Press (Barbell),3,12
5.0 weeks for ['Powerlifting'],90,3,2,5,Overhead Press (Barbell),1,3
5.0 weeks for ['Powerlifting'],90,3,2,5,Pec Deck (Machine),1,5
5.0 weeks for ['Powerlifting'],90,3,2,5,V-Handle Tricep Pushdown (Cable),1,10
5.0 weeks for ['Powerlifting'],90,3,2,5,Lateral Raise (Machine),1,10
5.0 weeks for ['Powerlifting'],90,3,3,4,Lat Pulldown,1,10
5.0 weeks for ['Powerlifting'],90,3,3,4,Seated Row (Cable),1,10
5.0 weeks for ['Powerlifting'],90,3,3,4,Rear Delt Fly (Machine),1,1
5.0 weeks for ['Powerlifting'],90,3,3,4,Preacher Curl (Dumbbell),1,3
5.0 weeks for ['Powerlifting'],90,3,4,1,Stretching,1,5
5.0 weeks for ['Powerlifting'],90,3,5,5,Squat (Barbell),1,12
5.0 weeks for ['Powerlifting'],90,3,5,5,Clean Deadlift,3,8
5.0 weeks for ['Powerlifting'],90,3,5,5,Good Morning,3,25
5.0 weeks for ['Powerlifting'],90,3,5,5,Lunge (Barbell),3,3
5.0 weeks for ['Powerlifting'],90,3,5,5,Back Extension (Weighted),3,15
5.0 weeks for ['Powerlifting'],90,3,6,3,Bench Press (Paused),1,10
5.0 weeks for ['Powerlifting'],90,3,6,3,Bench Press (Close Grip),1,9
5.0 weeks for ['Powerlifting'],90,3,6,3,Seated Shoulder Press (Dumbbell),1,10
5.0 weeks for ['Powerlifting'],90,3,7,4,Lat Pulldown,1,2
5.0 weeks for ['Powerlifting'],90,3,7,4,Seated Row (Cable),1,3
5.0 weeks for ['Powerlifting'],90,3,7,4,Rear Delt Fly (Machine),1,7
5.0 weeks for ['Powerlifting'],90,3,7,4,Preacher Curl (Dumbbell),1,15
5.0 weeks for ['Powerlifting'],90,4,1,5,Squat (Barbell),3,7
5.0 weeks for ['Powerlifting'],90,4,1,5,Front Squat (Barbell),4,12
5.0 weeks for ['Powerlifting'],90,4,1,5,Romanian Deadlift (Barbell),5,3
5.0 weeks for ['Powerlifting'],90,4,1,5,Leg Extension,4,5
5.0 weeks for ['Powerlifting'],90,4,1,5,Hamstring Curl,4,10
5.0 weeks for ['Powerlifting'],90,4,2,5,Bench Press (Barbell),4,10
5.0 weeks for ['Powerlifting'],90,4,2,5,Overhead Press (Barbell),1,10
5.0 weeks for ['Powerlifting'],90,4,2,5,Pec Deck (Machine),1,10
5.0 weeks for ['Powerlifting'],90,4,2,5,V-Handle Tricep Pushdown (Cable),1,2
5.0 weeks for ['Powerlifting'],90,4,2,5,Lateral Raise (Machine),1,3
5.0 weeks for ['Powerlifting'],90,4,3,4,Lat Pulldown,1,5
5.0 weeks for ['Powerlifting'],90,4,3,4,Seated Row (Cable),1,12
5.0 weeks for ['Powerlifting'],90,4,3,4,Rear Delt Fly (Machine),1,8
5.0 weeks for ['Powerlifting'],90,4,3,4,Preacher Curl (Dumbbell),1,25
5.0 weeks for ['Powerlifting'],90,4,4,1,Stretching,1,3
5.0 weeks for ['Powerlifting'],90,4,5,5,Squat (Barbell),1,15
5.0 weeks for ['Powerlifting'],90,4,5,5,Clean Deadlift,3,10
5.0 weeks for ['Powerlifting'],90,4,5,5,Good Morning,3,9
5.0 weeks for ['Powerlifting'],90,4,5,5,Lunge (Barbell),3,10
5.0 weeks for ['Powerlifting'],90,4,5,5,Back Extension (Weighted),3,1
5.0 weeks for ['Powerlifting'],90,4,6,3,Bench Press (Paused),1,5
5.0 weeks for ['Powerlifting'],90,4,6,3,Bench Press (Close Grip),1,7
5.0 weeks for ['Powerlifting'],90,4,6,3,Seated Shoulder Press (Dumbbell),1,15
5.0 weeks for ['Powerlifting'],90,4,7,4,Lat Pulldown,1,7
5.0 weeks for ['Powerlifting'],90,4,7,4,Seated Row (Cable),1,15
5.0 weeks for ['Powerlifting'],90,4,7,4,Rear Delt Fly (Machine),1,1
5.0 weeks for ['Powerlifting'],90,4,7,4,Preacher Curl (Dumbbell),1,3
5.0 weeks for ['Powerlifting'],90,5,1,5,Squat (Barbell),1,12
5.0 weeks for ['Powerlifting'],90,5,1,5,Front Squat (Barbell),3,10
5.0 weeks for ['Powerlifting'],90,5,1,5,Romanian Deadlift (Barbell),3,12
5.0 weeks for ['Powerlifting'],90,5,1,5,Leg Extension,3,10
5.0 weeks for ['Powerlifting'],90,5,1,5,Hamstring Curl,3,5
5.0 weeks for ['Powerlifting'],90,5,2,5,Bench Press (Barbell),1,3
5.0 weeks for ['Powerlifting'],90,5,2,5,Overhead Press (Barbell),1,5
5.0 weeks for ['Powerlifting'],90,5,2,5,Pec Deck (Machine),1,12
5.0 weeks for ['Powerlifting'],90,5,2,5,V-Handle Tricep Pushdown (Cable),1,8
5.0 weeks for ['Powerlifting'],90,5,2,5,Lateral Raise (Machine),1,25
5.0 weeks for ['Powerlifting'],90,5,3,4,Lat Pulldown,1,10
5.0 weeks for ['Powerlifting'],90,5,3,4,Seated Row (Cable),1,15
5.0 weeks for ['Powerlifting'],90,5,3,4,Rear Delt Fly (Machine),1,12
5.0 weeks for ['Powerlifting'],90,5,3,4,Preacher Curl (Dumbbell),1,9
5.0 weeks for ['Powerlifting'],90,5,4,1,Stretching,1,10
5.0 weeks for ['Powerlifting'],90,5,5,5,Squat (Barbell),1,1
5.0 weeks for ['Powerlifting'],90,5,5,5,Clean Deadlift,3,3
5.0 weeks for ['Powerlifting'],90,5,5,5,Good Morning,3,5
5.0 weeks for ['Powerlifting'],90,5,5,5,Lunge (Barbell),3,10
5.0 weeks for ['Powerlifting'],90,5,5,5,Back Extension (Weighted),3,8
5.0 weeks for ['Powerlifting'],90,5,6,3,Bench Press (Paused),1,12
5.0 weeks for ['Powerlifting'],90,5,6,3,Bench Press (Close Grip),1,3
5.0 weeks for ['Powerlifting'],90,5,6,3,Seated Shoulder Press (Dumbbell),1,3
5.0 weeks for ['Powerlifting'],90,5,7,4,Lat Pulldown,1,15
5.0 weeks for ['Powerlifting'],90,5,7,4,Seated Row (Cable),1,11
5.0 weeks for ['Powerlifting'],90,5,7,4,Rear Delt Fly (Machine),1,12
5.0 weeks for ['Powerlifting'],90,5,7,4,Preacher Curl (Dumbbell),1,10
"1.0 weeks for ['Bodybuilding', 'Muscle & Sculpting']",70,1,1,7,Squat (Smith Machine),1,10
"1.0 weeks for ['Bodybuilding', 'Muscle & Sculpting']",70,1,1,7,Single Leg Calf Raise,2,10
"1.0 weeks for ['Bodybuilding', 'Muscle & Sculpting']",70,1,1,7,Romanian Deadlift (Barbell),2,10
"1.0 weeks for ['Bodybuilding', 'Muscle & Sculpting']",70,1,1,7,Decline Sit Up (Weighted),2,1800
"1.0 weeks for ['Bodybuilding', 'Muscle & Sculpting']",70,1,1,7,Leg Extension,2,15
"1.0 weeks for ['Bodybuilding', 'Muscle & Sculpting']",70,1,1,7,Lying Leg Curl,1,15
"1.0 weeks for ['Bodybuilding', 'Muscle & Sculpting']",70,1,1,7,Plank (Weighted),1,15
"1.0 weeks for ['Bodybuilding', 'Muscle & Sculpting']",70,1,2,9,Pull-Up (Bodyweight),3,15
"1.0 weeks for ['Bodybuilding', 'Muscle & Sculpting']",70,1,2,9,Dip (Weighted),2,15
"1.0 weeks for ['Bodybuilding', 'Muscle & Sculpting']",70,1,2,9,Ab Wheel,1,15
"1.0 weeks for ['Bodybuilding', 'Muscle & Sculpting']",70,1,2,9,Weighted Hanging Oblique Knee Raise,1,1800
"1.0 weeks for ['Bodybuilding', 'Muscle & Sculpting']",70,1,2,9,Hanging Oblique Knee Raise,1,1800
"1.0 weeks for ['Bodybuilding', 'Muscle & Sculpting']",70,1,2,9,AD Press (Smith Machine),2,15
"1.0 weeks for ['Bodybuilding', 'Muscle & Sculpting']",70,1,2,9,Chest Supported Row (Machine),2,15
"1.0 weeks for ['Bodybuilding', 'Muscle & Sculpting']",70,1,2,9,Push Up (Weighted),1,15
"1.0 weeks for ['Bodybuilding', 'Muscle & Sculpting']",70,1,2,9,Diagonal Supinated Lat Pulldown,1,15
"1.0 weeks for ['Bodybuilding', 'Muscle & Sculpting']",70,1,3,6,Overhead Tricep Extension (Cable),2,1800
"1.0 weeks for ['Bodybuilding', 'Muscle & Sculpting']",70,1,3,6,Incline DB Curl 45 Degrees,2,15
"1.0 weeks for ['Bodybuilding', 'Muscle & Sculpting']",70,1,3,6,Tricep Pushdown (Cable),2,15
"1.0 weeks for ['Bodybuilding', 'Muscle & Sculpting']",70,1,3,6,Preacher Hammer Curl,2,15
"1.0 weeks for ['Bodybuilding', 'Muscle & Sculpting']",70,1,3,6,Band Wrist Flexion,2,10
"1.0 weeks for ['Bodybuilding', 'Muscle & Sculpting']",70,1,3,6,Farmer's Walk (Weighted),1,10
"1.0 weeks for ['Bodybuilding', 'Muscle & Sculpting']",70,1,4,7,Bulgarian Split Squat (Barbell),1,10
"1.0 weeks for ['Bodybuilding', 'Muscle & Sculpting']",70,1,4,7,Single Leg Calf Raise,2,1800
"1.0 weeks for ['Bodybuilding', 'Muscle & Sculpting']",70,1,4,7,Romanian Deadlift (Barbell),2,15
"1.0 weeks for ['Bodybuilding', 'Muscle & Sculpting']",70,1,4,7,Decline Sit Up (Weighted),2,15
"1.0 weeks for ['Bodybuilding', 'Muscle & Sculpting']",70,1,4,7,Leg Extension,2,15
"1.0 weeks for ['Bodybuilding', 'Muscle & Sculpting']",70,1,4,7,Lying Leg Curl,1,15
"1.0 weeks for ['Bodybuilding', 'Muscle & Sculpting']",70,1,4,7,Plank (Weighted),1,15
"1.0 weeks for ['Bodybuilding', 'Muscle & Sculpting']",70,1,5,9,Pull-Up (Bodyweight),3,15
"1.0 weeks for ['Bodybuilding', 'Muscle & Sculpting']",70,1,5,9,Dip (Weighted),2,1800
"1.0 weeks for ['Bodybuilding', 'Muscle & Sculpting']",70,1,5,9,Ab Wheel,1,1800
"1.0 weeks for ['Bodybuilding', 'Muscle & Sculpting']",70,1,5,9,Weighted Hanging Oblique Knee Raise,1,15
"1.0 weeks for ['Bodybuilding', 'Muscle & Sculpting']",70,1,5,9,Hanging Oblique Knee Raise,1,15
"1.0 weeks for ['Bodybuilding', 'Muscle & Sculpting']",70,1,5,9,Pike Pushup (Feet Elevated),2,15
"1.0 weeks for ['Bodybuilding', 'Muscle & Sculpting']",70,1,5,9,Chest Supported Row (Machine),2,15
"1.0 weeks for ['Bodybuilding', 'Muscle & Sculpting']",70,1,5,9,Incline Bench Press (Dumbbell),1,1800
"1.0 weeks for ['Bodybuilding', 'Muscle & Sculpting']",70,1,5,9,Dumbbell Bench Pullover,1,15
"1.0 weeks for ['Bodybuilding', 'Muscle & Sculpting']",70,1,6,6,Overhead Tricep Extension (Cable),2,15
"1.0 weeks for ['Bodybuilding', 'Muscle & Sculpting']",70,1,6,6,Incline DB Curl 45 Degrees,2,15
"1.0 weeks for ['Bodybuilding', 'Muscle & Sculpting']",70,1,6,6,Tricep Pushdown (Cable),2,10
"1.0 weeks for ['Bodybuilding', 'Muscle & Sculpting']",70,1,6,6,Preacher Hammer Curl,2,10
"1.0 weeks for ['Bodybuilding', 'Muscle & Sculpting']",70,1,6,6,Band Wrist Flexion,2,10
"1.0 weeks for ['Bodybuilding', 'Muscle & Sculpting']",70,1,6,6,Farmer's Walk (Weighted),1,1800
"6.0 weeks for ['Bodybuilding', 'Powerbuilding', 'Muscle & Sculpting']",90,1,1,6,Squat (Barbell),1,84
"6.0 weeks for ['Bodybuilding', 'Powerbuilding', 'Muscle & Sculpting']",90,1,1,6,Stationary Lunges,2,10
"6.0 weeks for ['Bodybuilding', 'Powerbuilding', 'Muscle & Sculpting']",90,1,1,6,Kettlebell Swings,3,5
"6.0 weeks for ['Bodybuilding', 'Powerbuilding', 'Muscle & Sculpting']",90,1,1,6,Sumo Squat,2,8
"6.0 weeks for ['Bodybuilding', 'Powerbuilding', 'Muscle & Sculpting']",90,1,1,6,Glute Kickback,3,8
"6.0 weeks for ['Bodybuilding', 'Powerbuilding', 'Muscle & Sculpting']",90,1,1,6,Standing Calf Raise,2,10
"6.0 weeks for ['Bodybuilding', 'Powerbuilding', 'Muscle & Sculpting']",90,1,2,6,Bench Press (Barbell),1,1
"6.0 weeks for ['Bodybuilding', 'Powerbuilding', 'Muscle & Sculpting']",90,1,2,6,Pec Deck (Machine),2,12
"6.0 weeks for ['Bodybuilding', 'Powerbuilding', 'Muscle & Sculpting']",90,1,2,6,Shoulder Press (Machine),3,15
"6.0 weeks for ['Bodybuilding', 'Powerbuilding', 'Muscle & Sculpting']",90,1,2,6,Dumbell Lateral Raise,3,10
"6.0 weeks for ['Bodybuilding', 'Powerbuilding', 'Muscle & Sculpting']",90,1,2,6,Skull Crusher (Dumbbell),2,5
"6.0 weeks for ['Bodybuilding', 'Powerbuilding', 'Muscle & Sculpting']",90,1,2,6,Tricep Pushdown (Cable),3,10
"6.0 weeks for ['Bodybuilding', 'Powerbuilding', 'Muscle & Sculpting']",90,1,3,7,Sit Up,2,10
"6.0 weeks for ['Bodybuilding', 'Powerbuilding', 'Muscle & Sculpting']",90,1,3,7,Rope Crunches,3,10
"6.0 weeks for ['Bodybuilding', 'Powerbuilding', 'Muscle & Sculpting']",90,1,3,7,Spiderman Crunches,3,12
"6.0 weeks for ['Bodybuilding', 'Powerbuilding', 'Muscle & Sculpting']",90,1,3,7,Hanging Leg Raise,3,10
"6.0 weeks for ['Bodybuilding', 'Powerbuilding', 'Muscle & Sculpting']",90,1,3,7,Wood Chop,3,10
"6.0 weeks for ['Bodybuilding', 'Powerbuilding', 'Muscle & Sculpting']",90,1,3,7,Jump Rope,1,4
"6.0 weeks for ['Bodybuilding', 'Powerbuilding', 'Muscle & Sculpting']",90,1,3,7,Cardio (Zone 2),1,10
"6.0 weeks for ['Bodybuilding', 'Powerbuilding', 'Muscle & Sculpting']",90,1,4,6,Leg Press (45 Degrees),1,5
"6.0 weeks for ['Bodybuilding', 'Powerbuilding', 'Muscle & Sculpting']",90,1,4,6,Bulgarian Split Squat (Dumbbell),2,8
"6.0 weeks for ['Bodybuilding', 'Powerbuilding', 'Muscle & Sculpting']",90,1,4,6,Hip Thrust (Barbell),3,10
"6.0 weeks for ['Bodybuilding', 'Powerbuilding', 'Muscle & Sculpting']",90,1,4,6,Leg Extension,3,8
"6.0 weeks for ['Bodybuilding', 'Powerbuilding', 'Muscle & Sculpting']",90,1,4,6,Lying Leg Curl,3,15
"6.0 weeks for ['Bodybuilding', 'Powerbuilding', 'Muscle & Sculpting']",90,1,4,6,Romanian Deadlift (Barbell),3,20
"6.0 weeks for ['Bodybuilding', 'Powerbuilding', 'Muscle & Sculpting']",90,1,5,6,Lat Pulldown,1,96
"6.0 weeks for ['Bodybuilding', 'Powerbuilding', 'Muscle & Sculpting']",90,1,5,6,Seated Row (Machine),3,10
"6.0 weeks for ['Bodybuilding', 'Powerbuilding', 'Muscle & Sculpting']",90,1,5,6,Single Arm Row (Dumbbell),3,5
"6.0 weeks for ['Bodybuilding', 'Powerbuilding', 'Muscle & Sculpting']",90,1,5,6,Bicep Curl (Dumbbell),3,8
"6.0 weeks for ['Bodybuilding', 'Powerbuilding', 'Muscle & Sculpting']",90,1,5,6,Incline Dumbell Press,3,8
"6.0 weeks for ['Bodybuilding', 'Powerbuilding', 'Muscle & Sculpting']",90,1,5,6,Static Hold,1,10
"6.0 weeks for ['Bodybuilding', 'Powerbuilding', 'Muscle & Sculpting']",90,1,6,6,Deadlift (Barbell),1,1
"6.0 weeks for ['Bodybuilding', 'Powerbuilding', 'Muscle & Sculpting']",90,1,6,6,Hyperextension,2,12
"6.0 weeks for ['Bodybuilding', 'Powerbuilding', 'Muscle & Sculpting']",90,1,6,6,Front Squat (Barbell),3,15
"6.0 weeks for ['Bodybuilding', 'Powerbuilding', 'Muscle & Sculpting']",90,1,6,6,Hip Abductor (Machine),3,10
"6.0 weeks for ['Bodybuilding', 'Powerbuilding', 'Muscle & Sculpting']",90,1,6,6,Hip Adductor (Machine),3,5
"6.0 weeks for ['Bodybuilding', 'Powerbuilding', 'Muscle & Sculpting']",90,1,6,6,Glute Bridge (Dumbbell),1,10
"6.0 weeks for ['Bodybuilding', 'Powerbuilding', 'Muscle & Sculpting']",90,2,1,6,Squat (Barbell),1,10
"6.0 weeks for ['Bodybuilding', 'Powerbuilding', 'Muscle & Sculpting']",90,2,1,6,Stationary Lunges,2,10
"6.0 weeks for ['Bodybuilding', 'Powerbuilding', 'Muscle & Sculpting']",90,2,1,6,Kettlebell Swings,3,12
"6.0 weeks for ['Bodybuilding', 'Powerbuilding', 'Muscle & Sculpting']",90,2,1,6,Sumo Squat,2,10
"6.0 weeks for ['Bodybuilding', 'Powerbuilding', 'Muscle & Sculpting']",90,2,1,6,Glute Kickback,3,10
"6.0 weeks for ['Bodybuilding', 'Powerbuilding', 'Muscle & Sculpting']",90,2,1,6,Standing Calf Raise,2,4
"6.0 weeks for ['Bodybuilding', 'Powerbuilding', 'Muscle & Sculpting']",90,2,2,6,Bench Press (Barbell),1,10
"6.0 weeks for ['Bodybuilding', 'Powerbuilding', 'Muscle & Sculpting']",90,2,2,6,Pec Deck (Machine),2,5
"6.0 weeks for ['Bodybuilding', 'Powerbuilding', 'Muscle & Sculpting']",90,2,2,6,Shoulder Press (Machine),3,8
"6.0 weeks for ['Bodybuilding', 'Powerbuilding', 'Muscle & Sculpting']",90,2,2,6,Dumbell Lateral Raise,3,10
"6.0 weeks for ['Bodybuilding', 'Powerbuilding', 'Muscle & Sculpting']",90,2,2,6,Skull Crusher (Dumbbell),2,8
"6.0 weeks for ['Bodybuilding', 'Powerbuilding', 'Muscle & Sculpting']",90,2,2,6,Tricep Pushdown (Cable),3,15
"6.0 weeks for ['Bodybuilding', 'Powerbuilding', 'Muscle & Sculpting']",90,2,3,7,Sit Up,2,20
"6.0 weeks for ['Bodybuilding', 'Powerbuilding', 'Muscle & Sculpting']",90,2,3,7,Rope Crunches,3,96
"6.0 weeks for ['Bodybuilding', 'Powerbuilding', 'Muscle & Sculpting']",90,2,3,7,Spiderman Crunches,3,10
"6.0 weeks for ['Bodybuilding', 'Powerbuilding', 'Muscle & Sculpting']",90,2,3,7,Hanging Leg Raise,3,5
"6.0 weeks for ['Bodybuilding', 'Powerbuilding', 'Muscle & Sculpting']",90,2,3,7,Wood Chop,3,8
"6.0 weeks for ['Bodybuilding', 'Powerbuilding', 'Muscle & Sculpting']",90,2,3,7,Jump Rope,1,8
"6.0 weeks for ['Bodybuilding', 'Powerbuilding', 'Muscle & Sculpting']",90,2,3,7,Cardio (Zone 2),1,10
"6.0 weeks for ['Bodybuilding', 'Powerbuilding', 'Muscle & Sculpting']",90,2,4,6,Leg Press (45 Degrees),1,1
"6.0 weeks for ['Bodybuilding', 'Powerbuilding', 'Muscle & Sculpting']",90,2,4,6,Bulgarian Split Squat (Dumbbell),2,12
"6.0 weeks for ['Bodybuilding', 'Powerbuilding', 'Muscle & Sculpting']",90,2,4,6,Hip Thrust (Barbell),3,15
"6.0 weeks for ['Bodybuilding', 'Powerbuilding', 'Muscle & Sculpting']",90,2,4,6,Leg Extension,3,10
"6.0 weeks for ['Bodybuilding', 'Powerbuilding', 'Muscle & Sculpting']",90,2,4,6,Lying Leg Curl,3,5
"6.0 weeks for ['Bodybuilding', 'Powerbuilding', 'Muscle & Sculpting']",90,2,4,6,Romanian Deadlift (Barbell),3,10
"6.0 weeks for ['Bodybuilding', 'Powerbuilding', 'Muscle & Sculpting']",90,2,5,6,Lat Pulldown,1,10
"6.0 weeks for ['Bodybuilding', 'Powerbuilding', 'Muscle & Sculpting']",90,2,5,6,Seated Row (Machine),3,10
"6.0 weeks for ['Bodybuilding', 'Powerbuilding', 'Muscle & Sculpting']",90,2,5,6,Single Arm Row (Dumbbell),3,12
"6.0 weeks for ['Bodybuilding', 'Powerbuilding', 'Muscle & Sculpting']",90,2,5,6,Bicep Curl (Dumbbell),3,10
"6.0 weeks for ['Bodybuilding', 'Powerbuilding', 'Muscle & Sculpting']",90,2,5,6,Incline Dumbell Press,3,10
"6.0 weeks for ['Bodybuilding', 'Powerbuilding', 'Muscle & Sculpting']",90,2,5,6,Static Hold,1,4
"6.0 weeks for ['Bodybuilding', 'Powerbuilding', 'Muscle & Sculpting']",90,2,6,6,Deadlift (Barbell),1,10
"6.0 weeks for ['Bodybuilding', 'Powerbuilding', 'Muscle & Sculpting']",90,2,6,6,Hyperextension,2,5
"6.0 weeks for ['Bodybuilding', 'Powerbuilding', 'Muscle & Sculpting']",90,2,6,6,Front Squat (Barbell),3,8
"6.0 weeks for ['Bodybuilding', 'Powerbuilding', 'Muscle & Sculpting']",90,2,6,6,Hip Abductor (Machine),3,10
"6.0 weeks for ['Bodybuilding', 'Powerbuilding', 'Muscle & Sculpting']",90,2,6,6,Hip Adductor (Machine),3,8
"6.0 weeks for ['Bodybuilding', 'Powerbuilding', 'Muscle & Sculpting']",90,2,6,6,Glute Bridge (Dumbbell),1,15
"6.0 weeks for ['Bodybuilding', 'Powerbuilding', 'Muscle & Sculpting']",90,3,1,6,Squat (Barbell),1,20
"6.0 weeks for ['Bodybuilding', 'Powerbuilding', 'Muscle & Sculpting']",90,3,1,6,Stationary Lunges,2,108
"6.0 weeks for ['Bodybuilding', 'Powerbuilding', 'Muscle & Sculpting']",90,3,1,6,Kettlebell Swings,3,10
"6.0 weeks for ['Bodybuilding', 'Powerbuilding', 'Muscle & Sculpting']",90,3,1,6,Sumo Squat,2,5
"6.0 weeks for ['Bodybuilding', 'Powerbuilding', 'Muscle & Sculpting']",90,3,1,6,Glute Kickback,3,8
"6.0 weeks for ['Bodybuilding', 'Powerbuilding', 'Muscle & Sculpting']",90,3,1,6,Standing Calf Raise,2,8
"6.0 weeks for ['Bodybuilding', 'Powerbuilding', 'Muscle & Sculpting']",90,3,2,6,Bench Press (Barbell),1,10
"6.0 weeks for ['Bodybuilding', 'Powerbuilding', 'Muscle & Sculpting']",90,3,2,6,Pec Deck (Machine),2,1
"6.0 weeks for ['Bodybuilding', 'Powerbuilding', 'Muscle & Sculpting']",90,3,2,6,Shoulder Press (Machine),3,12
"6.0 weeks for ['Bodybuilding', 'Powerbuilding', 'Muscle & Sculpting']",90,3,2,6,Dumbell Lateral Raise,3,15
"6.0 weeks for ['Bodybuilding', 'Powerbuilding', 'Muscle & Sculpting']",90,3,2,6,Skull Crusher (Dumbbell),2,10
"6.0 weeks for ['Bodybuilding', 'Powerbuilding', 'Muscle & Sculpting']",90,3,2,6,Tricep Pushdown (Cable),3,5
"6.0 weeks for ['Bodybuilding', 'Powerbuilding', 'Muscle & Sculpting']",90,3,3,7,Sit Up,2,10
"6.0 weeks for ['Bodybuilding', 'Powerbuilding', 'Muscle & Sculpting']",90,3,3,7,Rope Crunches,3,10
"6.0 weeks for ['Bodybuilding', 'Powerbuilding', 'Muscle & Sculpting']",90,3,3,7,Spiderman Crunches,3,10
"6.0 weeks for ['Bodybuilding', 'Powerbuilding', 'Muscle & Sculpting']",90,3,3,7,Hanging Leg Raise,3,12
"6.0 weeks for ['Bodybuilding', 'Powerbuilding', 'Muscle & Sculpting']",90,3,3,7,Wood Chop,3,10
"6.0 weeks for ['Bodybuilding', 'Powerbuilding', 'Muscle & Sculpting']",90,3,3,7,Jump Rope,1,10
"6.0 weeks for ['Bodybuilding', 'Powerbuilding', 'Muscle & Sculpting']",90,3,3,7,Cardio (Zone 2),1,4
"6.0 weeks for ['Bodybuilding', 'Powerbuilding', 'Muscle & Sculpting']",90,3,4,6,Leg Press (45 Degrees),1,10
"6.0 weeks for ['Bodybuilding', 'Powerbuilding', 'Muscle & Sculpting']",90,3,4,6,Bulgarian Split Squat (Dumbbell),2,5
"6.0 weeks for ['Bodybuilding', 'Powerbuilding', 'Muscle & Sculpting']",90,3,4,6,Hip Thrust (Barbell),3,8
"6.0 weeks for ['Bodybuilding', 'Powerbuilding', 'Muscle & Sculpting']",90,3,4,6,Leg Extension,3,10
"6.0 weeks for ['Bodybuilding', 'Powerbuilding', 'Muscle & Sculpting']",90,3,4,6,Lying Leg Curl,3,8
"6.0 weeks for ['Bodybuilding', 'Powerbuilding', 'Muscle & Sculpting']",90,3,4,6,Romanian Deadlift (Barbell),3,15
"6.0 weeks for ['Bodybuilding', 'Powerbuilding', 'Muscle & Sculpting']",90,3,5,6,Lat Pulldown,1,20
"6.0 weeks for ['Bodybuilding', 'Powerbuilding', 'Muscle & Sculpting']",90,3,5,6,Seated Row (Machine),3,108
"6.0 weeks for ['Bodybuilding', 'Powerbuilding', 'Muscle & Sculpting']",90,3,5,6,Single Arm Row (Dumbbell),3,10
"6.0 weeks for ['Bodybuilding', 'Powerbuilding', 'Muscle & Sculpting']",90,3,5,6,Bicep Curl (Dumbbell),3,5
"6.0 weeks for ['Bodybuilding', 'Powerbuilding', 'Muscle & Sculpting']",90,3,5,6,Incline Dumbell Press,3,8
"6.0 weeks for ['Bodybuilding', 'Powerbuilding', 'Muscle & Sculpting']",90,3,5,6,Static Hold,1,8
"6.0 weeks for ['Bodybuilding', 'Powerbuilding', 'Muscle & Sculpting']",90,3,6,6,Deadlift (Barbell),1,10
"6.0 weeks for ['Bodybuilding', 'Powerbuilding', 'Muscle & Sculpting']",90,3,6,6,Hyperextension,2,1
"6.0 weeks for ['Bodybuilding', 'Powerbuilding', 'Muscle & Sculpting']",90,3,6,6,Front Squat (Barbell),3,12
"6.0 weeks for ['Bodybuilding', 'Powerbuilding', 'Muscle & Sculpting']",90,3,6,6,Hip Abductor (Machine),3,15
"6.0 weeks for ['Bodybuilding', 'Powerbuilding', 'Muscle & Sculpting']",90,3,6,6,Hip Adductor (Machine),3,10
"6.0 weeks for ['Bodybuilding', 'Powerbuilding', 'Muscle & Sculpting']",90,3,6,6,Glute Bridge (Dumbbell),1,5
"6.0 weeks for ['Bodybuilding', 'Powerbuilding', 'Muscle & Sculpting']",90,4,1,6,Squat (Barbell),1,10
"6.0 weeks for ['Bodybuilding', 'Powerbuilding', 'Muscle & Sculpting']",90,4,1,6,Stationary Lunges,2,10
"6.0 weeks for ['Bodybuilding', 'Powerbuilding', 'Muscle & Sculpting']",90,4,1,6,Kettlebell Swings,3,10
"6.0 weeks for ['Bodybuilding', 'Powerbuilding', 'Muscle & Sculpting']",90,4,1,6,Sumo Squat,2,12
"6.0 weeks for ['Bodybuilding', 'Powerbuilding', 'Muscle & Sculpting']",90,4,1,6,Glute Kickback,3,10
"6.0 weeks for ['Bodybuilding', 'Powerbuilding', 'Muscle & Sculpting']",90,4,1,6,Standing Calf Raise,2,10
"6.0 weeks for ['Bodybuilding', 'Powerbuilding', 'Muscle & Sculpting']",90,4,2,6,Bench Press (Barbell),1,4
"6.0 weeks for ['Bodybuilding', 'Powerbuilding', 'Muscle & Sculpting']",90,4,2,6,Pec Deck (Machine),2,10
"6.0 weeks for ['Bodybuilding', 'Powerbuilding', 'Muscle & Sculpting']",90,4,2,6,Shoulder Press (Machine),3,5
"6.0 weeks for ['Bodybuilding', 'Powerbuilding', 'Muscle & Sculpting']",90,4,2,6,Dumbell Lateral Raise,3,8
"6.0 weeks for ['Bodybuilding', 'Powerbuilding', 'Muscle & Sculpting']",90,4,2,6,Skull Crusher (Dumbbell),2,10
"6.0 weeks for ['Bodybuilding', 'Powerbuilding', 'Muscle & Sculpting']",90,4,2,6,Tricep Pushdown (Cable),3,8
"6.0 weeks for ['Bodybuilding', 'Powerbuilding', 'Muscle & Sculpting']",90,4,3,7,Sit Up,2,15
"6.0 weeks for ['Bodybuilding', 'Powerbuilding', 'Muscle & Sculpting']",90,4,3,7,Rope Crunches,3,20
"6.0 weeks for ['Bodybuilding', 'Powerbuilding', 'Muscle & Sculpting']",90,4,3,7,Spiderman Crunches,3,120
"6.0 weeks for ['Bodybuilding', 'Powerbuilding', 'Muscle & Sculpting']",90,4,3,7,Hanging Leg Raise,3,10
"6.0 weeks for ['Bodybuilding', 'Powerbuilding', 'Muscle & Sculpting']",90,4,3,7,Wood Chop,3,5
"6.0 weeks for ['Bodybuilding', 'Powerbuilding', 'Muscle & Sculpting']",90,4,3,7,Jump Rope,1,8
"6.0 weeks for ['Bodybuilding', 'Powerbuilding', 'Muscle & Sculpting']",90,4,3,7,Cardio (Zone 2),1,8
"6.0 weeks for ['Bodybuilding', 'Powerbuilding', 'Muscle & Sculpting']",90,4,4,6,Leg Press (45 Degrees),1,10
"6.0 weeks for ['Bodybuilding', 'Powerbuilding', 'Muscle & Sculpting']",90,4,4,6,Bulgarian Split Squat (Dumbbell),2,1
"6.0 weeks for ['Bodybuilding', 'Powerbuilding', 'Muscle & Sculpting']",90,4,4,6,Hip Thrust (Barbell),3,12
"6.0 weeks for ['Bodybuilding', 'Powerbuilding', 'Muscle & Sculpting']",90,4,4,6,Leg Extension,3,15
"6.0 weeks for ['Bodybuilding', 'Powerbuilding', 'Muscle & Sculpting']",90,4,4,6,Lying Leg Curl,3,10
"6.0 weeks for ['Bodybuilding', 'Powerbuilding', 'Muscle & Sculpting']",90,4,4,6,Romanian Deadlift (Barbell),3,5
"6.0 weeks for ['Bodybuilding', 'Powerbuilding', 'Muscle & Sculpting']",90,4,5,6,Lat Pulldown,1,10
"6.0 weeks for ['Bodybuilding', 'Powerbuilding', 'Muscle & Sculpting']",90,4,5,6,Seated Row (Machine),3,10
"6.0 weeks for ['Bodybuilding', 'Powerbuilding', 'Muscle & Sculpting']",90,4,5,6,Single Arm Row (Dumbbell),3,10
"6.0 weeks for ['Bodybuilding', 'Powerbuilding', 'Muscle & Sculpting']",90,4,5,6,Bicep Curl (Dumbbell),3,12
"6.0 weeks for ['Bodybuilding', 'Powerbuilding', 'Muscle & Sculpting']",90,4,5,6,Incline Dumbell Press,3,10
"6.0 weeks for ['Bodybuilding', 'Powerbuilding', 'Muscle & Sculpting']",90,4,5,6,Static Hold,1,10
"6.0 weeks for ['Bodybuilding', 'Powerbuilding', 'Muscle & Sculpting']",90,4,6,6,Deadlift (Barbell),1,4
"6.0 weeks for ['Bodybuilding', 'Powerbuilding', 'Muscle & Sculpting']",90,4,6,6,Hyperextension,2,10
"6.0 weeks for ['Bodybuilding', 'Powerbuilding', 'Muscle & Sculpting']",90,4,6,6,Front Squat (Barbell),3,5
"6.0 weeks for ['Bodybuilding', 'Powerbuilding', 'Muscle & Sculpting']",90,4,6,6,Hip Abductor (Machine),3,8
"6.0 weeks for ['Bodybuilding', 'Powerbuilding', 'Muscle & Sculpting']",90,4,6,6,Hip Adductor (Machine),3,10
"6.0 weeks for ['Bodybuilding', 'Powerbuilding', 'Muscle & Sculpting']",90,4,6,6,Glute Bridge (Dumbbell),1,8
"6.0 weeks for ['Bodybuilding', 'Powerbuilding', 'Muscle & Sculpting']",90,5,1,6,Squat (Barbell),1,15
"6.0 weeks for ['Bodybuilding', 'Powerbuilding', 'Muscle & Sculpting']",90,5,1,6,Stationary Lunges,2,20
"6.0 weeks for ['Bodybuilding', 'Powerbuilding', 'Muscle & Sculpting']",90,5,1,6,Kettlebell Swings,3,120
"6.0 weeks for ['Bodybuilding', 'Powerbuilding', 'Muscle & Sculpting']",90,5,1,6,Sumo Squat,2,10
"6.0 weeks for ['Bodybuilding', 'Powerbuilding', 'Muscle & Sculpting']",90,5,1,6,Glute Kickback,3,5
"6.0 weeks for ['Bodybuilding', 'Powerbuilding', 'Muscle & Sculpting']",90,5,1,6,Standing Calf Raise,2,8
"6.0 weeks for ['Bodybuilding', 'Powerbuilding', 'Muscle & Sculpting']",90,5,2,6,Bench Press (Barbell),1,8
"6.0 weeks for ['Bodybuilding', 'Powerbuilding', 'Muscle & Sculpting']",90,5,2,6,Pec Deck (Machine),2,10
"6.0 weeks for ['Bodybuilding', 'Powerbuilding', 'Muscle & Sculpting']",90,5,2,6,Shoulder Press (Machine),3,1
"6.0 weeks for ['Bodybuilding', 'Powerbuilding', 'Muscle & Sculpting']",90,5,2,6,Dumbell Lateral Raise,3,12
"6.0 weeks for ['Bodybuilding', 'Powerbuilding', 'Muscle & Sculpting']",90,5,2,6,Skull Crusher (Dumbbell),2,15
"6.0 weeks for ['Bodybuilding', 'Powerbuilding', 'Muscle & Sculpting']",90,5,2,6,Tricep Pushdown (Cable),3,18
"6.0 weeks for ['Bodybuilding', 'Powerbuilding', 'Muscle & Sculpting']",90,5,3,7,Sit Up,2,12
"6.0 weeks for ['Bodybuilding', 'Powerbuilding', 'Muscle & Sculpting']",90,5,3,7,Rope Crunches,3,10
"6.0 weeks for ['Bodybuilding', 'Powerbuilding', 'Muscle & Sculpting']",90,5,3,7,Spiderman Crunches,3,10
"6.0 weeks for ['Bodybuilding', 'Powerbuilding', 'Muscle & Sculpting']",90,5,3,7,Hanging Leg Raise,3,25
"6.0 weeks for ['Bodybuilding', 'Powerbuilding', 'Muscle & Sculpting']",90,5,3,7,Wood Chop,3,25
"6.0 weeks for ['Bodybuilding', 'Powerbuilding', 'Muscle & Sculpting']",90,5,3,7,Jump Rope,1,25
"6.0 weeks for ['Bodybuilding', 'Powerbuilding', 'Muscle & Sculpting']",90,5,3,7,Cardio (Zone 2),1,25
"6.0 weeks for ['Bodybuilding', 'Powerbuilding', 'Muscle & Sculpting']",90,5,4,6,Leg Press (45 Degrees),1,11
"6.0 weeks for ['Bodybuilding', 'Powerbuilding', 'Muscle & Sculpting']",90,5,4,6,Bulgarian Split Squat (Dumbbell),2,900
"6.0 weeks for ['Bodybuilding', 'Powerbuilding', 'Muscle & Sculpting']",90,5,4,6,Hip Thrust (Barbell),3,18
"6.0 weeks for ['Bodybuilding', 'Powerbuilding', 'Muscle & Sculpting']",90,5,4,6,Leg Extension,3,12
"6.0 weeks for ['Bodybuilding', 'Powerbuilding', 'Muscle & Sculpting']",90,5,4,6,Lying Leg Curl,3,10
"6.0 weeks for ['Bodybuilding', 'Powerbuilding', 'Muscle & Sculpting']",90,5,4,6,Romanian Deadlift (Barbell),3,10
"6.0 weeks for ['Bodybuilding', 'Powerbuilding', 'Muscle & Sculpting']",90,5,5,6,Lat Pulldown,1,25
"6.0 weeks for ['Bodybuilding', 'Powerbuilding', 'Muscle & Sculpting']",90,5,5,6,Seated Row (Machine),3,25
"6.0 weeks for ['Bodybuilding', 'Powerbuilding', 'Muscle & Sculpting']",90,5,5,6,Single Arm Row (Dumbbell),3,25
"6.0 weeks for ['Bodybuilding', 'Powerbuilding', 'Muscle & Sculpting']",90,5,5,6,Bicep Curl (Dumbbell),3,25
"6.0 weeks for ['Bodybuilding', 'Powerbuilding', 'Muscle & Sculpting']",90,5,5,6,Incline Dumbell Press,3,11
"6.0 weeks for ['Bodybuilding', 'Powerbuilding', 'Muscle & Sculpting']",90,5,5,6,Static Hold,1,900
"6.0 weeks for ['Bodybuilding', 'Powerbuilding', 'Muscle & Sculpting']",90,5,6,6,Deadlift (Barbell),1,900
"6.0 weeks for ['Bodybuilding', 'Powerbuilding', 'Muscle & Sculpting']",90,5,6,6,Hyperextension,2,18
"6.0 weeks for ['Bodybuilding', 'Powerbuilding', 'Muscle & Sculpting']",90,5,6,6,Front Squat (Barbell),3,12
"6.0 weeks for ['Bodybuilding', 'Powerbuilding', 'Muscle & Sculpting']",90,5,6,6,Hip Abductor (Machine),3,10
"6.0 weeks for ['Bodybuilding', 'Powerbuilding', 'Muscle & Sculpting']",90,5,6,6,Hip Adductor (Machine),3,10
"6.0 weeks for ['Bodybuilding', 'Powerbuilding', 'Muscle & Sculpting']",90,5,6,6,Glute Bridge (Dumbbell),1,25
"6.0 weeks for ['Bodybuilding', 'Powerbuilding', 'Muscle & Sculpting']",90,6,1,6,Squat (Barbell),1,25
"6.0 weeks for ['Bodybuilding', 'Powerbuilding', 'Muscle & Sculpting']",90,6,1,6,Stationary Lunges,2,25
"6.0 weeks for ['Bodybuilding', 'Powerbuilding', 'Muscle & Sculpting']",90,6,1,6,Kettlebell Swings,3,25
"6.0 weeks for ['Bodybuilding', 'Powerbuilding', 'Muscle & Sculpting']",90,6,1,6,Sumo Squat,2,11
"6.0 weeks for ['Bodybuilding', 'Powerbuilding', 'Muscle & Sculpting']",90,6,1,6,Glute Kickback,3,900
"6.0 weeks for ['Bodybuilding', 'Powerbuilding', 'Muscle & Sculpting']",90,6,1,6,Standing Calf Raise,2,18
"6.0 weeks for ['Bodybuilding', 'Powerbuilding', 'Muscle & Sculpting']",90,6,2,6,Bench Press (Barbell),1,12
"6.0 weeks for ['Bodybuilding', 'Powerbuilding', 'Muscle & Sculpting']",90,6,2,6,Pec Deck (Machine),2,10
"6.0 weeks for ['Bodybuilding', 'Powerbuilding', 'Muscle & Sculpting']",90,6,2,6,Shoulder Press (Machine),3,10
"6.0 weeks for ['Bodybuilding', 'Powerbuilding', 'Muscle & Sculpting']",90,6,2,6,Dumbell Lateral Raise,3,25
"6.0 weeks for ['Bodybuilding', 'Powerbuilding', 'Muscle & Sculpting']",90,6,2,6,Skull Crusher (Dumbbell),2,25
"6.0 weeks for ['Bodybuilding', 'Powerbuilding', 'Muscle & Sculpting']",90,6,2,6,Tricep Pushdown (Cable),3,25
"6.0 weeks for ['Bodybuilding', 'Powerbuilding', 'Muscle & Sculpting']",90,6,3,7,Sit Up,2,25
"6.0 weeks for ['Bodybuilding', 'Powerbuilding', 'Muscle & Sculpting']",90,6,3,7,Rope Crunches,3,11
"6.0 weeks for ['Bodybuilding', 'Powerbuilding', 'Muscle & Sculpting']",90,6,3,7,Spiderman Crunches,3,900
"6.0 weeks for ['Bodybuilding', 'Powerbuilding', 'Muscle & Sculpting']",90,6,3,7,Hanging Leg Raise,3,900
"6.0 weeks for ['Bodybuilding', 'Powerbuilding', 'Muscle & Sculpting']",90,6,3,7,Wood Chop,3,18
"6.0 weeks for ['Bodybuilding', 'Powerbuilding', 'Muscle & Sculpting']",90,6,3,7,Jump Rope,1,12
"6.0 weeks for ['Bodybuilding', 'Powerbuilding', 'Muscle & Sculpting']",90,6,3,7,Cardio (Zone 2),1,10
"6.0 weeks for ['Bodybuilding', 'Powerbuilding', 'Muscle & Sculpting']",90,6,4,6,Leg Press (45 Degrees),1,10
"6.0 weeks for ['Bodybuilding', 'Powerbuilding', 'Muscle & Sculpting']",90,6,4,6,Bulgarian Split Squat (Dumbbell),2,25
"6.0 weeks for ['Bodybuilding', 'Powerbuilding', 'Muscle & Sculpting']",90,6,4,6,Hip Thrust (Barbell),3,25
"6.0 weeks for ['Bodybuilding', 'Powerbuilding', 'Muscle & Sculpting']",90,6,4,6,Leg Extension,3,25
"6.0 weeks for ['Bodybuilding', 'Powerbuilding', 'Muscle & Sculpting']",90,6,4,6,Lying Leg Curl,3,25
"6.0 weeks for ['Bodybuilding', 'Powerbuilding', 'Muscle & Sculpting']",90,6,4,6,Romanian Deadlift (Barbell),3,11
"6.0 weeks for ['Bodybuilding', 'Powerbuilding', 'Muscle & Sculpting']",90,6,5,6,Lat Pulldown,1,900
"6.0 weeks for ['Bodybuilding', 'Powerbuilding', 'Muscle & Sculpting']",90,6,5,6,Seated Row (Machine),3,18
"6.0 weeks for ['Bodybuilding', 'Powerbuilding', 'Muscle & Sculpting']",90,6,5,6,Single Arm Row (Dumbbell),3,12
"6.0 weeks for ['Bodybuilding', 'Powerbuilding', 'Muscle & Sculpting']",90,6,5,6,Bicep Curl (Dumbbell),3,10
"6.0 weeks for ['Bodybuilding', 'Powerbuilding', 'Muscle & Sculpting']",90,6,5,6,Incline Dumbell Press,3,10
"6.0 weeks for ['Bodybuilding', 'Powerbuilding', 'Muscle & Sculpting']",90,6,5,6,Static Hold,1,25
"6.0 weeks for ['Bodybuilding', 'Powerbuilding', 'Muscle & Sculpting']",90,6,6,6,Deadlift (Barbell),1,25
"6.0 weeks for ['Bodybuilding', 'Powerbuilding', 'Muscle & Sculpting']",90,6,6,6,Hyperextension,2,25
"6.0 weeks for ['Bodybuilding', 'Powerbuilding', 'Muscle & Sculpting']",90,6,6,6,Front Squat (Barbell),3,25
"6.0 weeks for ['Bodybuilding', 'Powerbuilding', 'Muscle & Sculpting']",90,6,6,6,Hip Abductor (Machine),3,11
"6.0 weeks for ['Bodybuilding', 'Powerbuilding', 'Muscle & Sculpting']",90,6,6,6,Hip Adductor (Machine),3,900
"6.0 weeks for ['Bodybuilding', 'Powerbuilding', 'Muscle & Sculpting']",90,6,6,6,Glute Bridge (Dumbbell),1,900
"1.0 weeks for ['Bodybuilding', 'Muscle & Sculpting']",50,1,1,3,Deadlift (Barbell),3,14
"1.0 weeks for ['Bodybuilding', 'Muscle & Sculpting']",50,1,1,3,Squat (Paused),3,18
"1.0 weeks for ['Bodybuilding', 'Muscle & Sculpting']",50,1,1,3,Leg Curl,2,8
"1.0 weeks for ['Bodybuilding', 'Muscle & Sculpting']",50,1,2,4,Bench Press (Close Grip),2,12
"1.0 weeks for ['Bodybuilding', 'Muscle & Sculpting']",50,1,2,4,Overhead Press (Barbell),2,10
"1.0 weeks for ['Bodybuilding', 'Muscle & Sculpting']",50,1,2,4,Lat Pulldown,1,10
"1.0 weeks for ['Bodybuilding', 'Muscle & Sculpting']",50,1,2,4,Lateral Raise (Dumbbell),3,14
"1.0 weeks for ['Bodybuilding', 'Muscle & Sculpting']",50,1,3,3,Squat (Paused),3,8
"1.0 weeks for ['Bodybuilding', 'Muscle & Sculpting']",50,1,3,3,Romanian Deadlift (Barbell),2,18
"1.0 weeks for ['Bodybuilding', 'Muscle & Sculpting']",50,1,3,3,Leg Extension,3,8
"1.0 weeks for ['Bodybuilding', 'Muscle & Sculpting']",50,1,4,4,Bench Press (Wide Grip),2,12
"1.0 weeks for ['Bodybuilding', 'Muscle & Sculpting']",50,1,4,4,Overhead Press (Barbell),2,14
"1.0 weeks for ['Bodybuilding', 'Muscle & Sculpting']",50,1,4,4,Lat Pulldown,1,12
"1.0 weeks for ['Bodybuilding', 'Muscle & Sculpting']",50,1,4,4,Tricep Pushdown (Cable),3,12
